file_path,device_id,timestamp,state_num,PM10,PM2_5,PM1_0,NTC,CT1,CT2,CT3,CT4,thermal_max_temp,current_mean,current_max,current_std,current_instability,temp_gap,dust_mean,sensor_risk_score,reconstruction_error,sudden_anomaly_score,degradation_target,degradation_risk_score,final_risk_score,final_status,main_cause
/content/dacon_01/agv01_0901_0812/agv01_0901_081240.json,agv01,2024-09-01 08:12:40,0,50.0,32.0,22.0,29.0,1.75,74.58,48.99,18.99,44.38,36.0775,74.58,32.24662811830099,0.001021064199209,15.380000000000004,34.666666666666664,11.982889401000623,0.015386417837074895,0.5867394833907229,10.0,10.1033935546875,10.18545599085053,Normal,Sensor Risk
/content/dacon_01/agv01_0901_0812/agv01_0901_081241.json,agv01,2024-09-01 08:12:41,0,50.0,31.0,23.0,29.0,1.66,74.56,48.98,18.98,44.39,36.045,74.56,32.271049461294766,0.0006372760342076,15.39,34.666666666666664,11.978476487532921,0.015386417837074895,0.5867394833907229,10.0,10.1033935546875,10.181705014402983,Normal,Sensor Risk
/content/dacon_01/agv01_0901_0812/agv01_0901_081242.json,agv01,2024-09-01 08:12:42,0,50.0,32.0,23.0,29.0,1.67,74.67,48.95,18.99,44.44,36.07,74.67,32.30552481129711,0.0004718575191595,15.439999999999998,35.0,12.209321688136267,0.015386417837074895,0.5867394833907229,10.0,10.1033935546875,10.377923434915827,Normal,Sensor Risk
/content/dacon_01/agv01_0901_0812/agv01_0901_081243.json,agv01,2024-09-01 08:12:43,0,51.0,32.0,23.0,29.0,1.88,74.52,48.99,18.97,44.54,36.09,74.52,32.18018748650583,0.0005259382317251,15.54,35.333333333333336,12.430674352327383,0.015386417837074895,0.5867394833907229,10.0,10.1033935546875,10.566073199478275,Normal,Sensor Risk
/content/dacon_01/agv01_0901_0812/agv01_0901_081244.json,agv01,2024-09-01 08:12:44,0,51.0,33.0,23.0,29.0,1.61,74.54,49.01,18.95,44.6,36.0275,74.54,32.290159878823765,0.0007025470611812,15.6,35.666666666666664,12.65979759614868,0.015386417837074895,0.5867394833907229,10.0,10.1033935546875,10.760827956726377,Normal,Sensor Risk
/content/dacon_01/agv01_0901_0812/agv01_0901_081245.json,agv01,2024-09-01 08:12:45,0,50.0,33.0,23.0,29.0,1.72,74.69,48.95,18.98,44.66,36.085,74.69,32.29751538431401,0.0006801144534573,15.659999999999997,35.333333333333336,12.482644459626336,0.015386417837074895,0.5867394833907229,10.0,10.1033935546875,10.610247790682385,Normal,Sensor Risk
/content/dacon_01/agv01_0901_0812/agv01_0901_081246.json,agv01,2024-09-01 08:12:46,0,49.0,32.0,21.0,29.0,1.97,74.46,49.05,19.01,44.74,36.1225,74.46,32.125353824251235,0.0009397346384937,15.740000000000002,34.0,11.651576838679265,0.015386417837074895,0.5867394833907229,10.0,10.1033935546875,9.903840312877374,Normal,Sensor Risk
/content/dacon_01/agv01_0901_0812/agv01_0901_081247.json,agv01,2024-09-01 08:12:47,0,50.0,32.0,23.0,28.89,1.63,74.64,49.01,18.97,44.77,36.0625,74.64,32.319302153150936,0.0008773752557716,15.880000000000004,35.0,12.245602574598644,0.015386417837074895,0.5867394833907229,10.0,10.1033935546875,10.408762188408847,Normal,Sensor Risk
/content/dacon_01/agv01_0901_0812/agv01_0901_081248.json,agv01,2024-09-01 08:12:48,0,49.0,32.0,24.0,28.0,1.77,74.69,48.95,19.05,44.87,36.115,74.69,32.26742991521533,0.0009707077416423,16.869999999999997,35.0,11.822706679520254,0.015386417837074895,0.5867394833907229,10.0,10.1033935546875,10.049300677592216,Normal,Sensor Risk
/content/dacon_01/agv01_0901_0812/agv01_0901_081249.json,agv01,2024-09-01 08:12:49,0,50.0,33.0,24.0,28.38,1.98,74.5,49.05,18.98,44.93,36.1275,74.5,32.14305666340192,0.0010926430675051,16.55,35.666666666666664,12.433262073710738,0.015386417837074895,0.5867394833907229,10.0,10.1033935546875,10.568272762654127,Normal,Sensor Risk
/content/dacon_01/agv01_0901_0812/agv01_0901_081250.json,agv01,2024-09-01 08:12:50,0,50.0,32.0,23.0,29.0,1.61,74.63,48.98,18.98,44.98,36.05,74.63,32.31666133745873,0.0009091816075142,15.979999999999997,35.0,12.358904518021495,0.015386417837074895,0.5867394833907229,10.0,10.1033935546875,10.50506884031827,Normal,Sensor Risk
/content/dacon_01/agv01_0901_0812/agv01_0901_081251.json,agv01,2024-09-01 08:12:51,0,50.0,32.0,23.0,29.0,1.84,74.62,49.02,19.05,45.03,36.13250000000001,74.62,32.22402144880948,0.0009935867080791,16.03,35.0,12.372710567011339,0.015386417837074895,0.5867394833907229,10.0,10.1033935546875,10.516803981959638,Normal,Sensor Risk
/content/dacon_01/agv01_0901_0812/agv01_0901_081252.json,agv01,2024-09-01 08:12:52,0,49.0,32.0,24.0,29.0,1.86,74.53,49.05,18.96,45.06,36.1,74.53,32.20105898879725,0.0009530367284134,16.060000000000002,35.0,12.371336529371188,0.015386417837074895,0.5867394833907229,10.0,10.1033935546875,10.51563604996551,Normal,Sensor Risk
/content/dacon_01/agv01_0901_0812/agv01_0901_081253.json,agv01,2024-09-01 08:12:53,0,51.0,31.0,23.0,29.0,1.6,74.69,48.96,19.01,45.04,36.065,74.69,32.336155718741004,0.0009390838226861,16.04,35.0,12.381746792470496,0.015386417837074895,0.5867394833907229,10.0,10.1033935546875,10.524484773599921,Normal,Sensor Risk
/content/dacon_01/agv01_0901_0812/agv01_0901_081254.json,agv01,2024-09-01 08:12:54,0,49.0,32.0,22.0,28.78,1.92,74.54,49.01,19.03,45.08,36.125,74.54,32.16600949242331,0.0009724925031324,16.299999999999997,34.333333333333336,11.848557269214906,0.015386417837074895,0.5867394833907229,10.0,10.1033935546875,10.07127367883267,Normal,Sensor Risk
/content/dacon_01/agv01_0901_0812/agv01_0901_081255.json,agv01,2024-09-01 08:12:55,0,50.0,32.0,23.0,28.0,1.76,74.52,49.04,18.95,45.22,36.0675,74.52,32.23297418793369,0.0009487887873796,17.22,35.0,11.901098926950217,0.015386417837074895,0.5867394833907229,10.0,10.1033935546875,10.115934087907684,Normal,Sensor Risk
/content/dacon_01/agv01_0901_0812/agv01_0901_081256.json,agv01,2024-09-01 08:12:56,0,50.0,32.0,23.0,28.67,1.64,74.73,48.95,18.97,45.21,36.072500000000005,74.73,32.343597382892746,0.000829724574941,16.54,35.0,12.261536822225825,0.015386417837074895,0.5867394833907229,10.0,10.1033935546875,10.42230629889195,Normal,Sensor Risk
/content/dacon_01/agv01_0901_0812/agv01_0901_081257.json,agv01,2024-09-01 08:12:57,0,49.0,32.0,23.0,29.0,1.94,74.49,48.98,18.99,45.22,36.1,74.49,32.142102192192304,0.0006610783025826,16.22,34.666666666666664,12.198851235770181,0.015386417837074895,0.5867394833907229,10.0,10.1033935546875,10.369023550404654,Normal,Sensor Risk
/content/dacon_01/agv01_0901_0812/agv01_0901_081258.json,agv01,2024-09-01 08:12:58,0,50.0,31.0,23.0,29.0,1.66,74.6,49.04,18.96,45.29,36.065,74.6,32.298513381681616,0.0006844918747443,16.29,34.666666666666664,12.229364175749216,0.015386417837074895,0.5867394833907229,10.0,10.1033935546875,10.394959549386833,Normal,Sensor Risk
/content/dacon_01/agv01_0901_0812/agv01_0901_081259.json,agv01,2024-09-01 08:12:59,0,48.0,32.0,22.0,29.0,1.73,74.69,48.95,19.05,45.33,36.105,74.69,32.28162480421331,0.0006768447026323,16.33,34.0,11.832577866506258,0.015386417837074895,0.5867394833907229,10.0,10.1033935546875,10.057691186530318,Normal,Sensor Risk
/content/dacon_01/agv01_0901_0812/agv01_0901_081300.json,agv01,2024-09-01 08:13:00,0,49.0,31.0,23.0,29.0,1.94,74.47,49.03,18.98,45.34,36.105,74.47,32.142607755646296,0.0005378260768265,16.340000000000003,34.333333333333336,12.019690227923036,0.015386417837074895,0.5867394833907229,10.0,10.1033935546875,10.21673669373458,Normal,Sensor Risk
/content/dacon_01/agv01_0901_0812/agv01_0901_081301.json,agv01,2024-09-01 08:13:01,0,50.0,32.0,22.0,29.0,1.61,74.6,48.99,18.95,45.33,36.0375,74.6,32.31134514377264,0.0007573328972233,16.33,34.666666666666664,12.241283682088943,0.015386417837074895,0.5867394833907229,10.0,10.1033935546875,10.4050911297756,Normal,Sensor Risk
/content/dacon_01/agv01_0901_0812/agv01_0901_081302.json,agv01,2024-09-01 08:13:02,0,50.0,32.0,23.0,29.0,1.79,74.68,48.96,19.01,45.34,36.11,74.68,32.26473720126458,0.0008107662641065,16.340000000000003,35.0,12.461103200173477,0.015386417837074895,0.5867394833907229,10.0,10.1033935546875,10.591937720147456,Normal,Sensor Risk
/content/dacon_01/agv01_0901_0812/agv01_0901_081303.json,agv01,2024-09-01 08:13:03,0,50.0,32.0,23.0,29.0,1.92,74.43,49.05,18.98,45.36,36.095,74.43,32.136469936817896,0.0008004586240114,16.36,35.0,12.441329137105585,0.015386417837074895,0.5867394833907229,10.0,10.1033935546875,10.575129766539748,Normal,Sensor Risk
/content/dacon_01/agv01_0901_0812/agv01_0901_081304.json,agv01,2024-09-01 08:13:04,0,50.0,32.0,23.0,29.0,1.62,74.64,48.98,18.95,45.34,36.0475,74.64,32.32237550572874,0.0008912275793237,16.340000000000003,35.0,12.458163581930723,0.015386417837074895,0.5867394833907229,10.0,10.1033935546875,10.589439044641114,Normal,Sensor Risk
/content/dacon_01/agv01_0901_0812/agv01_0901_081305.json,agv01,2024-09-01 08:13:05,0,50.0,32.0,23.0,29.0,1.81,74.6,49.03,19.05,45.44,36.1225,74.6,32.2280389050694,0.0009745882077959,16.439999999999998,35.0,12.482622576668517,0.015386417837074895,0.5867394833907229,10.0,10.1033935546875,10.610229190168239,Normal,Sensor Risk
/content/dacon_01/agv01_0901_0812/agv01_0901_081306.json,agv01,2024-09-01 08:13:06,0,50.0,33.0,23.0,29.0,1.89,74.49,49.05,18.96,45.57,36.0975,74.49,32.174515147861975,0.0009559755195046,16.57,35.333333333333336,12.71522683274998,0.015386417837074895,0.5867394833907229,10.0,10.1033935546875,10.807942807837483,Normal,Sensor Risk
/content/dacon_01/agv01_0901_0812/agv01_0901_081307.json,agv01,2024-09-01 08:13:07,0,50.0,33.0,24.0,29.0,1.59,74.72,48.98,19.01,45.59,36.075,74.72,32.3543119228334,0.0007392646621802,16.590000000000003,35.666666666666664,12.94922893951897,0.015386417837074895,0.5867394833907229,10.0,10.1033935546875,11.006844598591124,Normal,Sensor Risk
/content/dacon_01/agv01_0901_0812/agv01_0901_081308.json,agv01,2024-09-01 08:13:08,0,51.0,33.0,23.0,29.0,1.88,74.53,48.99,19.03,45.59,36.1075,74.53,32.17354024142613,0.0007300203517464,16.590000000000003,35.666666666666664,12.93002307331744,0.015386417837074895,0.5867394833907229,10.0,10.1033935546875,10.990519612319824,Normal,Sensor Risk
/content/dacon_01/agv01_0901_0812/agv01_0901_081309.json,agv01,2024-09-01 08:13:09,0,49.0,31.0,23.0,29.0,1.76,74.54,49.05,18.95,45.6,36.075,74.54,32.242268840762435,0.0007474113728722,16.6,34.333333333333336,12.100662962748057,0.015386417837074895,0.5867394833907229,10.0,10.1033935546875,10.285563518335849,Normal,Sensor Risk
/content/dacon_01/agv01_0901_0812/agv01_0901_081310.json,agv01,2024-09-01 08:13:10,0,50.0,32.0,23.0,29.0,1.68,74.69,48.96,19.02,45.63,36.087500000000006,74.69,32.30598435274802,0.000521394952584,16.630000000000003,35.0,12.537575198645587,0.015386417837074895,0.5867394833907229,10.0,10.1033935546875,10.656938918848748,Normal,Sensor Risk
/content/dacon_01/agv01_0901_0812/agv01_0901_081311.json,agv01,2024-09-01 08:13:11,0,50.0,32.0,23.0,29.0,2.0,74.47,49.02,19.01,45.72,36.125,74.47,32.11468459547231,0.0005425805766264,16.72,35.0,12.540387742092454,0.015386417837074895,0.5867394833907229,10.0,10.1033935546875,10.659329580778586,Normal,Sensor Risk
/content/dacon_01/agv01_0901_0812/agv01_0901_081312.json,agv01,2024-09-01 08:13:12,0,50.0,32.0,23.0,29.0,1.66,74.54,49.03,18.95,45.77,36.045,74.54,32.27508068670524,0.0007747722500094,16.770000000000003,35.0,12.564207714349344,0.015386417837074895,0.5867394833907229,10.0,10.1033935546875,10.679576557196942,Normal,Sensor Risk
/content/dacon_01/agv01_0901_0812/agv01_0901_081313.json,agv01,2024-09-01 08:13:13,0,49.0,32.0,24.0,29.0,1.72,74.71,48.96,19.01,45.88,36.1,74.71,32.30151802418373,0.0007726153224493,16.880000000000003,35.0,12.611348000530844,0.015386417837074895,0.5867394833907229,10.0,10.1033935546875,10.719645800451218,Normal,Sensor Risk
/content/dacon_01/agv01_0901_0812/agv01_0901_081314.json,agv01,2024-09-01 08:13:14,0,48.0,33.0,24.0,29.0,1.55,74.5,49.05,18.95,45.87,36.0125,74.5,32.300964252892925,0.001114586900304,16.869999999999997,35.0,12.592101517777417,0.015386417837074895,0.5867394833907229,10.0,10.1033935546875,10.703286290110803,Normal,Sensor Risk
/content/dacon_01/agv01_0901_0812/agv01_0901_081315.json,agv01,2024-09-01 08:13:15,0,49.0,32.0,23.0,29.0,1.55,74.68,48.99,18.95,45.94,36.0425,74.68,32.36448812613398,0.0011703278115243,16.939999999999998,34.666666666666664,12.421744329587666,0.015386417837074895,0.5867394833907229,10.0,10.1033935546875,10.558482680149515,Normal,Sensor Risk
/content/dacon_01/agv01_0901_0812/agv01_0901_081316.json,agv01,2024-09-01 08:13:16,0,51.0,32.0,23.0,29.0,1.81,74.56,48.99,19.05,46.03,36.102500000000006,74.56,32.20678124763997,0.0012185078145182,17.03,35.333333333333336,12.851628273745694,0.015386417837074895,0.5867394833907229,10.0,10.1033935546875,10.92388403268384,Normal,Sensor Risk
/content/dacon_01/agv01_0901_0812/agv01_0901_081317.json,agv01,2024-09-01 08:13:17,0,52.0,32.0,24.0,29.0,1.84,74.51,49.03,18.95,46.02,36.0825,74.51,32.19928505935083,0.0010071031004741,17.020000000000003,36.0,13.257705927214992,0.015386417837074895,0.5867394833907229,10.0,10.1033935546875,11.269050038132743,Normal,Sensor Risk
/content/dacon_01/agv01_0901_0812/agv01_0901_081318.json,agv01,2024-09-01 08:13:18,0,50.0,32.0,24.0,29.0,1.61,74.73,48.97,18.99,46.0,36.075,74.73,32.35337952465966,0.0009759526612235,17.0,35.333333333333336,12.857245100454799,0.015386417837074895,0.5867394833907229,10.0,10.1033935546875,10.92865833538658,Normal,Sensor Risk
/content/dacon_01/agv01_0901_0812/agv01_0901_081319.json,agv01,2024-09-01 08:13:19,0,49.0,31.0,23.0,29.0,1.92,74.48,48.99,19.02,46.13,36.102500000000006,74.48,32.14122625227606,0.0009884137272424,17.130000000000003,34.333333333333336,12.242871748553624,0.015386417837074895,0.5867394833907229,10.0,10.1033935546875,10.40644098627058,Normal,Sensor Risk
/content/dacon_01/agv01_0901_0812/agv01_0901_081320.json,agv01,2024-09-01 08:13:20,0,50.0,32.0,23.0,29.78,1.72,74.54,49.05,18.95,46.12,36.065,74.54,32.2564624016129,0.0006391065221242,16.339999999999996,35.0,13.058252504121667,0.015386417837074895,0.5867394833907229,10.0,10.1033935546875,11.099514628503416,Normal,Sensor Risk
/content/dacon_01/agv01_0901_0812/agv01_0901_081321.json,agv01,2024-09-01 08:13:21,0,51.0,31.0,24.0,29.89,1.67,74.67,48.95,19.01,46.16,36.075,74.67,32.302001485976064,0.0004310065061144,16.269999999999996,35.333333333333336,13.344223434730893,0.015386417837074895,0.5867394833907229,10.0,10.1033935546875,11.342589919521258,Normal,Sensor Risk
/content/dacon_01/agv01_0901_0812/agv01_0901_081322.json,agv01,2024-09-01 08:13:22,0,49.0,31.0,24.0,29.0,2.01,74.5,49.04,19.01,46.15,36.14,74.5,32.12576017258839,0.0007626134078429,17.15,34.666666666666664,12.455661425937892,0.015386417837074895,0.5867394833907229,10.0,10.1033935546875,10.587312212047207,Normal,Sensor Risk
/content/dacon_01/agv01_0901_0812/agv01_0901_081323.json,agv01,2024-09-01 08:13:23,0,51.0,32.0,24.0,29.0,1.63,74.54,49.02,18.95,46.16,36.035,74.54,32.2843950952572,0.000990012829514,17.159999999999997,35.666666666666664,13.090460345167406,0.015386417837074895,0.5867394833907229,10.0,10.1033935546875,11.126891293392294,Normal,Sensor Risk
/content/dacon_01/agv01_0901_0812/agv01_0901_081324.json,agv01,2024-09-01 08:13:24,0,51.0,32.0,23.0,29.0,1.79,74.67,48.95,19.02,46.15,36.1075,74.67,32.257658909681176,0.001021910019513,17.15,35.333333333333336,12.892874389117969,0.015386417837074895,0.5867394833907229,10.0,10.1033935546875,10.958943230750274,Normal,Sensor Risk
/content/dacon_01/agv01_0901_0812/agv01_0901_081325.json,agv01,2024-09-01 08:13:25,0,48.0,32.0,23.0,29.0,1.91,74.39,49.02,18.98,46.16,36.075,74.39,32.12007938969018,0.0010072948709653,17.159999999999997,34.333333333333336,12.242293699752476,0.015386417837074895,0.5867394833907229,10.0,10.1033935546875,10.405949644789604,Normal,Sensor Risk
/content/dacon_01/agv01_0901_0812/agv01_0901_081326.json,agv01,2024-09-01 08:13:26,0,50.0,32.0,23.0,29.0,1.59,74.62,48.99,18.95,46.22,36.0375,74.62,32.32640548633063,0.0011238968470025,17.22,35.0,12.700037267013323,0.015386417837074895,0.5867394833907229,10.0,10.1033935546875,10.795031676961324,Normal,Sensor Risk
/content/dacon_01/agv01_0901_0812/agv01_0901_081327.json,agv01,2024-09-01 08:13:27,0,50.0,32.0,24.0,30.0,1.73,74.62,48.98,19.03,46.22,36.09,74.62,32.261257466709715,0.0011297839334605,16.22,35.333333333333336,13.421401487834082,0.015386417837074895,0.5867394833907229,10.0,10.1033935546875,11.408191264658969,Normal,Sensor Risk
/content/dacon_01/agv01_0901_0812/agv01_0901_081328.json,agv01,2024-09-01 08:13:28,0,50.0,32.0,22.0,29.67,1.91,74.48,49.05,18.97,46.22,36.1025,74.48,32.16167426715635,0.0008803301965215,16.549999999999997,34.666666666666664,12.81805913772475,0.015386417837074895,0.5867394833907229,10.0,10.1033935546875,10.895350267066037,Normal,Sensor Risk
/content/dacon_01/agv01_0901_0812/agv01_0901_081329.json,agv01,2024-09-01 08:13:29,0,50.0,32.0,23.0,29.0,1.55,74.69,48.98,18.96,46.18,36.045,74.69,32.365375017138305,0.0008161253190361,17.18,35.0,12.692001456495815,0.015386417837074895,0.5867394833907229,10.0,10.1033935546875,10.788201238021442,Normal,Sensor Risk
/content/dacon_01/agv01_0901_0812/agv01_0901_081330.json,agv01,2024-09-01 08:13:30,0,50.0,32.0,24.0,29.56,1.87,74.62,48.97,19.05,46.27,36.127500000000005,74.62,32.20672639372093,0.0009535210006364,16.710000000000004,35.333333333333336,13.20702170932204,0.015386417837074895,0.5867394833907229,10.0,10.1033935546875,11.225968452923734,Normal,Sensor Risk
/content/dacon_01/agv01_0901_0812/agv01_0901_081331.json,agv01,2024-09-01 08:13:31,0,49.0,32.0,24.0,30.0,1.82,74.52,49.05,18.95,46.26,36.085,74.52,32.213035146246824,0.0009528053745888,16.259999999999998,35.0,13.211598524616697,0.015386417837074895,0.5867394833907229,10.0,10.1033935546875,11.229858745924192,Normal,Sensor Risk
/content/dacon_01/agv01_0901_0812/agv01_0901_081332.json,agv01,2024-09-01 08:13:32,0,52.0,33.0,23.0,29.11,1.65,74.71,48.98,19.04,46.23,36.095,74.71,32.323739985754536,0.000746914188521,17.119999999999997,36.0,13.388187731434872,0.015386417837074895,0.5867394833907229,10.0,10.1033935546875,11.379959571719642,Normal,Sensor Risk
/content/dacon_01/agv01_0901_0812/agv01_0901_081333.json,agv01,2024-09-01 08:13:33,0,50.0,32.0,24.0,29.0,1.94,74.51,49.01,19.04,46.22,36.125,74.51,32.145206485571066,0.0008399047438596,17.22,35.333333333333336,12.893519456981851,0.015386417837074895,0.5867394833907229,10.0,10.1033935546875,10.959491538434573,Normal,Sensor Risk
/content/dacon_01/agv01_0901_0812/agv01_0901_081334.json,agv01,2024-09-01 08:13:34,0,50.0,32.0,23.0,29.0,1.78,74.52,49.05,18.95,46.3,36.075,74.52,32.22722089579967,0.0008678242368982,17.299999999999997,35.0,12.708452205947514,0.015386417837074895,0.5867394833907229,10.0,10.1033935546875,10.802184375055386,Normal,Sensor Risk
/content/dacon_01/agv01_0901_0812/agv01_0901_081335.json,agv01,2024-09-01 08:13:35,0,50.0,33.0,23.0,29.44,1.71,74.71,48.95,18.99,46.4,36.09,74.71,32.30726646850003,0.0006012117686211,16.959999999999997,35.333333333333336,13.185355404866836,0.015386417837074895,0.5867394833907229,10.0,10.1033935546875,11.20755209413681,Normal,Sensor Risk
/content/dacon_01/agv01_0901_0812/agv01_0901_081336.json,agv01,2024-09-01 08:13:36,0,51.0,31.0,24.0,30.0,1.97,74.47,49.05,19.01,46.35,36.125,74.47,32.129331873953845,0.0005838157471677,16.35,35.333333333333336,13.434592017407144,0.015386417837074895,0.5867394833907229,10.0,10.1033935546875,11.419403214796073,Normal,Sensor Risk
/content/dacon_01/agv01_0901_0812/agv01_0901_081337.json,agv01,2024-09-01 08:13:37,0,52.0,33.0,24.0,29.22,1.63,74.58,49.03,18.95,46.34,36.0475,74.58,32.30163914829504,0.0008270409765897,17.120000000000005,36.333333333333336,13.671058582440407,0.015386417837074895,0.5867394833907229,10.0,10.1033935546875,11.620399795074347,Normal,Sensor Risk
/content/dacon_01/agv01_0901_0812/agv01_0901_081338.json,agv01,2024-09-01 08:13:38,0,50.0,32.0,23.0,29.12,1.68,74.7,48.96,19.04,46.32,36.095,74.7,32.30644672507331,0.0008270409765897,17.2,35.0,12.793009911822491,0.015386417837074895,0.5867394833907229,10.0,10.1033935546875,10.874058425049117,Normal,Sensor Risk
/content/dacon_01/agv01_0901_0812/agv01_0901_081339.json,agv01,2024-09-01 08:13:39,0,50.0,33.0,23.0,30.0,1.98,74.46,49.05,18.98,46.36,36.1175,74.46,32.12714156285927,0.0007857169026634,16.36,35.333333333333336,13.439027833579754,0.015386417837074895,0.5867394833907229,10.0,10.1033935546875,11.42317365854279,Normal,Sensor Risk
/content/dacon_01/agv01_0901_0812/agv01_0901_081340.json,agv01,2024-09-01 08:13:40,0,50.0,31.0,23.0,30.0,1.56,74.6,49.01,18.95,46.38,36.03,74.6,32.33178312434994,0.0010522422807692,16.380000000000003,34.666666666666664,13.04546328219197,0.015436706120266371,0.6081203440383572,10.0,10.240561485290527,11.088643789863173,Normal,Sensor Risk
/content/dacon_01/agv01_0901_0812/agv01_0901_081341.json,agv01,2024-09-01 08:13:41,0,50.0,32.0,23.0,30.0,1.81,74.63,48.98,19.04,46.37,36.115,74.63,32.23508492310823,0.001109833726569,16.369999999999997,35.0,13.254844942299087,0.015496936139017925,0.6337280911318123,10.0,10.307985305786133,11.266618200954223,Normal,Sensor Risk
/content/dacon_01/agv01_0901_0812/agv01_0901_081342.json,agv01,2024-09-01 08:13:42,0,50.0,32.0,23.0,29.25,1.92,74.46,49.05,18.96,46.38,36.0975,74.46,32.15195211802854,0.0010094930667437,17.130000000000003,35.0,12.85444956608647,0.015599120110108562,0.6771732260152619,10.0,10.607611656188965,10.9262821311735,Normal,Sensor Risk
/content/dacon_01/agv01_0901_0812/agv01_0901_081343.json,agv01,2024-09-01 08:13:43,0,51.0,32.0,23.0,29.0,1.59,74.62,48.98,18.97,46.46,36.04,74.62,32.321548023983425,0.0010535067031803,17.46,35.333333333333336,12.97309130691227,0.01576498769587537,0.7476944590376037,10.0,10.861363410949707,11.027127610875429,Normal,Sensor Risk
/content/dacon_01/agv01_0901_0812/agv01_0901_081344.json,agv01,2024-09-01 08:13:44,0,49.0,32.0,23.0,30.0,1.78,74.63,48.95,19.02,46.52,36.095,74.63,32.2452689036185,0.0010535067031803,16.520000000000003,34.666666666666664,13.086796866472856,0.015729447314280883,0.7325839025021552,10.0,10.782952308654785,11.123777336501927,Normal,Sensor Risk
/content/dacon_01/agv01_0901_0812/agv01_0901_081345.json,agv01,2024-09-01 08:13:45,0,50.0,32.0,23.0,29.4,1.63,74.56,49.03,18.97,46.56,36.0475,74.56,32.290159878823765,0.0009925019504461,17.160000000000004,35.0,12.99045559368231,0.015792129884071346,0.759234390541736,10.0,10.77544116973877,11.041887254629962,Normal,Sensor Risk
/content/dacon_01/agv01_0901_0812/agv01_0901_081346.json,agv01,2024-09-01 08:13:46,0,50.0,31.0,23.0,29.0,1.64,74.71,48.95,19.01,46.53,36.0775,74.71,32.32858526134417,0.0008230989225182,17.53,34.666666666666664,12.581529394962182,0.015809941359525004,0.7668072216354804,10.0,10.514290809631348,10.694299985717855,Normal,Sensor Risk
/content/dacon_01/agv01_0901_0812/agv01_0901_081347.json,agv01,2024-09-01 08:13:47,0,50.0,33.0,23.0,29.56,1.92,74.44,49.03,19.01,46.54,36.1,74.44,32.13243947581115,0.0007343591305495,16.98,35.333333333333336,13.259880046637635,0.01591763831027167,0.8125962871981699,10.0,10.087502479553223,11.27089803964199,Normal,Sensor Risk
/content/dacon_01/agv01_0901_0812/agv01_0901_081348.json,agv01,2024-09-01 08:13:48,0,51.0,33.0,24.0,30.0,1.63,74.59,49.02,18.95,46.64,36.0475,74.59,32.30427667765782,0.0007301552652346,16.64,36.0,13.94461386579208,0.016003180452482786,0.8489658847672906,10.0,10.000594139099121,11.852921785923268,Normal,Sensor Risk
/content/dacon_01/agv01_0901_0812/agv01_0901_081349.json,agv01,2024-09-01 08:13:49,0,50.0,32.0,22.0,30.0,1.72,74.63,48.95,19.04,46.62,36.085,74.63,32.263036124952656,0.0006372770212247,16.619999999999997,34.666666666666664,13.10858188874086,0.01583507664585292,0.7774938870018302,10.0,9.796565055847168,11.142294605429731,Normal,Sensor Risk
/content/dacon_01/agv01_0901_0812/agv01_0901_081350.json,agv01,2024-09-01 08:13:50,0,50.0,32.0,22.0,30.22,1.95,74.48,49.03,18.97,46.63,36.1075,74.48,32.1448206040517,0.0007080335264056,16.410000000000004,34.666666666666664,13.210050211857501,0.015995316259757007,0.8456222985856781,10.0,9.804468154907227,11.228542680078876,Normal,Sensor Risk
/content/dacon_01/agv01_0901_0812/agv01_0901_081351.json,agv01,2024-09-01 08:13:51,0,50.0,32.0,23.0,31.0,1.58,74.61,49.0,18.95,46.75,36.035,74.61,32.327316106764364,0.0007978951421685,15.75,35.0,13.865577573012354,0.01620366269105423,0.9342040860576523,10.0,9.70289421081543,11.7857409370605,Normal,Sensor Risk
/content/dacon_01/agv01_0901_0812/agv01_0901_081352.json,agv01,2024-09-01 08:13:52,0,51.0,32.0,23.0,30.56,1.78,74.6,48.96,19.01,46.81,36.0875,74.6,32.23641561443621,0.0008098059133032,16.250000000000004,35.333333333333336,13.863783085825755,0.016054198953097162,0.8706572089259191,10.0,9.56870174407959,11.784215622951892,Normal,Sensor Risk
/content/dacon_01/agv01_0901_0812/agv01_0901_081353.json,agv01,2024-09-01 08:13:53,0,49.0,32.0,23.0,30.0,1.91,74.48,49.05,18.96,46.8,36.1,74.48,32.163450270972696,0.0008098059133032,16.799999999999997,34.666666666666664,13.145075476377468,0.016320478639804736,0.9838702381540742,10.0,9.665389060974121,11.173314154920847,Normal,Sensor Risk
/content/dacon_01/agv01_0901_0812/agv01_0901_081354.json,agv01,2024-09-01 08:13:54,0,50.0,32.0,23.0,30.0,1.63,74.68,48.97,18.95,46.77,36.0575,74.68,32.33341653769364,0.0007600135582968,16.770000000000003,35.0,13.364620354466497,0.016460051983403723,1.0432120573657533,10.0,9.80030345916748,11.359927301296523,Normal,Sensor Risk
/content/dacon_01/agv01_0901_0812/agv01_0901_081355.json,agv01,2024-09-01 08:13:55,0,50.0,32.0,23.0,30.0,1.82,74.59,49.04,19.05,46.78,36.125,74.59,32.221846108916026,0.0009268177849159,16.78,35.0,13.360551552492584,0.01644562470088802,1.0370780695376587,10.0,9.97636890411377,11.356468819618696,Normal,Sensor Risk
/content/dacon_01/agv01_0901_0812/agv01_0901_081356.json,agv01,2024-09-01 08:13:56,0,49.0,32.0,22.0,30.0,1.84,74.51,49.05,18.95,46.85,36.0875,74.51,32.20196720181341,0.0008801472116198,16.85,34.333333333333336,12.95437710323045,0.016338437207615,0.9915056078945825,10.0,10.182284355163574,11.011220537745883,Normal,Sensor Risk
/content/dacon_01/agv01_0901_0812/agv01_0901_081357.json,agv01,2024-09-01 08:13:57,0,50.0,32.0,23.0,30.0,1.57,74.72,48.95,18.99,46.91,36.0575,74.72,32.36094701436697,0.0007168535010949,16.909999999999997,35.0,13.406363259478821,0.016273210583120763,0.9637734746754633,10.0,10.15420150756836,11.395408770556998,Normal,Sensor Risk
/content/dacon_01/agv01_0901_0812/agv01_0901_081358.json,agv01,2024-09-01 08:13:58,0,50.0,32.0,23.0,30.0,1.92,74.49,48.99,19.02,46.96,36.105,74.49,32.14520648557106,0.000749629409493,16.96,35.0,13.397382806007755,0.0161831518328971,0.9254835696234122,10.0,10.033907890319824,11.387775385106591,Normal,Sensor Risk
/content/dacon_01/agv01_0901_0812/agv01_0901_081359.json,agv01,2024-09-01 08:13:59,0,51.0,32.0,23.0,30.0,1.62,74.58,49.05,18.96,46.99,36.0525,74.58,32.30610816858013,0.0008287674359655,16.990000000000002,35.333333333333336,13.624022873417688,0.016385858255417867,1.0116674179722385,10.0,10.08690357208252,11.580419442405034,Normal,Sensor Risk
/content/dacon_01/agv01_0901_0812/agv01_0901_081400.json,agv01,2024-09-01 08:14:00,0,49.0,32.0,23.0,30.0,1.72,74.71,48.95,19.05,46.97,36.1075,74.71,32.29314310603207,0.0008050766777482,16.97,34.666666666666664,13.214623090526752,0.016440250923889243,1.0347933230744548,10.0,10.135550498962402,11.232429626947738,Normal,Sensor Risk
/content/dacon_01/agv01_0901_0812/agv01_0901_081401.json,agv01,2024-09-01 08:14:01,0,50.0,32.0,23.0,30.0,1.89,74.42,49.03,19.01,47.05,36.0875,74.42,32.135125511917124,0.0006446347614254,17.049999999999997,35.0,13.41357013658752,0.016322311255020552,0.9846494035592821,10.0,10.317803382873535,11.401534616099392,Normal,Sensor Risk
/content/dacon_01/agv01_0901_0812/agv01_0901_081402.json,agv01,2024-09-01 08:14:02,0,50.0,32.0,23.0,30.0,1.65,74.54,49.02,18.95,47.12,36.04,74.54,32.27729129486137,0.0007986062531334,17.119999999999997,35.0,13.446836018431357,0.016041019658333884,0.8650538228708645,10.0,10.116698265075684,11.429810615666653,Normal,Sensor Risk
/content/dacon_01/agv01_0901_0812/agv01_0901_081403.json,agv01,2024-09-01 08:14:03,0,50.0,32.0,23.0,30.0,1.73,74.68,48.95,19.03,47.17,36.0975,74.68,32.28116414154442,0.0007920194096488,17.17,35.0,13.474488148293846,0.015959537138197137,0.8304102379700158,10.0,10.109813690185547,11.453314926049769,Normal,Sensor Risk
/content/dacon_01/agv01_0901_0812/agv01_0901_081404.json,agv01,2024-09-01 08:14:04,0,50.0,32.0,23.0,30.0,1.96,74.44,49.02,18.98,47.14,36.1,74.44,32.12224566661968,0.0007711532165298,17.14,35.0,13.44189709759471,0.016139131971163175,0.9067678277103801,10.0,10.336104393005371,11.425612532955503,Normal,Sensor Risk
/content/dacon_01/agv01_0901_0812/agv01_0901_081405.json,agv01,2024-09-01 08:14:05,0,50.0,33.0,23.0,30.0,1.56,74.66,49.02,18.95,47.18,36.0475,74.66,32.3569831463524,0.0008008970774282,17.18,35.333333333333336,13.683667725357434,0.016434563013699343,1.0323750179061624,10.0,10.02770709991455,11.631117566553819,Normal,Sensor Risk
/content/dacon_01/agv01_0901_0812/agv01_0901_081406.json,agv01,2024-09-01 08:14:06,0,49.0,31.0,22.0,29.11,1.79,74.64,48.96,19.05,47.29,36.11000000000001,74.64,32.24174002748611,0.0008144606461266,18.18,34.0,12.422075862643222,0.015883768103124148,0.7981958318004313,10.0,10.091087341308594,10.558764483246739,Normal,Sensor Risk
/content/dacon_01/agv01_0901_0812/agv01_0901_081407.json,agv01,2024-09-01 08:14:07,0,50.0,32.0,23.0,29.22,1.91,74.48,49.05,18.96,47.37,36.1,74.48,32.163450270972696,0.0008428964914155,18.15,35.0,13.109700169290297,0.016240522681854365,0.9498756953621509,10.0,9.87501049041748,11.143245143896753,Normal,Sensor Risk
/content/dacon_01/agv01_0901_0812/agv01_0901_081408.json,agv01,2024-09-01 08:14:08,0,49.0,32.0,23.0,30.0,1.58,74.62,48.99,18.96,47.4,36.0375,74.62,32.328196542131245,0.0008625167726685,17.4,34.666666666666664,13.324000604284901,0.016635423910052898,1.1177742115541605,10.0,9.703518867492676,11.325400513642165,Normal,Sensor Risk
/content/dacon_01/agv01_0901_0812/agv01_0901_081409.json,agv01,2024-09-01 08:14:09,0,49.0,32.0,23.0,30.0,1.87,74.59,48.99,19.05,47.51,36.12500000000001,74.59,32.19743830389824,0.0009852703175263,17.509999999999998,34.666666666666664,13.352727503462928,0.016195733415026958,0.9308328286788672,10.0,9.850056648254395,11.349818377943489,Normal,Sensor Risk
/content/dacon_01/agv01_0901_0812/agv01_0901_081410.json,agv01,2024-09-01 08:14:10,0,51.0,31.0,23.0,30.0,1.84,74.49,49.05,18.95,47.52,36.0825,74.49,32.19401328922299,0.0009687277135908,17.520000000000003,35.0,13.553532066376357,0.016452437537143826,1.0399746548524906,10.0,9.812522888183594,11.520502256419903,Normal,Sensor Risk
/content/dacon_01/agv01_0901_0812/agv01_0901_081411.json,agv01,2024-09-01 08:14:11,0,50.0,31.0,23.0,30.0,1.66,74.67,48.96,18.99,47.55,36.07,74.67,32.31040389719696,0.0008674735485972,17.549999999999997,34.666666666666664,13.370128257235702,0.01619585196378923,0.9308832315640966,10.0,9.716848373413086,11.364609018650347,Normal,Sensor Risk
/content/dacon_01/agv01_0901_0812/agv01_0901_081412.json,agv01,2024-09-01 08:14:12,0,50.0,31.0,23.0,30.0,1.86,74.48,49.03,19.02,47.72,36.0975,74.48,32.167858052202774,0.0008283725137249,17.72,34.666666666666664,13.397034133862974,0.016324699041487523,0.9856646088211565,10.0,9.719019889831543,11.387479013783528,Normal,Sensor Risk
/content/dacon_01/agv01_0901_0812/agv01_0901_081413.json,agv01,2024-09-01 08:14:13,0,50.0,32.0,23.0,30.0,1.68,74.54,49.04,18.95,47.68,36.0525,74.54,32.26932018186935,0.0008732303514395,17.68,35.0,13.601050268172914,0.016736833327621718,1.1608900327314522,10.0,9.662629127502441,11.560892727946976,Normal,Sensor Risk
/content/dacon_01/agv01_0901_0812/agv01_0901_081414.json,agv01,2024-09-01 08:14:14,0,49.0,32.0,23.0,29.62,1.65,74.74,48.95,19.0,47.66,36.085,74.74,32.33874714126487,0.0006836179151415,18.04,34.666666666666664,13.209870007133098,0.01664958536676809,1.1237951793299374,10.0,9.574999809265137,11.228389506063133,Normal,Sensor Risk
/content/dacon_01/agv01_0901_0812/agv01_0901_081415.json,agv01,2024-09-01 08:14:15,0,49.0,32.0,23.0,29.0,1.75,74.55,48.98,19.05,47.63,36.0825,74.55,32.22276977025201,0.0004264047954628,18.630000000000003,34.666666666666664,12.86110478015612,0.01650619006211055,1.0628283927976905,10.0,9.6631441116333,10.931939063132702,Normal,Sensor Risk
/content/dacon_01/agv01_0901_0812/agv01_0901_081416.json,agv01,2024-09-01 08:14:16,0,50.0,32.0,23.0,29.0,1.56,74.67,48.98,18.96,47.69,36.0425,74.67,32.353862597841385,0.0005793070468482,18.69,35.0,13.099953696385256,0.016592504452811577,1.099526324052121,10.0,9.745604515075684,11.134960641927467,Normal,Sensor Risk
/content/dacon_01/agv01_0901_0812/agv01_0901_081417.json,agv01,2024-09-01 08:14:17,0,51.0,31.0,23.0,29.0,1.78,74.56,49.01,19.05,47.74,36.1,74.56,32.22010035159212,0.0006598381621128,18.74,35.0,13.103664673579114,0.0164746032218532,1.0493987470237431,10.0,9.603718757629395,11.138114972542247,Normal,Sensor Risk
/content/dacon_01/agv01_0901_0812/agv01_0901_081418.json,agv01,2024-09-01 08:14:18,0,50.0,31.0,23.0,30.0,1.88,74.5,49.05,18.95,47.84,36.095,74.5,32.18381218356002,0.0006482203296448,17.840000000000003,34.666666666666664,13.42946164586741,0.016556146229697432,1.0840680492321346,10.0,9.826502799987793,11.415042398987298,Normal,Sensor Risk
/content/dacon_01/agv01_0901_0812/agv01_0901_081419.json,agv01,2024-09-01 08:14:19,0,49.0,32.0,23.0,29.67,1.57,74.68,48.97,19.01,47.88,36.0575,74.68,32.344165238880414,0.0006219941312015,18.21,34.666666666666664,13.288857859963512,0.016579038663997313,1.0938011305104758,10.0,9.6801176071167,11.295529180968986,Normal,Sensor Risk
/content/dacon_01/agv01_0901_0812/agv01_0901_081420.json,agv01,2024-09-01 08:14:20,0,48.0,32.0,23.0,29.0,1.89,74.51,48.97,19.02,47.83,36.0975,74.51,32.16113324599534,0.0006612462633481,18.83,34.333333333333336,12.706619076431366,0.016283687901837898,0.9682280727892814,10.0,9.768046379089355,10.80062621496666,Normal,Sensor Risk
/content/dacon_01/agv01_0901_0812/agv01_0901_081421.json,agv01,2024-09-01 08:14:21,0,49.0,32.0,22.0,29.0,1.75,74.56,49.05,18.95,47.84,36.0775,74.56,32.25377019305908,0.0006598076803757,18.840000000000003,34.333333333333336,12.714357379778034,0.016394805787994043,1.0154716032617421,10.0,9.902619361877441,10.807203772811329,Normal,Sensor Risk
/content/dacon_01/agv01_0901_0812/agv01_0901_081422.json,agv01,2024-09-01 08:14:22,0,50.0,32.0,22.0,29.0,1.66,74.69,48.95,18.99,47.88,36.0725,74.69,32.31704026773904,0.0004692258697168,18.880000000000003,34.666666666666664,12.944138215618725,0.01604830867973023,0.8681528658455377,10.0,10.109837532043457,11.002517483275916,Normal,Sensor Risk
/content/dacon_01/agv01_0901_0812/agv01_0901_081423.json,agv01,2024-09-01 08:14:23,0,50.0,31.0,23.0,29.89,1.86,74.47,48.98,19.02,47.88,36.0825,74.47,32.1571872474361,0.0004120648112326,17.990000000000002,34.666666666666664,13.377804936980352,0.01598972477170984,0.8432449888196197,10.0,9.939640998840332,11.3711341964333,Normal,Sensor Risk
/content/dacon_01/agv01_0901_0812/agv01_0901_081424.json,agv01,2024-09-01 08:14:24,0,50.0,32.0,24.0,30.0,1.69,74.56,49.03,18.95,47.9,36.0575,74.56,32.27238176831701,0.0004264540464039,17.9,35.333333333333336,13.86559987304662,0.015965276593226458,0.8328504582437529,10.0,10.140400886535645,11.785759892089626,Normal,Sensor Risk
/content/dacon_01/agv01_0901_0812/agv01_0901_081425.json,agv01,2024-09-01 08:14:25,0,50.0,32.0,22.0,30.0,1.69,74.73,48.95,19.04,47.95,36.1025,74.73,32.313521808473105,0.0004589028299517,17.950000000000003,34.666666666666664,13.480121114366742,0.01591452623141199,0.8112731375457952,10.0,10.056984901428223,11.458102947211732,Normal,Sensor Risk
/content/dacon_01/agv01_0901_0812/agv01_0901_081426.json,agv01,2024-09-01 08:14:26,0,50.0,32.0,23.0,29.44,1.93,74.47,49.02,18.97,47.94,36.0975,74.47,32.14658652174442,0.0004589028299517,18.5,35.0,13.372353044940553,0.016125278190240108,0.900877673174161,10.0,9.814140319824219,11.36650008819947,Normal,Sensor Risk
/content/dacon_01/agv01_0901_0812/agv01_0901_081427.json,agv01,2024-09-01 08:14:27,0,49.0,32.0,23.0,29.0,1.56,74.56,49.0,18.95,47.97,36.0175,74.56,32.31453994205498,0.0008652675634622,18.97,34.666666666666664,12.961010248903415,0.016247127352463052,0.9526837757527696,10.0,9.912384033203125,11.016858711567902,Normal,Sensor Risk
/content/dacon_01/agv01_0901_0812/agv01_0901_081428.json,agv01,2024-09-01 08:14:28,0,50.0,32.0,23.0,29.78,1.78,74.68,48.98,19.04,48.1,36.12,74.68,32.26564323445813,0.0010244020991156,18.32,35.0,13.619197074224406,0.016562338447926858,1.0867007689565085,10.0,10.052202224731445,11.576317513090745,Normal,Sensor Risk
/content/dacon_01/agv01_0901_0812/agv01_0901_081429.json,agv01,2024-09-01 08:14:29,0,50.0,32.0,23.0,30.0,1.94,74.48,49.05,18.99,48.1,36.115,74.48,32.14749186691449,0.0011015439608898,18.1,35.0,13.712993348447712,0.016541852300917488,1.0779907588584003,10.0,9.968591690063477,11.656044346180556,Normal,Sensor Risk
/content/dacon_01/agv01_0901_0812/agv01_0901_081430.json,agv01,2024-09-01 08:14:30,0,50.0,32.0,23.0,29.0,1.64,74.67,48.99,18.98,48.0,36.07,74.67,32.323259942854364,0.0010619189089872,19.0,35.0,13.191232864310978,0.016572681681742328,1.0910983587491931,10.0,9.857872009277344,11.21254793466433,Normal,Sensor Risk
/content/dacon_01/agv01_0901_0812/agv01_0901_081431.json,agv01,2024-09-01 08:14:31,0,50.0,33.0,23.0,29.0,1.82,74.62,48.96,19.05,47.98,36.1125,74.62,32.22312976212377,0.0010898225016489,18.98,35.333333333333336,13.38944637444127,0.016426980944852215,1.0291513811631068,10.0,9.69621753692627,11.38102941827508,Normal,Sensor Risk
/content/dacon_01/agv01_0901_0812/agv01_0901_081432.json,agv01,2024-09-01 08:14:32,0,50.0,32.0,23.0,29.0,1.87,74.51,49.05,18.97,48.07,36.1,74.51,32.187784432400235,0.0010932537080048,19.07,35.0,13.194735295601092,0.016203527807867525,0.934146738332982,10.0,9.60181713104248,11.215525001260927,Normal,Sensor Risk
/content/dacon_01/agv01_0901_0812/agv01_0901_081433.json,agv01,2024-09-01 08:14:33,0,49.0,33.0,24.0,29.56,1.61,74.64,48.97,18.97,48.09,36.0475,74.64,32.32106885093169,0.0008061562244238,18.530000000000005,35.333333333333336,13.705004637488631,0.01604224148183059,0.8655733004958939,10.0,9.66199779510498,11.649253941865336,Normal,Sensor Risk
/content/dacon_01/agv01_0901_0812/agv01_0901_081434.json,agv01,2024-09-01 08:14:34,0,50.0,33.0,23.0,30.0,1.85,74.54,49.02,19.03,48.11,36.11,74.54,32.192167784519675,0.0007638178985712,18.11,35.333333333333336,13.925565248162458,0.01606957408988612,0.8771941920213913,10.0,9.801985740661621,11.836730460938089,Normal,Sensor Risk
/content/dacon_01/agv01_0901_0812/agv01_0901_081435.json,agv01,2024-09-01 08:14:35,0,50.0,32.0,23.0,30.0,1.76,74.55,49.05,18.95,48.12,36.0775,74.55,32.24624564710337,0.0007102309816824,18.12,35.0,13.720254496863868,0.016050282963173457,0.8689922637430125,10.0,9.64743709564209,11.662216322334288,Normal,Sensor Risk
/content/dacon_01/agv01_0901_0812/agv01_0901_081436.json,agv01,2024-09-01 08:14:36,0,50.0,31.0,24.0,29.78,1.64,74.69,48.95,19.02,48.09,36.075,74.69,32.31885981899733,0.0006947287215721,18.31,35.0,13.613049944906665,0.015759610209199092,0.7454081353462142,10.0,9.7211275100708,11.571092453170666,Normal,Sensor Risk
/content/dacon_01/agv01_0901_0812/agv01_0901_081437.json,agv01,2024-09-01 08:14:37,0,50.0,32.0,22.0,29.0,1.95,74.49,48.99,19.02,48.09,36.1125,74.49,32.13457367073663,0.0006947287215721,19.090000000000003,34.666666666666664,12.984527649768525,0.016083044752803595,0.8829214578652692,10.0,9.561264991760254,11.036848502303245,Normal,Sensor Risk
/content/dacon_01/agv01_0901_0812/agv01_0901_081438.json,agv01,2024-09-01 08:14:38,0,51.0,33.0,23.0,29.56,1.66,74.53,49.03,18.95,48.22,36.0425,74.53,32.27110510967978,0.0008234190715831,18.66,35.666666666666664,13.938089391399906,0.01599754473551449,0.8465697703744035,10.0,9.58114242553711,11.84737598268992,Normal,Sensor Risk
/content/dacon_01/agv01_0901_0812/agv01_0901_081439.json,agv01,2024-09-01 08:14:39,0,49.0,32.0,23.0,30.0,1.69,74.76,48.95,19.03,48.22,36.1075,74.76,32.32723761267992,0.0007651791490952,18.22,34.666666666666664,13.561107581131518,0.015828644760905192,0.7747592691735509,10.0,9.660778999328613,11.526941443961789,Normal,Sensor Risk
/content/dacon_01/agv01_0901_0812/agv01_0901_081440.json,agv01,2024-09-01 08:14:40,0,49.0,33.0,22.0,29.12,2.0,74.45,49.01,18.99,48.28,36.1125,74.45,32.10893995447374,0.0007768925784014,19.16,34.666666666666664,13.095148663271528,0.015943529904254104,0.8236045087510058,10.0,9.626084327697754,11.130876363780798,Normal,Sensor Risk
/content/dacon_01/agv01_0901_0812/agv01_0901_081441.json,agv01,2024-09-01 08:14:41,0,50.0,32.0,23.0,29.11,1.61,74.54,49.02,18.95,48.35,36.03,74.54,32.29150042967964,0.0010221224453764,19.24,35.0,13.329827668462348,0.015844309329772033,0.7814193089043159,10.0,9.79421329498291,11.330353518192997,Normal,Sensor Risk
/content/dacon_01/agv01_0901_0812/agv01_0901_081442.json,agv01,2024-09-01 08:14:42,0,48.0,32.0,23.0,30.0,1.65,74.78,48.95,19.02,48.44,36.1,74.78,32.35116587286049,0.0010421581232561,18.44,34.333333333333336,13.418684112384806,0.015942242624775775,0.8230572014779397,10.0,9.699645042419434,11.405881495527085,Normal,Sensor Risk
/content/dacon_01/agv01_0901_0812/agv01_0901_081443.json,agv01,2024-09-01 08:14:43,0,49.0,32.0,23.0,30.0,1.61,74.69,48.97,19.0,48.84,36.0675,74.69,32.33569170952329,0.0009767335540919,18.840000000000003,34.666666666666664,13.72654144121432,0.016202697238509405,0.9337936086061918,10.0,9.862674713134766,11.66756022503217,Normal,Sensor Risk
/content/dacon_01/agv01_0901_0812/agv01_0901_081444.json,agv01,2024-09-01 08:14:44,0,50.0,32.0,22.0,30.0,1.58,74.61,48.99,18.98,49.26,36.04,74.61,32.320698218530694,0.0009904961781983,19.26,34.666666666666664,13.833602302630046,0.015984728660314442,0.841120812873539,10.0,9.983146667480469,11.758561957235539,Normal,Sensor Risk
/content/dacon_01/agv01_0901_0812/agv01_0901_081445.json,agv01,2024-09-01 08:14:45,0,50.0,31.0,23.0,29.33,1.75,74.61,48.96,19.05,49.61,36.0925,74.61,32.243988974691085,0.0009305647146675,20.28,34.666666666666664,13.584880980308057,0.016215331859763746,0.9391654180860683,10.0,10.138596534729004,11.547148833261849,Normal,Sensor Risk
/content/dacon_01/agv01_0901_0812/agv01_0901_081446.json,agv01,2024-09-01 08:14:46,0,52.0,32.0,23.0,29.0,1.45,74.6,49.05,18.95,49.72,36.0125,74.6,32.376261236694184,0.0009780016266931,20.72,35.666666666666664,14.070333592862303,0.01634067104307967,0.9924553584477682,10.0,10.292939186096191,11.959783553932958,Normal,Sensor Risk
/content/dacon_01/agv01_0901_0812/agv01_0901_081447.json,agv01,2024-09-01 08:14:47,0,50.0,33.0,23.0,29.0,1.69,74.73,48.96,19.03,49.91,36.1025,74.73,32.31660808830861,0.0010126723084236,20.91,35.333333333333336,13.92750434572864,0.016076586712072856,0.8801757194912839,10.0,10.198719024658203,11.838378693869343,Normal,Sensor Risk
/content/dacon_01/agv01_0901_0812/agv01_0901_081448.json,agv01,2024-09-01 08:14:48,0,50.0,32.0,23.0,29.0,1.89,74.44,49.0,19.0,49.91,36.0825,74.44,32.14082800738027,0.0009481475205087,20.91,35.0,13.689181563198689,0.016202099716817183,0.9335395627882683,10.0,9.9242525100708,11.635804328718885,Normal,Sensor Risk
/content/dacon_01/agv01_0901_0812/agv01_0901_081449.json,agv01,2024-09-01 08:14:49,0,51.0,32.0,23.0,29.0,1.63,74.58,49.03,18.95,49.91,36.0475,74.58,32.30163914829504,0.000970938599169,20.91,35.333333333333336,13.9118806080887,0.016213322460005307,0.9383110899306015,10.0,9.803444862365723,11.825098516875395,Normal,Sensor Risk
/content/dacon_01/agv01_0901_0812/agv01_0901_081450.json,agv01,2024-09-01 08:14:50,0,50.0,32.0,23.0,29.0,1.72,74.67,48.96,19.05,49.93,36.1,74.67,32.27853466314728,0.0009902644065544,20.93,35.0,13.718316937687808,0.01593453424736672,0.8197798626478424,10.0,9.636054992675781,11.660569397034637,Normal,Sensor Risk
/content/dacon_01/agv01_0901_0812/agv01_0901_081451.json,agv01,2024-09-01 08:14:51,0,49.0,31.0,23.0,29.0,2.01,74.47,49.05,18.99,49.95,36.13,74.47,32.118717284474485,0.0011772855930133,20.950000000000003,34.333333333333336,13.289540718092216,0.01599398112661477,0.8450546455689413,10.0,9.696830749511719,11.296109610378384,Normal,Sensor Risk
/content/dacon_01/agv01_0901_0812/agv01_0901_081452.json,agv01,2024-09-01 08:14:52,0,50.0,32.0,23.0,29.89,1.56,74.61,48.99,18.96,49.96,36.03,74.61,32.33132536720386,0.0010327325203098,20.07,35.0,14.177595070616546,0.015789681207165108,0.7581932967445187,10.0,9.86742115020752,12.050955810024064,Normal,Sensor Risk
/content/dacon_01/agv01_0901_0812/agv01_0901_081453.json,agv01,2024-09-01 08:14:53,0,50.0,31.0,23.0,30.0,1.79,74.59,48.95,19.05,49.9,36.095000000000006,74.59,32.22049606487564,0.0010132928994212,19.9,34.666666666666664,14.007001591821805,0.01549369869989314,0.6323516425758202,10.0,10.001359939575195,11.905951353048534,Normal,Sensor Risk
/content/dacon_01/agv01_0901_0812/agv01_0901_081454.json,agv01,2024-09-01 08:14:54,0,50.0,33.0,23.0,30.0,1.91,74.47,49.05,18.96,49.88,36.0975,74.47,32.15947281387969,0.0010310685567278,19.880000000000003,35.333333333333336,14.406382557120153,0.01566207354577868,0.7039388769766922,10.0,9.878714561462402,12.24542517355213,Normal,Sensor Risk
/content/dacon_01/agv01_0901_0812/agv01_0901_081455.json,agv01,2024-09-01 08:14:55,0,50.0,32.0,23.0,30.0,1.63,74.66,48.99,18.97,49.74,36.0625,74.66,32.324592675959074,0.0009626245180327,19.74,35.0,14.17791088001334,0.01570460797955013,0.7220230656480513,10.0,10.052079200744629,12.051224248011339,Normal,Sensor Risk
/content/dacon_01/agv01_0901_0812/agv01_0901_081456.json,agv01,2024-09-01 08:14:56,0,50.0,32.0,23.0,30.0,1.83,74.54,49.02,19.05,49.72,36.11000000000001,74.54,32.19572953048277,0.000991398341254,19.72,35.0,14.16077248222635,0.015974790463010067,0.8368954307732099,10.0,9.854150772094727,12.036656609892397,Normal,Sensor Risk
/content/dacon_01/agv01_0901_0812/agv01_0901_081457.json,agv01,2024-09-01 08:14:57,0,50.0,32.0,22.0,29.11,1.84,74.52,49.05,18.96,49.75,36.0925,74.52,32.204170925518326,0.0008207053591459,20.64,34.666666666666664,13.499824960429669,0.01566851269594179,0.7066765837264415,10.0,10.02954387664795,11.474851216365218,Normal,Sensor Risk
/content/dacon_01/agv01_0901_0812/agv01_0901_081458.json,agv01,2024-09-01 08:14:58,0,51.0,32.0,22.0,29.0,1.65,74.69,48.96,19.05,49.76,36.087500000000006,74.69,32.31136061820981,0.0004373690638919,20.76,35.0,13.666408760937106,0.015467219739122375,0.621093692723401,10.0,10.09357738494873,11.61644744679654,Normal,Sensor Risk
/content/dacon_01/agv01_0901_0812/agv01_0901_081459.json,agv01,2024-09-01 08:14:59,0,49.0,32.0,22.0,30.0,1.89,74.53,49.02,19.04,49.72,36.12,74.53,32.17223129760612,0.0005506193908949,19.72,34.333333333333336,13.737197938299555,0.015496332185032435,0.6334713105224569,10.0,10.273477554321289,11.676618247554622,Normal,Sensor Risk
/content/dacon_01/agv01_0901_0812/agv01_0901_081500.json,agv01,2024-09-01 08:15:00,0,50.0,32.0,23.0,30.0,1.77,74.56,49.05,18.95,49.71,36.0825,74.56,32.24667566845716,0.0005661236196358,19.71,35.0,14.154349237952415,0.015575244602747144,0.6670221756435011,10.0,10.459298133850098,12.031196852259553,Normal,Sensor Risk
/content/dacon_01/agv01_0901_0812/agv01_0901_081501.json,agv01,2024-09-01 08:15:01,0,50.0,32.0,23.0,30.0,1.65,74.75,48.96,19.01,49.78,36.0925,74.75,32.342296738687764,0.0003990542361904,19.78,35.0,14.190345499152814,0.015816389935081696,0.7695489357407004,10.0,10.710480690002441,12.061793674279892,Normal,Sensor Risk
/content/dacon_01/agv01_0901_0812/agv01_0901_081502.json,agv01,2024-09-01 08:15:02,0,49.0,32.0,23.0,29.33,1.98,74.48,49.03,19.02,49.77,36.127500000000005,74.48,32.125312320141994,0.0005152903187439,20.440000000000005,34.666666666666664,13.610038524433795,0.015667747486165794,0.7063512426619144,10.0,10.552081108093262,11.568532745768726,Normal,Sensor Risk
/content/dacon_01/agv01_0901_0812/agv01_0901_081503.json,agv01,2024-09-01 08:15:03,0,50.0,32.0,23.0,29.0,1.68,74.53,49.03,18.95,49.7,36.0475,74.53,32.264003032275255,0.0007963041853079,20.700000000000003,35.0,13.638731181146971,0.015588726887241255,0.6727543825848827,10.0,10.691853523254395,11.592921503974924,Normal,Sensor Risk
/content/dacon_01/agv01_0901_0812/agv01_0901_081504.json,agv01,2024-09-01 08:15:04,0,49.0,31.0,23.0,30.0,1.68,74.71,48.95,19.02,49.65,36.09,74.71,32.312623952051105,0.0007941834673992,19.65,34.333333333333336,13.739385993394013,0.015962704134085494,0.8317567364675437,10.0,10.406153678894043,11.67847809438491,Normal,Sensor Risk
/content/dacon_01/agv01_0901_0812/agv01_0901_081505.json,agv01,2024-09-01 08:15:05,0,50.0,32.0,23.0,30.0,1.94,74.46,48.99,18.99,49.64,36.095,74.46,32.13149700838727,0.0007114113092078,19.64,35.0,14.12710011146457,0.015562319309751353,0.6615267824657182,10.0,10.393089294433594,12.008035094744884,Normal,Sensor Risk
/content/dacon_01/agv01_0901_0812/agv01_0901_081506.json,agv01,2024-09-01 08:15:06,0,50.0,32.0,22.0,30.0,1.54,74.63,49.01,18.96,49.6,36.035,74.63,32.34906129498454,0.0009447091651631,19.6,34.666666666666664,13.92802094869774,0.016114978162867416,0.896498453285428,10.0,10.466927528381348,11.83881780639308,Normal,Sensor Risk
/content/dacon_01/agv01_0901_0812/agv01_0901_081507.json,agv01,2024-09-01 08:15:07,0,50.0,32.0,22.0,30.0,1.79,74.68,48.96,19.05,49.58,36.120000000000005,74.68,32.25767608905928,0.0010411884481498,19.58,34.666666666666664,13.928862777495256,0.015967136767021443,0.8336413406156866,10.0,10.29992961883545,11.839533360870968,Normal,Sensor Risk
/content/dacon_01/agv01_0901_0812/agv01_0901_081508.json,agv01,2024-09-01 08:15:08,0,51.0,32.0,24.0,30.0,1.96,74.47,49.05,18.97,49.58,36.1125,74.47,32.13998172059219,0.0009596947602356,19.58,35.666666666666664,14.531680604441249,0.015617092221331034,0.6848143539521286,10.0,10.451163291931152,12.35192851377506,Normal,Sensor Risk
/content/dacon_01/agv01_0901_0812/agv01_0901_081509.json,agv01,2024-09-01 08:15:09,0,49.0,33.0,23.0,29.11,1.61,74.66,48.99,18.96,49.68,36.055,74.66,32.333456872616225,0.0009195602342676,20.57,35.0,13.704390916545128,0.016091058903001654,0.8863288008429863,10.0,10.13493537902832,11.648732279063358,Normal,Sensor Risk
/content/dacon_01/agv01_0901_0812/agv01_0901_081510.json,agv01,2024-09-01 08:15:10,0,48.0,32.0,22.0,29.0,1.81,74.57,48.99,19.05,49.69,36.105,74.57,32.210761659213624,0.0009482751972773,20.69,34.0,13.017047896173583,0.015870584715766634,0.7925907057140715,10.0,10.185171127319336,11.064490711747546,Normal,Sensor Risk
/content/dacon_01/agv01_0901_0812/agv01_0901_081511.json,agv01,2024-09-01 08:15:11,0,50.0,31.0,23.0,29.0,1.91,74.5,49.04,18.95,49.71,36.1,74.5,32.17184172533491,0.0009563165377914,20.71,34.666666666666664,13.432263990511105,0.015781639726639263,0.7547743338447691,10.0,10.208033561706543,11.41742439193444,Normal,Sensor Risk
/content/dacon_01/agv01_0901_0812/agv01_0901_081512.json,agv01,2024-09-01 08:15:12,0,49.0,32.0,23.0,29.44,1.62,74.66,48.98,18.98,49.73,36.06,74.66,32.325049110558204,0.0007668567502541,20.29,34.666666666666664,13.676966417437361,0.015847959566324222,0.7829712648292395,10.0,10.179001808166504,11.625421454821756,Normal,Sensor Risk
/content/dacon_01/agv01_0901_0812/agv01_0901_081513.json,agv01,2024-09-01 08:15:13,0,50.0,33.0,23.0,30.0,1.84,74.53,49.01,19.01,49.71,36.0975,74.53,32.19393667033178,0.0006782768532379,19.71,35.333333333333336,14.361171736302099,0.015532357447690551,0.6487880219272749,10.0,10.331019401550293,12.206995975856783,Normal,Sensor Risk
/content/dacon_01/agv01_0901_0812/agv01_0901_081514.json,agv01,2024-09-01 08:15:14,0,50.0,32.0,23.0,30.0,1.74,74.52,49.05,18.95,49.73,36.065,74.52,32.24141281023522,0.0006296088737261,19.73,35.0,14.156654207605484,0.015423060292195472,0.6023186039532048,10.0,10.063840866088867,12.033156076464662,Normal,Sensor Risk
/content/dacon_01/agv01_0901_0812/agv01_0901_081515.json,agv01,2024-09-01 08:15:15,0,50.0,32.0,23.0,30.0,1.61,74.74,48.96,19.01,49.72,36.08,74.74,32.35251561573948,0.0005302046926185,19.72,35.0,14.174681871328524,0.015519084527217656,0.6431448294178472,10.0,10.186415672302246,12.048479590629245,Normal,Sensor Risk
/content/dacon_01/agv01_0901_0812/agv01_0901_081516.json,agv01,2024-09-01 08:15:16,0,52.0,32.0,24.0,30.0,1.92,74.46,48.99,19.04,49.64,36.1025,74.46,32.12972494435643,0.0005159877155275,19.64,36.0,14.749482711850055,0.015719337423363355,0.7282855221409203,10.0,10.118393898010254,12.537060305072547,Normal,Sensor Risk
/content/dacon_01/agv01_0901_0812/agv01_0901_081517.json,agv01,2024-09-01 08:15:17,0,49.0,33.0,24.0,30.0,1.65,74.67,48.95,18.95,49.7,36.055,74.67,32.3196756378113,0.0005537971672737,19.700000000000003,35.333333333333336,14.370829003498804,0.01562025784057271,0.6861602671465012,10.0,9.82789421081543,12.215204652973982,Normal,Sensor Risk
/content/dacon_01/agv01_0901_0812/agv01_0901_081518.json,agv01,2024-09-01 08:15:18,0,51.0,32.0,23.0,30.0,1.74,74.63,49.01,19.02,49.77,36.1,74.63,32.26745005936064,0.0005536948490903,19.770000000000003,35.333333333333336,14.385962205609328,0.01586675504185901,0.7909624591534756,10.0,9.826935768127441,12.228067874767929,Normal,Sensor Risk
/content/dacon_01/agv01_0901_0812/agv01_0901_081519.json,agv01,2024-09-01 08:15:19,0,50.0,32.0,23.0,30.0,1.91,74.49,49.05,18.97,49.77,36.105,74.49,32.16565197017879,0.0005885544351759,19.770000000000003,35.0,14.164035303042775,0.0158442816507587,0.7814075407330956,10.0,9.669468879699707,12.039430007586358,Normal,Sensor Risk
/content/dacon_01/agv01_0901_0812/agv01_0901_081520.json,agv01,2024-09-01 08:15:20,0,50.0,32.0,23.0,30.0,1.58,74.68,48.98,19.0,49.8,36.06,74.68,32.34370005632215,0.000616192751429,19.8,35.0,14.191695463105972,0.015910867564490203,0.8097175973156198,10.0,9.614253044128418,12.062941143640076,Normal,Sensor Risk
/content/dacon_01/agv01_0901_0812/agv01_0901_081521.json,agv01,2024-09-01 08:15:21,0,50.0,32.0,23.0,30.0,1.88,74.6,48.99,19.05,49.84,36.13,74.6,32.19787467106072,0.0008011281823078,19.840000000000003,35.0,14.197081753739344,0.015805713077601525,0.7650095005591692,10.0,9.699379920959473,12.067519490678443,Normal,Sensor Risk
/content/dacon_01/agv01_0901_0812/agv01_0901_081522.json,agv01,2024-09-01 08:15:22,0,50.0,32.0,23.0,29.67,1.81,74.51,49.05,18.96,49.82,36.0825,74.51,32.210831899636915,0.0007931759086404,20.15,35.0,14.01319024899999,0.016119129228817596,0.8982633447668493,10.0,9.691621780395508,11.911211711649992,Normal,Sensor Risk
/content/dacon_01/agv01_0901_0812/agv01_0901_081523.json,agv01,2024-09-01 08:15:23,0,51.0,32.0,23.0,29.0,1.57,74.64,48.96,19.01,49.89,36.045,74.64,32.326913967569915,0.0008635095604777,20.89,35.333333333333336,13.910995715910095,0.015884938723756455,0.7986935397161166,10.0,9.588013648986816,11.82434635852358,Normal,Sensor Risk
/content/dacon_01/agv01_0901_0812/agv01_0901_081524.json,agv01,2024-09-01 08:15:24,0,49.0,32.0,23.0,29.62,1.91,74.49,48.98,19.01,49.95,36.0975,74.49,32.14918700371753,0.0008582232401032,20.33,34.666666666666664,13.813639601377167,0.015992790534065222,0.844548446276094,10.0,9.564870834350586,11.741593661170592,Normal,Sensor Risk
/content/dacon_01/agv01_0901_0812/agv01_0901_081525.json,agv01,2024-09-01 08:15:25,0,50.0,32.0,22.0,30.0,1.73,74.51,49.04,18.95,50.06,36.0575,74.51,32.239643685996285,0.0008707221476607,20.06,34.666666666666664,14.040833176281087,0.015974883490777258,0.8369349830028834,10.0,9.579305648803711,11.934708199838923,Normal,Sensor Risk
/content/dacon_01/agv01_0901_0812/agv01_0901_081526.json,agv01,2024-09-01 08:15:26,0,49.0,32.0,22.0,30.0,1.66,74.73,48.95,19.02,50.07,36.09,74.73,32.327691947719785,0.0008368661263968,20.07,34.333333333333336,13.856877380065105,0.015432774665614633,0.6064488237812178,10.0,9.51335620880127,11.778345773055339,Normal,Sensor Risk
/content/dacon_01/agv01_0901_0812/agv01_0901_081527.json,agv01,2024-09-01 08:15:27,0,51.0,32.0,23.0,29.78,1.99,74.48,49.03,18.99,50.08,36.1225,74.48,32.127099023513885,0.0007752567438901,20.3,35.333333333333336,14.345830782072044,0.015693851023594774,0.7174495753302667,10.0,9.659138679504395,12.193956164761238,Normal,Sensor Risk
/content/dacon_01/agv01_0901_0812/agv01_0901_081528.json,agv01,2024-09-01 08:15:28,0,49.0,32.0,23.0,29.0,1.61,74.55,49.02,18.95,50.14,36.0325,74.55,32.29547581834541,0.0009599386245515,21.14,34.666666666666664,13.554981154486372,0.01595856416469004,0.8299965628622406,10.0,9.827569961547852,11.521733981313416,Normal,Sensor Risk
/content/dacon_01/agv01_0901_0812/agv01_0901_081529.json,agv01,2024-09-01 08:15:29,0,50.0,32.0,22.0,29.89,1.67,74.69,48.95,19.02,50.14,36.0825,74.69,32.30820677474997,0.0008747162786458,20.25,34.666666666666664,14.024427506412358,0.015785666534049957,0.756486394838681,10.0,9.951546669006348,11.920763380450504,Normal,Sensor Risk
/content/dacon_01/agv01_0901_0812/agv01_0901_081530.json,agv01,2024-09-01 08:15:30,0,50.0,32.0,24.0,31.0,1.93,74.44,48.99,18.98,50.15,36.085,74.44,32.128855670046306,0.0008482933565774,19.15,35.333333333333336,14.987745055660971,0.015904666222255108,0.807080998375624,10.0,10.098329544067383,12.739583297311825,Normal,Sensor Risk
/content/dacon_01/agv01_0901_0812/agv01_0901_081531.json,agv01,2024-09-01 08:15:31,0,49.0,33.0,23.0,30.22,1.55,74.59,49.01,18.95,50.1,36.025,74.59,32.33136093640353,0.0010311334198717,19.880000000000003,35.0,14.383142882411864,0.016041557116566175,0.8652823317568168,10.0,10.360169410705566,12.225671450050084,Normal,Sensor Risk
/content/dacon_01/agv01_0901_0812/agv01_0901_081532.json,agv01,2024-09-01 08:15:32,0,50.0,31.0,23.0,30.0,1.82,74.61,48.98,19.05,50.1,36.115,74.61,32.221806798088366,0.0011288383978924,20.1,34.666666666666664,14.06527734612129,0.015935620082753375,0.8202415227725262,10.0,10.71111011505127,11.955485744203097,Normal,Sensor Risk
/content/dacon_01/agv01_0901_0812/agv01_0901_081533.json,agv01,2024-09-01 08:15:33,0,49.0,32.0,23.0,30.0,1.91,74.46,49.05,18.96,50.14,36.095,74.46,32.1554956422693,0.0009937458356888,20.14,34.666666666666664,14.05934712213675,0.016062020763476327,0.8739827755811252,10.0,10.6139554977417,11.950445053816237,Normal,Sensor Risk
/content/dacon_01/agv01_0901_0812/agv01_0901_081534.json,agv01,2024-09-01 08:15:34,0,50.0,32.0,23.0,30.33,1.58,74.71,48.99,18.98,50.34,36.065,74.71,32.360490828580865,0.0008502819806237,20.010000000000005,35.0,14.51486067629759,0.016304872448776327,0.9772350186865831,10.0,10.794211387634277,12.337631574852951,Normal,Sensor Risk
/content/dacon_01/agv01_0901_0812/agv01_0901_081535.json,agv01,2024-09-01 08:15:35,0,50.0,33.0,24.0,31.0,1.84,74.58,48.99,19.05,50.27,36.115,74.58,32.20409756537202,0.0009506487358664,19.270000000000003,35.666666666666664,15.244341479797695,0.01608417257222151,0.8834009681662739,10.0,10.607905387878418,12.957690257828041,Normal,Sensor Risk
/content/dacon_01/agv01_0901_0812/agv01_0901_081536.json,agv01,2024-09-01 08:15:36,0,50.0,32.0,23.0,30.33,1.74,74.48,49.05,18.95,50.26,36.055,74.48,32.22551215005486,0.001001926675233,19.93,35.0,14.471904572631951,0.01625933772018478,0.95787520711901,10.0,10.589439392089844,12.301118886737157,Normal,Sensor Risk
/content/dacon_01/agv01_0901_0812/agv01_0901_081537.json,agv01,2024-09-01 08:15:37,0,50.0,31.0,23.0,30.0,1.58,74.71,48.96,18.98,50.22,36.0575,74.71,32.35649999098584,0.0007786280027488,20.22,34.666666666666664,14.103461737505999,0.015809864992482093,0.7667747529768001,10.0,10.695340156555176,11.987942476880098,Normal,Sensor Risk
/content/dacon_01/agv01_0901_0812/agv01_0901_081538.json,agv01,2024-09-01 08:15:38,0,50.0,32.0,24.0,31.0,1.89,74.5,48.98,19.03,50.25,36.1,74.5,32.15671728685418,0.0007008034815035,19.25,35.333333333333336,15.019155347305276,0.01568970885264519,0.7156884656993313,10.0,10.77835750579834,12.766282045209485,Normal,Sensor Risk
/content/dacon_01/agv01_0901_0812/agv01_0901_081539.json,agv01,2024-09-01 08:15:39,0,50.0,32.0,23.0,30.67,1.75,74.52,49.03,18.95,50.32,36.0625,74.52,32.235180962213725,0.0006994226372333,19.65,35.0,14.662689830738723,0.01592792395906836,0.8169693938074204,10.0,10.542729377746582,12.463286356127913,Normal,Sensor Risk
/content/dacon_01/agv01_0901_0812/agv01_0901_081540.json,agv01,2024-09-01 08:15:40,0,51.0,32.0,23.0,30.0,1.71,74.77,48.95,19.01,50.35,36.11,74.77,32.327651734492974,0.0007735858764181,20.35,35.333333333333336,14.561654499493264,0.01578495397578879,0.7561834394001883,10.0,10.19773006439209,12.377406324569273,Normal,Sensor Risk
/content/dacon_01/agv01_0901_0812/agv01_0901_081541.json,agv01,2024-09-01 08:15:41,0,49.0,32.0,23.0,30.0,1.92,74.44,49.04,19.01,50.36,36.1025,74.44,32.133781160434054,0.0007049017824143,20.36,34.666666666666664,14.113661379930464,0.01592343457595776,0.8150606614230581,10.0,10.13831901550293,11.996612172940894,Normal,Sensor Risk
/content/dacon_01/agv01_0901_0812/agv01_0901_081542.json,agv01,2024-09-01 08:15:42,0,51.0,32.0,23.0,30.0,1.59,74.56,49.01,18.95,50.4,36.0275,74.56,32.30521771582211,0.0009031662229181,20.4,35.333333333333336,14.555979230289084,0.01549924728834474,0.6347107128988816,10.0,10.163859367370605,12.372582345745721,Normal,Sensor Risk
/content/dacon_01/agv01_0901_0812/agv01_0901_081543.json,agv01,2024-09-01 08:15:43,0,50.0,32.0,22.0,30.0,1.71,74.69,48.95,19.0,50.5,36.0875,74.69,32.29753383258026,0.0008683512467144,20.5,34.666666666666664,14.179262192888553,0.015598079391890212,0.676730748169771,10.0,9.951726913452148,12.05237286395527,Normal,Sensor Risk
/content/dacon_01/agv01_0901_0812/agv01_0901_081544.json,agv01,2024-09-01 08:15:44,0,50.0,32.0,22.0,30.22,1.86,74.42,49.03,18.99,50.61,36.075,74.42,32.14931051619408,0.0008326973258018,20.39,34.666666666666664,14.29461326967044,0.01575694935515593,0.7442768310763132,10.0,9.84923267364502,12.150421279219874,Normal,Sensor Risk
/content/dacon_01/agv01_0901_0812/agv01_0901_081545.json,agv01,2024-09-01 08:15:45,0,50.0,32.0,23.0,31.0,1.56,74.61,48.99,18.95,50.51,36.0275,74.61,32.333085609016656,0.0010059391515542,19.51,35.0,14.897091773936415,0.01590317136674605,0.8064454368630982,10.0,9.826776504516602,12.662528007845953,Normal,Sensor Risk
/content/dacon_01/agv01_0901_0812/agv01_0901_081546.json,agv01,2024-09-01 08:15:46,0,50.0,32.0,22.0,30.38,1.79,74.6,48.95,19.01,50.47,36.0875,74.6,32.23153773868073,0.0009009889596366,20.09,34.666666666666664,14.357374298395385,0.016142683191397927,0.9082776852785771,10.0,9.687739372253418,12.203768153636076,Normal,Sensor Risk
/content/dacon_01/agv01_0901_0812/agv01_0901_081547.json,agv01,2024-09-01 08:15:47,0,49.0,33.0,23.0,30.0,2.03,74.46,49.05,18.95,50.54,36.1225,74.46,32.11478099463444,0.0010370647266619,20.54,35.0,14.37769977012962,0.016402636504269694,1.0188009563999938,10.0,9.605025291442871,12.221044804610177,Normal,Sensor Risk
/content/dacon_01/agv01_0901_0812/agv01_0901_081548.json,agv01,2024-09-01 08:15:48,0,49.0,32.0,23.0,30.0,1.7,74.7,48.95,19.05,50.63,36.1,74.7,32.29625881326401,0.0008792982196245,20.630000000000003,34.666666666666664,14.215980844846152,0.01610395969896946,0.891813778721053,10.0,9.54205322265625,12.083583718119229,Normal,Sensor Risk
/content/dacon_01/agv01_0901_0812/agv01_0901_081549.json,agv01,2024-09-01 08:15:49,0,50.0,31.0,23.0,30.11,1.91,74.48,49.03,19.03,50.62,36.1125,74.48,32.148352342434805,0.0009407271324846,20.51,34.666666666666664,14.24839732865356,0.016110522170634647,0.894603917562007,10.0,9.583695411682129,12.111137729355526,Normal,Sensor Risk
/content/dacon_01/agv01_0901_0812/agv01_0901_081550.json,agv01,2024-09-01 08:15:50,0,49.0,32.0,23.0,31.0,1.66,74.56,49.04,18.95,50.7,36.0525,74.56,32.284373283886644,0.0010180161425687,19.700000000000003,34.666666666666664,14.73588218467575,0.015893679828027384,0.8024099587398392,10.0,9.5023832321167,12.525499856974388,Normal,Sensor Risk
/content/dacon_01/agv01_0901_0812/agv01_0901_081551.json,agv01,2024-09-01 08:15:51,0,48.0,32.0,23.0,31.0,1.64,74.75,48.95,19.01,50.69,36.0875,74.75,32.34452078791708,0.0006782929550044,19.69,34.333333333333336,14.53934485447481,0.015533882013732894,0.6494362153439268,10.0,9.43172550201416,12.35844312630359,Normal,Sensor Risk
/content/dacon_01/agv01_0901_0812/agv01_0901_081552.json,agv01,2024-09-01 08:15:52,0,50.0,32.0,23.0,31.0,1.98,74.49,49.02,19.01,50.7,36.125,74.49,32.12972922388236,0.0007535440725059,19.700000000000003,35.0,14.933643089858714,0.01562048571229465,0.6862571504207577,10.0,9.457945823669434,12.693596626379907,Normal,Sensor Risk
/content/dacon_01/agv01_0901_0812/agv01_0901_081553.json,agv01,2024-09-01 08:15:53,0,51.0,32.0,23.0,31.0,1.63,74.56,49.02,18.95,50.65,36.04,74.56,32.29234687455631,0.0009323038556669,19.65,35.333333333333336,15.137720976024584,0.01593650469583107,0.820617630043265,10.0,9.450650215148926,12.867062829620895,Normal,Sensor Risk
/content/dacon_01/agv01_0901_0812/agv01_0901_081554.json,agv01,2024-09-01 08:15:54,0,49.0,32.0,23.0,31.0,1.77,74.69,48.96,19.04,50.62,36.115,74.69,32.270519570241404,0.0009804120571476,19.62,34.666666666666664,14.726546852078167,0.015713563380267085,0.7258305962023133,10.0,9.641213417053223,12.517564824266442,Normal,Sensor Risk
/content/dacon_01/agv01_0901_0812/agv01_0901_081555.json,agv01,2024-09-01 08:15:55,0,50.0,32.0,22.0,29.0,1.94,74.43,49.05,18.98,50.66,36.1,74.43,32.12938115391166,0.000943465826141,21.66,34.666666666666664,13.684979565585747,0.015946582965748073,0.8249025662349462,10.0,9.649310111999512,11.632232630747884,Normal,Sensor Risk
/content/dacon_01/agv01_0901_0812/agv01_0901_081556.json,agv01,2024-09-01 08:15:56,0,50.0,32.0,22.0,29.25,1.58,74.61,49.0,18.95,50.7,36.035,74.61,32.327316106764364,0.0010550637889007,21.450000000000003,34.666666666666664,13.84373390576158,0.015475771802343167,0.6247297379484346,10.0,9.514849662780762,11.767173819897343,Normal,Sensor Risk
/content/dacon_01/agv01_0901_0812/agv01_0901_081557.json,agv01,2024-09-01 08:15:57,0,50.0,32.0,24.0,30.0,1.77,74.64,49.01,19.03,50.76,36.1125,74.64,32.2590187647837,0.0011052969341445,20.76,35.333333333333336,14.66521622206377,0.015718905040898616,0.728101687882951,10.0,9.73546028137207,12.465433788754204,Normal,Sensor Risk
/content/dacon_01/agv01_0901_0812/agv01_0901_081558.json,agv01,2024-09-01 08:15:58,0,51.0,32.0,23.0,30.0,1.87,74.47,49.05,18.97,50.72,36.09,74.47,32.17187591670712,0.0009900128295141,20.72,35.333333333333336,14.635654839981326,0.015633696570071902,0.6918739559914638,10.0,9.955595970153809,12.440306613984127,Normal,Sensor Risk
/content/dacon_01/agv01_0901_0812/agv01_0901_081559.json,agv01,2024-09-01 08:15:59,0,50.0,32.0,23.0,30.0,1.61,74.7,48.97,18.99,50.68,36.0675,74.7,32.34143304905747,0.0008492285124327,20.68,35.0,14.437591331084532,0.01574733113090469,0.7401874905909661,10.0,9.952423095703125,12.271952631421852,Normal,Sensor Risk
/content/dacon_01/agv01_0901_0812/agv01_0901_081600.json,agv01,2024-09-01 08:16:00,0,50.0,33.0,22.0,30.0,1.82,74.55,48.96,19.05,50.67,36.095,74.55,32.19525275564707,0.000773585876418,20.67,35.0,14.41877745721282,0.01595210290814498,0.8272494572338264,10.0,10.158234596252441,12.255960838630896,Normal,Sensor Risk
/content/dacon_01/agv01_0901_0812/agv01_0901_081601.json,agv01,2024-09-01 08:16:01,0,51.0,32.0,23.0,30.0,1.87,74.53,49.05,18.95,50.61,36.1,74.53,32.19928984724146,0.000773585876418,20.61,35.333333333333336,14.608686284733405,0.01621395710242575,0.9385809182144761,10.0,10.391936302185059,12.417383342023394,Normal,Sensor Risk
/content/dacon_01/agv01_0901_0812/agv01_0901_081602.json,agv01,2024-09-01 08:16:02,0,50.0,32.0,23.0,30.0,1.62,74.68,48.96,18.98,50.69,36.06,74.68,32.33034900316832,0.0005542085209562,20.69,35.0,14.434367331292963,0.01579803712515782,0.761745947717012,10.0,10.6211519241333,12.269212231599019,Normal,Sensor Risk
/content/dacon_01/agv01_0901_0812/agv01_0901_081603.json,agv01,2024-09-01 08:16:03,0,50.0,33.0,23.0,30.0,1.94,74.5,49.02,19.03,50.74,36.1225,74.5,32.14433529669989,0.0006298372871355,20.74,35.333333333333336,14.639315752376456,0.015924976660130836,0.8157163029506462,10.0,10.966486930847168,12.443418389519987,Normal,Sensor Risk
/content/dacon_01/agv01_0901_0812/agv01_0901_081604.json,agv01,2024-09-01 08:16:04,0,49.0,33.0,22.0,30.0,1.69,74.51,49.05,18.95,50.71,36.05,74.51,32.25518666302625,0.0007690396688432,20.71,34.666666666666664,14.217309872563899,0.015592424147109651,0.6743263312179923,10.0,10.739143371582031,12.084713391679314,Normal,Sensor Risk
/content/dacon_01/agv01_0901_0812/agv01_0901_081605.json,agv01,2024-09-01 08:16:05,0,50.0,31.0,22.0,30.0,1.71,74.7,48.95,19.04,50.71,36.1,74.7,32.294469082697944,0.0007593993212136,20.71,34.333333333333336,14.027929474371911,0.01566243178863114,0.7040911896034184,10.0,10.771056175231934,11.923740053216124,Normal,Sensor Risk
/content/dacon_01/agv01_0901_0812/agv01_0901_081606.json,agv01,2024-09-01 08:16:06,0,50.0,32.0,23.0,30.0,1.96,74.46,49.04,19.01,50.72,36.11749999999999,74.46,32.1275565779078,0.0008308318973337,20.72,35.0,14.424185203384377,0.0159458932165582,0.824609308434629,10.0,11.046685218811035,12.26055742287672,Normal,Sensor Risk
/content/dacon_01/agv01_0901_0812/agv01_0901_081607.json,agv01,2024-09-01 08:16:07,0,50.0,32.0,23.0,30.0,1.64,74.58,49.02,18.95,50.68,36.0475,74.58,32.29674841734588,0.0009534329145385,20.68,35.0,14.42693516655332,0.015651598618789904,0.6994852957440931,10.0,10.822088241577148,12.262894891570323,Normal,Sensor Risk
/content/dacon_01/agv01_0901_0812/agv01_0901_081608.json,agv01,2024-09-01 08:16:08,0,50.0,32.0,23.0,30.44,1.73,74.68,48.95,19.04,50.66,36.1,74.68,32.279402101030314,0.0009120968170946,20.219999999999995,35.0,14.656651659489398,0.015753569865792242,0.7428399876098123,10.0,10.733357429504395,12.458153910565988,Normal,Sensor Risk
/content/dacon_01/agv01_0901_0812/agv01_0901_081609.json,agv01,2024-09-01 08:16:09,0,50.0,32.0,22.0,31.0,1.98,74.45,49.0,18.96,50.67,36.0975,74.45,32.1200169935613,0.0008119867907065,19.67,34.666666666666664,14.713867298575373,0.015472123450676388,0.6231785834124174,10.0,10.55994987487793,12.506787203789067,Normal,Sensor Risk
/content/dacon_01/agv01_0901_0812/agv01_0901_081610.json,agv01,2024-09-01 08:16:10,0,50.0,32.0,22.0,30.33,1.54,74.64,49.01,18.97,50.72,36.04,74.64,32.35127921221457,0.0008837351312667,20.39,34.666666666666664,14.403912334934788,0.015766984139367883,0.7485432786312612,10.0,10.546380043029785,12.24332548469457,Normal,Sensor Risk
/content/dacon_01/agv01_0901_0812/agv01_0901_081611.json,agv01,2024-09-01 08:16:11,0,50.0,32.0,23.0,30.0,1.83,74.66,48.98,19.05,50.81,36.13,74.66,32.23817509309938,0.0010225787984127,20.81,35.0,14.471463533741412,0.01586098773647572,0.7885103978603324,10.0,10.184744834899902,12.3007440036802,Normal,Sensor Risk
/content/dacon_01/agv01_0901_0812/agv01_0901_081612.json,agv01,2024-09-01 08:16:12,0,50.0,32.0,22.0,30.0,1.87,74.46,49.05,18.96,50.77,36.085,74.46,32.16967360729667,0.0009455857738837,20.770000000000003,34.666666666666664,14.231068712965467,0.01569858149550615,0.7194608104394387,10.0,9.931979179382324,12.096408406020647,Normal,Sensor Risk
/content/dacon_01/agv01_0901_0812/agv01_0901_081613.json,agv01,2024-09-01 08:16:13,0,50.0,33.0,22.0,30.25,1.59,74.68,48.98,18.96,50.76,36.0525,74.68,32.34718676587914,0.0009177420720647,20.51,35.0,14.586626162744937,0.016090707107332916,0.8861792293386043,10.0,9.827905654907227,12.398632238333196,Normal,Sensor Risk
/content/dacon_01/agv01_0901_0812/agv01_0901_081614.json,agv01,2024-09-01 08:16:14,0,50.0,32.0,23.0,31.0,1.76,74.53,48.98,19.03,50.78,36.075,74.53,32.214785942689936,0.0008948938077034,19.78,35.0,14.961441352166183,0.015644284577807286,0.6963756152957666,10.0,9.623867988586426,12.717225149341255,Normal,Sensor Risk
/content/dacon_01/agv01_0901_0812/agv01_0901_081615.json,agv01,2024-09-01 08:16:15,0,48.0,32.0,23.0,30.44,1.84,74.53,49.05,18.95,50.94,36.0925,74.53,32.209922254899446,0.0008815810016285,20.5,34.333333333333336,14.301118888823233,0.015706624034755142,0.7228802234721147,10.0,9.76016616821289,12.155951055499747,Normal,Sensor Risk
/content/dacon_01/agv01_0901_0812/agv01_0901_081616.json,agv01,2024-09-01 08:16:16,0,50.0,32.0,23.0,30.0,1.59,74.67,48.96,19.02,50.97,36.06,74.67,32.32998917413985,0.0007665387202075,20.97,35.0,14.512814237556304,0.015750757361282515,0.7416442067404525,10.0,9.886954307556152,12.335892101922859,Normal,Sensor Risk
/content/dacon_01/agv01_0901_0812/agv01_0901_081617.json,agv01,2024-09-01 08:16:17,0,50.0,32.0,23.0,30.0,1.91,74.49,48.98,19.01,50.99,36.0975,74.49,32.14918700371753,0.0004985786640967,20.99,35.0,14.496619545133015,0.015550810931420677,0.6566338130153284,10.0,9.990574836730957,12.322126613363062,Normal,Sensor Risk
/content/dacon_01/agv01_0901_0812/agv01_0901_081618.json,agv01,2024-09-01 08:16:18,0,51.0,33.0,24.0,30.0,1.95,74.47,49.05,18.95,51.04,36.105,74.47,32.14708021993081,0.0005902514349815,21.04,36.0,15.134518614861609,0.01570704577138626,0.7230595314851879,10.0,10.191733360290527,12.864340822632368,Normal,Sensor Risk
/content/dacon_01/agv01_0901_0812/agv01_0901_081619.json,agv01,2024-09-01 08:16:19,0,50.0,33.0,23.0,30.0,1.8,74.68,48.98,19.01,51.05,36.1175,74.68,32.26384806043239,0.0005758072230975,21.05,35.333333333333336,14.741485158186828,0.015605054236945142,0.679696214093324,10.0,10.365964889526367,12.530262384458803,Normal,Sensor Risk
/content/dacon_01/agv01_0901_0812/agv01_0901_081620.json,agv01,2024-09-01 08:16:20,0,50.0,32.0,23.0,30.0,1.94,74.46,49.05,18.98,51.12,36.1075,74.46,32.14131233060239,0.000551754335443,21.12,35.0,14.529886511525072,0.01529327912485201,0.5471400836785623,10.0,10.311356544494629,12.35040353479631,Normal,Sensor Risk
/content/dacon_01/agv01_0901_0812/agv01_0901_081621.json,agv01,2024-09-01 08:16:21,0,49.0,30.0,24.0,30.0,1.55,74.67,48.99,18.96,51.18,36.0425,74.67,32.35874881697375,0.0008297527245731,21.18,34.333333333333336,14.154449765978978,0.015489098267376518,0.6303956957763993,10.0,10.098493576049805,12.03128230108213,Normal,Sensor Risk
/content/dacon_01/agv01_0901_0812/agv01_0901_081622.json,agv01,2024-09-01 08:16:22,0,50.0,32.0,23.0,30.88,1.81,74.62,48.96,19.05,51.27,36.11000000000001,74.62,32.22667735484584,0.000757000702998,20.390000000000004,35.0,15.041142035251912,0.015515397981971001,0.6415774362759936,10.0,10.156950950622559,12.784970729964126,Normal,Sensor Risk
/content/dacon_01/agv01_0901_0812/agv01_0901_081623.json,agv01,2024-09-01 08:16:23,0,51.0,32.0,23.0,31.0,1.87,74.47,49.05,18.96,51.26,36.0875,74.47,32.17365006233103,0.0007637649952673,20.26,35.333333333333336,15.293319453934316,0.015521794616932198,0.6442970670138017,10.0,10.1187105178833,12.99932153584417,Normal,Sensor Risk
/content/dacon_01/agv01_0901_0812/agv01_0901_081624.json,agv01,2024-09-01 08:16:24,0,50.0,33.0,23.0,31.0,1.61,74.66,48.98,18.96,51.28,36.0525,74.66,32.33212373166971,0.0008804090912149,20.28,35.333333333333336,15.31943573193206,0.015449570958892862,0.613590034082855,10.0,10.189794540405273,13.02152037214225,Normal,Sensor Risk
/content/dacon_01/agv01_0901_0812/agv01_0901_081625.json,agv01,2024-09-01 08:16:25,0,51.0,32.0,24.0,30.56,1.88,74.53,49.02,19.04,51.27,36.1175,74.53,32.17577802737125,0.0008804090912149,20.710000000000004,35.666666666666664,15.286278048592045,0.015613838600817052,0.6834310256220509,10.0,10.182439804077148,12.993336341303237,Normal,Sensor Risk
/content/dacon_01/agv01_0901_0812/agv01_0901_081626.json,agv01,2024-09-01 08:16:26,0,49.0,32.0,24.0,30.0,1.81,74.51,49.05,18.95,51.23,36.08,74.51,32.21260415841394,0.0008322166824223,21.23,35.0,14.568760227029088,0.01560135238725689,0.6781223140255559,10.0,10.150289535522461,12.383446192974725,Normal,Sensor Risk
/content/dacon_01/agv01_0901_0812/agv01_0901_081627.json,agv01,2024-09-01 08:16:27,0,51.0,31.0,23.0,30.0,1.62,74.74,48.97,19.01,51.26,36.085,74.74,32.35029160095264,0.0006420439394956,21.26,35.0,14.597520415958288,0.015410151024698799,0.5968300242703698,10.0,9.954155921936035,12.407892353564543,Normal,Sensor Risk
/content/dacon_01/agv01_0901_0812/agv01_0901_081628.json,agv01,2024-09-01 08:16:28,0,50.0,31.0,23.0,30.0,1.97,74.49,49.02,19.02,51.34,36.125,74.49,32.13149700838727,0.0007340539211991,21.340000000000003,34.666666666666664,14.387199276005768,0.015508913573940646,0.6388204874266654,10.0,10.044188499450684,12.229119384604903,Normal,Sensor Risk
/content/dacon_01/agv01_0901_0812/agv01_0901_081629.json,agv01,2024-09-01 08:16:29,0,50.0,32.0,23.0,30.0,1.69,74.53,49.04,18.95,51.38,36.0525,74.53,32.26179409662974,0.000857973301469,21.380000000000003,35.0,14.612153506299942,0.015544527809734254,0.6539624442454298,10.0,10.241537094116211,12.42033048035495,Normal,Sensor Risk
/content/dacon_01/agv01_0901_0812/agv01_0901_081630.json,agv01,2024-09-01 08:16:30,0,50.0,32.0,23.0,30.0,1.68,74.72,48.95,19.01,51.36,36.09,74.72,32.318369389559244,0.0007326278430225,21.36,35.0,14.624084792537834,0.015456393708298361,0.6164908341303984,10.0,9.987825393676758,12.430472073657159,Normal,Sensor Risk
/content/dacon_01/agv01_0901_0812/agv01_0901_081631.json,agv01,2024-09-01 08:16:31,0,50.0,32.0,23.0,30.0,1.95,74.46,49.03,19.01,51.31,36.1125,74.46,32.12976021800764,0.0007073198457059,21.31,35.0,14.583953657313035,0.015341431556046944,0.5676128529974832,10.0,9.857226371765137,12.39636060871608,Normal,Sensor Risk
/content/dacon_01/agv01_0901_0812/agv01_0901_081632.json,agv01,2024-09-01 08:16:32,0,49.0,32.0,22.0,30.56,1.57,74.57,49.02,18.95,51.33,36.0275,74.57,32.31764056466169,0.0010139682168445,20.77,34.333333333333336,14.475166678063232,0.015490370999994674,0.630936818221301,10.0,9.687788963317871,12.303891676353746,Normal,Sensor Risk
/content/dacon_01/agv01_0901_0812/agv01_0901_081633.json,agv01,2024-09-01 08:16:33,0,49.0,31.0,24.0,31.0,1.77,74.64,48.96,19.04,51.4,36.1025,74.64,32.25060038200839,0.0010405976641553,20.4,34.666666666666664,14.935737645969654,0.014953591465164845,0.4027164912517019,10.0,9.635152816772461,12.695376999074206,Normal,Sensor Risk
/content/dacon_01/agv01_0901_0812/agv01_0901_081634.json,agv01,2024-09-01 08:16:34,0,50.0,32.0,23.0,30.11,1.91,74.43,49.05,18.97,51.42,36.09,74.43,32.14179003519665,0.0008999080604591,21.31,35.0,14.670040609183769,0.015166503083727311,0.4932392404458511,10.0,9.573722839355469,12.469534517806203,Normal,Sensor Risk
/content/dacon_01/agv01_0901_0812/agv01_0901_081635.json,agv01,2024-09-01 08:16:35,0,51.0,31.0,23.0,29.78,1.62,74.64,48.98,18.97,51.37,36.0525,74.64,32.318850407566586,0.000899908060459,21.59,35.0,14.50817723572491,0.014922218601732611,0.38937782111639807,10.0,9.500814437866211,12.331950650366172,Normal,Sensor Risk
/content/dacon_01/agv01_0901_0812/agv01_0901_081636.json,agv01,2024-09-01 08:16:36,0,50.0,32.0,23.0,29.0,1.8,74.62,48.99,19.05,51.34,36.115,74.62,32.23421629262918,0.000986335173398,22.340000000000003,35.0,14.099015632597384,0.014938110022689844,0.39613431060890647,10.0,9.626778602600098,11.984163287707776,Normal,Sensor Risk
/content/dacon_01/agv01_0901_0812/agv01_0901_081637.json,agv01,2024-09-01 08:16:37,0,49.0,32.0,23.0,29.56,1.88,74.49,49.05,18.96,51.31,36.095,74.49,32.17805929511598,0.0009248721282406,21.750000000000004,34.666666666666664,14.155848162032864,0.015064071598459796,0.4496888709871029,10.0,9.563393592834473,12.032470937727934,Normal,Sensor Risk
/content/dacon_01/agv01_0901_0812/agv01_0901_081638.json,agv01,2024-09-01 08:16:38,0,50.0,31.0,24.0,30.0,1.62,74.66,48.97,19.03,51.19,36.07,74.66,32.314920186605235,0.00062884964145,21.19,35.0,14.570157303207893,0.015186343860254985,0.5016748610548074,10.0,9.528133392333984,12.384633707726708,Normal,Sensor Risk
/content/dacon_01/agv01_0901_0812/agv01_0901_081639.json,agv01,2024-09-01 08:16:39,0,50.0,33.0,23.0,30.88,1.9,74.5,49.01,19.04,51.05,36.1125,74.5,32.15540947233192,0.0006740027948982,20.17,35.333333333333336,15.17612039746738,0.015202836343358284,0.5086869016453054,10.0,9.495699882507324,12.899702337847273,Normal,Sensor Risk
/content/dacon_01/agv01_0901_0812/agv01_0901_081640.json,agv01,2024-09-01 08:16:40,0,50.0,33.0,24.0,31.0,1.78,74.51,49.05,18.95,50.97,36.0725,74.51,32.22324458627136,0.0006993351336478,19.97,35.666666666666664,15.425463757015297,0.015041355635151913,0.440030819148003,10.0,9.439821243286133,13.111644193463002,Normal,Sensor Risk
/content/dacon_01/agv01_0901_0812/agv01_0901_081641.json,agv01,2024-09-01 08:16:41,0,50.0,32.0,23.0,30.0,1.62,74.72,48.96,18.99,51.01,36.072500000000005,74.72,32.34451769620317,0.0005769438567871,21.01,35.0,14.526240410150947,0.014909992184840732,0.3841795661910945,10.0,9.634084701538086,12.347304348628304,Normal,Sensor Risk
/content/dacon_01/agv01_0901_0812/agv01_0901_081642.json,agv01,2024-09-01 08:16:42,0,51.0,32.0,24.0,30.0,1.92,74.49,48.99,19.02,51.01,36.105,74.49,32.14520648557106,0.0005173274706921,21.01,35.666666666666664,14.919009279561951,0.015102932426183626,0.4662111678221591,10.0,9.533242225646973,12.68115788762766,Normal,Sensor Risk
/content/dacon_01/agv01_0901_0812/agv01_0901_081643.json,agv01,2024-09-01 08:16:43,0,50.0,32.0,23.0,30.0,1.67,74.53,49.04,18.95,51.01,36.0475,74.53,32.26889562721352,0.0006732238249169,21.01,35.0,14.508447879979283,0.015059553370253217,0.4477678746530016,10.0,9.727317810058594,12.33218069798239,Normal,Sensor Risk
/content/dacon_01/agv01_0901_0812/agv01_0901_081644.json,agv01,2024-09-01 08:16:44,0,50.0,32.0,22.0,30.75,1.69,74.71,48.95,19.0,51.01,36.0875,74.71,32.31259854917273,0.0006622657016179,20.26,34.666666666666664,14.702759542869671,0.014970757621757445,0.41001495480362676,10.0,9.663272857666016,12.49734561143922,Normal,Sensor Risk
/content/dacon_01/agv01_0901_0812/agv01_0901_081645.json,agv01,2024-09-01 08:16:45,0,49.0,32.0,23.0,31.0,1.93,74.43,48.97,19.01,50.99,36.085,74.43,32.11687977787797,0.0005343555685663,19.99,34.666666666666664,14.795691516183881,0.015263685979965195,0.5345580890906559,10.0,9.8252534866333,12.576337788756298,Normal,Sensor Risk
/content/dacon_01/agv01_0901_0812/agv01_0901_081646.json,agv01,2024-09-01 08:16:46,0,50.0,32.0,23.0,31.0,1.58,74.56,49.02,18.95,50.93,36.0275,74.56,32.3101112914621,0.0007910437126321,19.93,35.0,15.004103066651234,0.015105918762661734,0.46748085610804163,10.0,10.055879592895508,12.753487606653549,Normal,Sensor Risk
/content/dacon_01/agv01_0901_0812/agv01_0901_081647.json,agv01,2024-09-01 08:16:47,0,50.0,32.0,22.0,31.0,1.73,74.64,48.95,18.98,50.92,36.075,74.64,32.274049947287374,0.0007923491748716,19.92,34.666666666666664,14.801085788431028,0.014944280592249387,0.3987578260581571,10.0,10.227836608886719,12.580922920166373,Normal,Sensor Risk
/content/dacon_01/agv01_0901_0812/agv01_0901_081648.json,agv01,2024-09-01 08:16:48,0,50.0,32.0,22.0,31.0,2.01,74.46,49.04,18.98,50.94,36.1225,74.46,32.115176448734225,0.0009211301733646,19.94,34.666666666666664,14.790204834558065,0.01476966836494681,0.32451867008788066,10.0,10.288690567016602,12.571674109374355,Normal,Sensor Risk
/content/dacon_01/agv01_0901_0812/agv01_0901_081649.json,agv01,2024-09-01 08:16:49,0,50.0,32.0,24.0,30.0,1.75,74.8,48.95,18.95,50.95,36.1125,74.8,32.33603188910683,0.0009253600031628,20.950000000000003,35.333333333333336,14.730858923816784,0.01470861949519703,0.29856277551407534,10.0,10.121105194091797,12.521230085244266,Normal,Sensor Risk
/content/dacon_01/agv01_0901_0812/agv01_0901_081650.json,agv01,2024-09-01 08:16:50,0,50.0,32.0,23.0,30.0,1.88,74.54,49.04,19.03,50.96,36.1225,74.54,32.18420148147224,0.0010196218876361,20.96,35.0,14.500411779296481,0.014698491775473629,0.2942568149534444,10.0,9.969029426574707,12.325350012402009,Normal,Sensor Risk
/content/dacon_01/agv01_0901_0812/agv01_0901_081651.json,agv01,2024-09-01 08:16:51,0,50.0,32.0,23.0,30.89,1.74,74.56,49.05,18.95,50.96,36.075,74.56,32.25731803276067,0.0010346191046272,20.07,35.0,14.959148595875517,0.01467978691712998,0.2863041479642662,10.0,10.107322692871094,12.71527630649419,Normal,Sensor Risk
/content/dacon_01/agv01_0901_0812/agv01_0901_081652.json,agv01,2024-09-01 08:16:52,0,50.0,32.0,24.0,31.0,1.67,74.7,48.95,19.03,51.03,36.087500000000006,74.7,32.31043007554475,0.0006281375879034,20.03,35.333333333333336,15.251674763143916,0.014525977986933862,0.22090984348257509,10.0,10.034978866577148,12.963923548672328,Normal,Sensor Risk
/content/dacon_01/agv01_0901_0812/agv01_0901_081653.json,agv01,2024-09-01 08:16:53,0,50.0,32.0,24.0,31.0,1.98,74.45,49.01,19.0,51.14,36.11,74.45,32.11424709792629,0.0005399138260508,20.14,35.333333333333336,15.255480936015669,0.014266120803779576,0.1104274434341624,10.0,9.89400577545166,12.967158795613319,Normal,Sensor Risk
/content/dacon_01/agv01_0901_0812/agv01_0901_081654.json,agv01,2024-09-01 08:16:54,0,50.0,32.0,23.0,31.0,1.62,74.52,49.03,18.95,51.18,36.03,74.52,32.281339294810344,0.0009431352147779,20.18,35.0,15.070522277816899,0.014581826518942884,0.24465473204266516,10.0,9.834342002868652,12.809943936144364,Normal,Sensor Risk
/content/dacon_01/agv01_0901_0812/agv01_0901_081655.json,agv01,2024-09-01 08:16:55,0,51.0,32.0,23.0,31.0,1.75,74.71,48.98,19.01,51.16,36.1125,74.71,32.2935312149869,0.0009431352147779,20.16,35.333333333333336,15.292465707753037,0.014502863749605445,0.2110824591311644,10.0,9.937125205993652,12.99859585159008,Normal,Sensor Risk
/content/dacon_01/agv01_0901_0812/agv01_0901_081656.json,agv01,2024-09-01 08:16:56,0,50.0,32.0,22.0,29.44,1.93,74.44,49.05,18.98,51.18,36.1,74.44,32.13690194568647,0.0008526323448604,21.74,34.666666666666664,14.05273706783271,0.014161687679933947,0.06602604560877406,10.0,10.099527359008789,11.944826507657803,Normal,Sensor Risk
/content/dacon_01/agv01_0901_0812/agv01_0901_081657.json,agv01,2024-09-01 08:16:57,0,49.0,32.0,23.0,29.0,1.55,74.62,49.0,18.95,51.2,36.03,74.62,32.34195314654533,0.001066011988656,22.200000000000003,34.666666666666664,13.85344575455528,0.01429034112700433,0.12072509773541139,10.0,9.968289375305176,11.775428891371988,Normal,Sensor Risk
/content/dacon_01/agv01_0901_0812/agv01_0901_081658.json,agv01,2024-09-01 08:16:58,0,50.0,31.0,23.0,30.0,1.76,74.6,48.95,19.02,51.24,36.0825,74.6,32.24041601778736,0.001060919365755,21.24,34.666666666666664,14.375264860967654,0.014316860379996037,0.13200017846417927,10.0,10.053318977355957,12.218975131822505,Normal,Sensor Risk
/content/dacon_01/agv01_0901_0812/agv01_0901_081659.json,agv01,2024-09-01 08:16:59,0,50.0,31.0,23.0,30.0,1.89,74.51,49.05,18.98,51.19,36.1075,74.51,32.178921025002275,0.0010494789706613,21.19,34.666666666666664,14.352392876714514,0.01407483214546251,0.02909803850344634,10.0,10.27944278717041,12.199533945207337,Normal,Sensor Risk
/content/dacon_01/agv01_0901_0812/agv01_0901_081700.json,agv01,2024-09-01 08:17:00,0,50.0,32.0,23.0,30.0,1.58,74.61,48.98,18.95,51.15,36.03,74.61,32.32464384954613,0.0010494789706613,21.15,35.0,14.559825483297654,0.014158800392933312,0.0647984697781327,10.0,10.523816108703613,12.375851660803006,Normal,Sensor Risk
/content/dacon_01/agv01_0901_0812/agv01_0901_081701.json,agv01,2024-09-01 08:17:01,0,50.0,33.0,23.0,30.0,1.89,74.58,48.99,19.03,51.06,36.1225,74.58,32.18990253169463,0.0011058672552355,21.06,35.333333333333336,14.741277292587107,0.014176905480673716,0.072496134789222,10.0,10.282410621643066,12.53008569869904,Normal,Sensor Risk
/content/dacon_01/agv01_0901_0812/agv01_0901_081702.json,agv01,2024-09-01 08:17:02,0,51.0,32.0,23.0,30.0,1.79,74.47,49.05,18.95,51.15,36.065,74.47,32.20379428990731,0.0010731320186609,21.15,35.333333333333336,14.754415152990468,0.01416490987851273,0.06739601440507673,10.0,10.067134857177734,12.541252880041897,Normal,Sensor Risk
/content/dacon_01/agv01_0901_0812/agv01_0901_081703.json,agv01,2024-09-01 08:17:03,0,52.0,33.0,24.0,30.0,1.57,74.71,48.96,18.97,51.1,36.0525,74.71,32.36181121321858,0.0009588710201702,21.1,36.333333333333336,15.388308557098881,0.014527978869355552,0.22176055035732684,10.0,9.926973342895508,13.080062273534049,Normal,Sensor Risk
/content/dacon_01/agv01_0901_0812/agv01_0901_081704.json,agv01,2024-09-01 08:17:04,0,51.0,32.0,23.0,30.0,1.86,74.51,49.01,19.03,51.01,36.1025,74.51,32.17534602248539,0.0010031574872984,21.01,35.333333333333336,14.719191532064935,0.014275231378875911,0.11430094883526859,10.0,9.773185729980469,12.511312802255194,Normal,Sensor Risk
/content/dacon_01/agv01_0901_0812/agv01_0901_081705.json,agv01,2024-09-01 08:17:05,0,51.0,32.0,24.0,30.0,1.69,74.56,49.05,18.95,50.99,36.0625,74.56,32.27506300019672,0.0009411183143271,20.99,35.666666666666664,14.926243582355985,0.01430500656937183,0.1269603429992337,10.0,9.599993705749512,12.687307045002587,Normal,Sensor Risk
/content/dacon_01/agv01_0901_0812/agv01_0901_081706.json,agv01,2024-09-01 08:17:06,0,51.0,32.0,24.0,30.0,1.65,74.69,48.95,19.0,51.02,36.072500000000005,74.69,32.318828748373086,0.0007493928618051,21.020000000000003,35.666666666666664,14.944939789420673,0.014510252864685472,0.21422405852189824,10.0,9.551058769226074,12.703198821007572,Normal,Sensor Risk
/content/dacon_01/agv01_0901_0812/agv01_0901_081707.json,agv01,2024-09-01 08:17:07,0,50.0,32.0,23.0,30.0,1.97,74.48,49.02,19.02,50.97,36.1225,74.48,32.12751715170865,0.0007493928618051,20.97,35.0,14.493502542226276,0.014442989440897442,0.18562594780058397,10.0,9.715158462524414,12.319477160892333,Normal,Sensor Risk
/content/dacon_01/agv01_0901_0812/agv01_0901_081708.json,agv01,2024-09-01 08:17:08,0,49.0,32.0,23.0,30.0,1.67,74.54,49.03,18.95,50.95,36.0475,74.54,32.2715296352683,0.000824215286867,20.950000000000003,34.666666666666664,14.286725295830466,0.01482959681609928,0.3499982009368619,10.0,9.83309268951416,12.143716501455897,Normal,Sensor Risk
/content/dacon_01/agv01_0901_0812/agv01_0901_081709.json,agv01,2024-09-01 08:17:09,0,51.0,32.0,23.0,30.0,1.76,74.68,48.96,19.02,50.95,36.105,74.68,32.2736109951562,0.0008012761882073,20.950000000000003,35.333333333333336,14.717145188395172,0.014374267199281183,0.156407597557931,10.0,9.919402122497559,12.509573410135896,Normal,Sensor Risk
/content/dacon_01/agv01_0901_0812/agv01_0901_081710.json,agv01,2024-09-01 08:17:10,0,49.0,32.0,23.0,30.0,1.95,74.44,49.05,18.98,50.95,36.105,74.44,32.12981429555214,0.0008099059149139,20.950000000000003,34.666666666666664,14.27649045801909,0.014676253068913599,0.2848016763850189,10.0,10.122462272644043,12.135016889316226,Normal,Sensor Risk
/content/dacon_01/agv01_0901_0812/agv01_0901_081711.json,agv01,2024-09-01 08:17:11,0,49.0,32.0,23.0,29.5,1.55,74.61,49.01,18.95,50.92,36.03,74.61,32.33931353631366,0.0010121194030165,21.42,34.666666666666664,14.031588259724847,0.01451408892526127,0.21585502047569433,10.0,10.275367736816406,11.92685002076612,Normal,Sensor Risk
/content/dacon_01/agv01_0901_0812/agv01_0901_081712.json,agv01,2024-09-01 08:17:12,0,50.0,33.0,23.0,29.0,1.74,74.64,48.98,19.05,50.9,36.1025,74.64,32.262145387435105,0.0010326371232755,21.9,35.333333333333336,14.189594709810706,0.01450887330486157,0.21363751679730586,10.0,10.525525093078613,12.0611555033391,Normal,Sensor Risk
/content/dacon_01/agv01_0901_0812/agv01_0901_081713.json,agv01,2024-09-01 08:17:13,0,51.0,32.0,23.0,29.0,1.89,74.47,49.05,18.96,50.87,36.0925,74.47,32.16656066476489,0.0009165288150603,21.87,35.333333333333336,14.162758266896244,0.01441347377959434,0.1730768965863769,10.0,10.36577320098877,12.038344526861808,Normal,Sensor Risk
/content/dacon_01/agv01_0901_0812/agv01_0901_081714.json,agv01,2024-09-01 08:17:14,0,51.0,32.0,23.0,29.0,1.57,74.63,48.98,18.97,50.88,36.0375,74.63,32.33263302506205,0.000976759086102,21.880000000000003,35.333333333333336,14.182370034323409,0.014026914774054742,0.008725208578640068,10.0,10.47327995300293,12.055014529174898,Normal,Sensor Risk
/content/dacon_01/agv01_0901_0812/agv01_0901_081715.json,agv01,2024-09-01 08:17:15,0,49.0,32.0,23.0,29.0,1.85,74.55,48.98,19.01,50.87,36.0975,74.55,32.194344612058806,0.0009491175202424,21.87,34.666666666666664,13.754562624562741,0.014006392879864486,0.0,10.0,10.298535346984863,11.69137823087833,Normal,Sensor Risk
/content/dacon_01/agv01_0901_0812/agv01_0901_081716.json,agv01,2024-09-01 08:17:16,0,50.0,32.0,23.0,29.0,1.87,74.51,49.05,18.95,50.79,36.095,74.51,32.19133371991081,0.0009106005102419,21.79,35.0,13.936474982385057,0.014172842812966465,0.07076882722185787,10.0,10.052237510681152,11.846003735027299,Normal,Sensor Risk
/content/dacon_01/agv01_0901_0812/agv01_0901_081717.json,agv01,2024-09-01 08:17:17,0,49.0,31.0,22.0,29.0,1.61,74.68,48.97,18.99,50.71,36.0625,74.68,32.33347014575867,0.0007116798400898,21.71,34.0,13.303996335579386,0.014326901579554067,0.13626935360519352,10.0,9.842541694641113,11.308396885242479,Normal,Sensor Risk
/content/dacon_01/agv01_0901_0812/agv01_0901_081718.json,agv01,2024-09-01 08:17:18,0,50.0,32.0,22.0,29.67,1.84,74.47,48.95,19.02,50.7,36.07,74.47,32.16027466715212,0.0006554721821222,21.03,34.666666666666664,14.039761384827939,0.014495676679334664,0.20802676229340933,10.0,9.617284774780273,11.933797177103747,Normal,Sensor Risk
/content/dacon_01/agv01_0901_0812/agv01_0901_081719.json,agv01,2024-09-01 08:17:19,0,50.0,33.0,23.0,30.0,1.87,74.52,49.05,18.95,50.74,36.0975,74.52,32.1953116410863,0.0006770792187224,20.74,35.333333333333336,14.64195712280693,0.014364539739708072,0.15227181394415581,10.0,9.527997970581055,12.44566355438589,Normal,Sensor Risk
/content/dacon_01/agv01_0901_0812/agv01_0901_081720.json,agv01,2024-09-01 08:17:20,0,50.0,33.0,24.0,29.0,1.8,74.58,48.95,19.05,50.75,36.095,74.58,32.21296478128023,0.0004354083996674,21.75,35.666666666666664,14.342863496347542,0.014356741698509128,0.1489563531326525,10.0,9.472640991210938,12.19143397189541,Normal,Sensor Risk
/content/dacon_01/agv01_0901_0812/agv01_0901_081721.json,agv01,2024-09-01 08:17:21,0,50.0,32.0,23.0,29.0,1.92,74.46,49.05,18.98,50.8,36.1025,74.46,32.14840003794901,0.0004583106632763,21.8,35.0,13.92813163813435,0.014212551227516964,0.08765148903017786,10.0,9.533248901367188,11.838911892414197,Normal,Sensor Risk
/content/dacon_01/agv01_0901_0812/agv01_0901_081722.json,agv01,2024-09-01 08:17:22,0,50.0,31.0,23.0,29.0,1.59,74.59,48.98,18.98,50.78,36.035,74.59,32.3078530185258,0.0007246880116343,21.78,34.666666666666664,13.730950206429688,0.014506618808536908,0.21267898195202856,10.0,9.595643997192383,11.671307675465235,Normal,Sensor Risk
/content/dacon_01/agv01_0901_0812/agv01_0901_081723.json,agv01,2024-09-01 08:17:23,0,50.0,32.0,23.0,29.0,1.86,74.6,48.99,19.05,50.75,36.125,74.6,32.20496700821163,0.0008630363146465,21.75,35.0,13.933932887541603,0.014437976472393848,0.1834946047877749,10.0,9.733206748962402,11.843842954410363,Normal,Sensor Risk
/content/dacon_01/agv01_0901_0812/agv01_0901_081724.json,agv01,2024-09-01 08:17:24,0,50.0,32.0,22.0,29.0,1.74,74.47,49.05,18.95,50.71,36.0525,74.47,32.221537698667746,0.0009371396256652,21.71,34.666666666666664,13.702592000663488,0.014555195550111645,0.2333321535540696,10.0,9.680384635925293,11.647203200563965,Normal,Sensor Risk
/content/dacon_01/agv01_0901_0812/agv01_0901_081725.json,agv01,2024-09-01 08:17:25,0,50.0,33.0,23.0,29.0,1.65,74.71,48.96,18.99,50.7,36.0775,74.71,32.3298843950918,0.0009220781150267,21.700000000000003,35.333333333333336,14.140424609036236,0.014522563071924732,0.21945793824143367,10.0,9.513876914978027,12.0193609176808,Normal,Sensor Risk
/content/dacon_01/agv01_0901_0812/agv01_0901_081726.json,agv01,2024-09-01 08:17:26,0,50.0,32.0,23.0,29.0,1.82,74.53,48.98,19.03,50.68,36.09,74.53,32.19348898975278,0.0009123285463338,21.68,35.0,13.90841100468663,0.01455087239362981,0.23149409505555046,10.0,9.533686637878418,11.822149353983637,Normal,Sensor Risk
/content/dacon_01/agv01_0901_0812/agv01_0901_081727.json,agv01,2024-09-01 08:17:27,0,49.0,33.0,22.0,29.0,1.71,74.52,49.04,18.95,50.7,36.05499999999999,74.52,32.25071833825308,0.0008940059877529,21.700000000000003,34.666666666666664,13.704299906408941,0.014394026485021956,0.1648085710672404,10.0,9.588521003723145,11.6486549204476,Normal,Sensor Risk
/content/dacon_01/agv01_0901_0812/agv01_0901_081728.json,agv01,2024-09-01 08:17:28,0,50.0,32.0,23.0,29.0,1.66,74.74,48.95,19.02,50.69,36.0925,74.74,32.331676289154366,0.0007480585519924,21.69,35.0,13.930037527881577,0.014392215323096504,0.16403852686845694,10.0,9.815237998962402,11.840531898699341,Normal,Sensor Risk
/content/dacon_01/agv01_0901_0812/agv01_0901_081729.json,agv01,2024-09-01 08:17:29,0,50.0,32.0,24.0,29.0,1.98,74.44,49.02,19.01,50.64,36.1125,74.44,32.10983169788759,0.0006440659666649,21.64,35.333333333333336,14.09316859221274,0.015075937457813073,0.45473382916017996,10.0,10.111971855163574,11.979193303380828,Normal,Sensor Risk
/content/dacon_01/agv01_0901_0812/agv01_0901_081730.json,agv01,2024-09-01 08:17:30,0,49.0,33.0,23.0,29.0,1.66,74.57,49.03,18.95,50.64,36.0525,74.57,32.28700912647892,0.0006440659666649,21.64,35.0,13.897891400287458,0.01483874006641696,0.3538855987262117,10.0,10.38424301147461,11.813207690244338,Normal,Sensor Risk
/content/dacon_01/agv01_0901_0812/agv01_0901_081731.json,agv01,2024-09-01 08:17:31,0,51.0,32.0,23.0,29.0,1.73,74.69,48.95,19.02,50.67,36.0975,74.69,32.2869110476676,0.0006712573533341,21.67,35.333333333333336,14.126848677758037,0.014658443503667499,0.2772296574462939,10.0,10.242475509643555,12.00782137609433,Normal,Sensor Risk
/content/dacon_01/agv01_0901_0812/agv01_0901_081732.json,agv01,2024-09-01 08:17:32,0,52.0,32.0,23.0,29.0,1.86,74.43,49.05,18.98,50.61,36.08,74.43,32.157745567747746,0.0006655425619418,21.61,35.666666666666664,14.29257731872756,0.014452318375818566,0.1895922923421136,10.0,10.072482109069824,12.148690720918426,Normal,Sensor Risk
/content/dacon_01/agv01_0901_0812/agv01_0901_081733.json,agv01,2024-09-01 08:17:33,0,50.0,32.0,22.0,28.62,1.58,74.59,49.01,18.95,50.63,36.0325,74.59,32.32069963661059,0.0008320146744588,22.01,34.666666666666664,13.49642623613848,0.01458438199519776,0.24574123327568181,10.0,10.047415733337402,11.471962300717708,Normal,Sensor Risk
/content/dacon_01/agv01_0901_0812/agv01_0901_081734.json,agv01,2024-09-01 08:17:34,0,51.0,32.0,24.0,28.0,1.78,74.69,48.98,19.01,50.66,36.115,74.69,32.274923702465976,0.0009261368957353,22.66,35.666666666666664,13.822907714945643,0.01456242672589453,0.2364066025493499,10.0,9.939092636108398,11.749471557703796,Normal,Sensor Risk
/content/dacon_01/agv01_0901_0812/agv01_0901_081735.json,agv01,2024-09-01 08:17:35,0,49.0,33.0,23.0,28.56,1.88,74.47,49.05,18.98,50.66,36.095,74.47,32.166556649207365,0.0008551424741148,22.1,35.0,13.670448320071667,0.014469118599679774,0.19673517379340238,10.0,9.755894660949707,11.619881072060917,Normal,Sensor Risk
/content/dacon_01/agv01_0901_0812/agv01_0901_081736.json,agv01,2024-09-01 08:17:36,0,51.0,32.0,23.0,29.0,1.61,74.7,48.99,18.98,50.65,36.07,74.7,32.34585496370955,0.0007932307579118,21.65,35.333333333333336,14.12401468697345,0.014795583567457438,0.3355369291806641,10.0,9.805018424987793,12.005412483927431,Normal,Sensor Risk
/content/dacon_01/agv01_0901_0812/agv01_0901_081737.json,agv01,2024-09-01 08:17:37,0,51.0,32.0,23.0,28.11,1.81,74.6,48.95,19.04,50.64,36.1,74.6,32.21914648155658,0.0008013502116667,22.53,35.333333333333336,13.654816956109327,0.014787177717501763,0.33196304884271555,10.0,9.618782043457031,11.606594412692928,Normal,Sensor Risk
/content/dacon_01/agv01_0901_0812/agv01_0901_081738.json,agv01,2024-09-01 08:17:38,0,49.0,32.0,23.0,28.12,1.89,74.53,49.05,18.95,50.55,36.105,74.53,32.19220350747471,0.0008402423971992,22.43,34.666666666666664,13.21214667806961,0.014973861289916368,0.41133452851326735,10.0,9.726861000061035,11.230324676359167,Normal,Sensor Risk
/content/dacon_01/agv01_0901_0812/agv01_0901_081739.json,agv01,2024-09-01 08:17:39,0,51.0,32.0,23.0,29.0,1.58,74.68,48.97,19.01,50.51,36.06,74.68,32.34061120840689,0.0005904875131061,21.51,35.333333333333336,14.080986921136931,0.015092574056204263,0.46180714264949335,10.0,9.907819747924805,11.968838882966391,Normal,Sensor Risk
/content/dacon_01/agv01_0901_0812/agv01_0901_081740.json,agv01,2024-09-01 08:17:40,0,50.0,32.0,23.0,28.44,1.89,74.52,48.98,18.99,50.48,36.095,74.52,32.171762463377725,0.0005014745014446,22.04,35.0,13.55993122161039,0.014787663801619695,0.33216971520968946,10.0,10.025771141052246,11.52594153836883,Normal,Sensor Risk
/content/dacon_01/agv01_0901_0812/agv01_0901_081741.json,agv01,2024-09-01 08:17:41,0,49.0,32.0,23.0,28.0,1.76,74.53,49.05,18.95,50.41,36.0725,74.53,32.23829231933147,0.0005142853378577,22.41,34.666666666666664,13.107923044433893,0.015208507566566606,0.5110981120788983,10.0,10.141036033630371,11.14173458776881,Normal,Sensor Risk
/content/dacon_01/agv01_0901_0812/agv01_0901_081742.json,agv01,2024-09-01 08:17:42,0,48.0,32.0,23.0,28.0,1.69,74.74,48.95,19.0,50.41,36.095,74.74,32.32455258777761,0.0004887057782212,22.41,34.333333333333336,12.920337802058409,0.014979758756989951,0.4138419301120488,10.0,10.340123176574707,10.982287131749647,Normal,Sensor Risk
/content/dacon_01/agv01_0901_0812/agv01_0901_081743.json,agv01,2024-09-01 08:17:43,0,48.0,33.0,23.0,28.0,1.84,74.44,48.98,19.03,50.4,36.0725,74.44,32.15058047687475,0.0004833360170091,22.4,34.666666666666664,13.095733680460025,0.015059859940396214,0.4478982178083087,10.0,10.627126693725586,11.131373628391021,Normal,Sensor Risk
/content/dacon_01/agv01_0901_0812/agv01_0901_081744.json,agv01,2024-09-01 08:17:44,0,50.0,32.0,22.0,28.0,1.67,74.58,49.04,18.95,50.42,36.06,74.58,32.28877513935764,0.0004397405108431,22.42,34.666666666666664,13.114682201653062,0.014877342905918495,0.3702982077795508,10.0,10.835813522338867,11.147479871405103,Normal,Sensor Risk
/content/dacon_01/agv01_0901_0812/agv01_0901_081745.json,agv01,2024-09-01 08:17:45,0,50.0,31.0,23.0,28.0,1.6,74.7,48.95,18.95,50.44,36.05,74.7,32.3493688758632,0.0005048409851804,22.44,34.666666666666664,13.13307790182415,0.014690671783927729,0.2909320216040285,10.0,11.028767585754395,11.163116216550527,Normal,Sensor Risk
/content/dacon_01/agv01_0901_0812/agv01_0901_081746.json,agv01,2024-09-01 08:17:46,0,50.0,31.0,23.0,28.17,1.59,74.62,48.97,18.95,50.73,36.0325,74.62,32.323735731914816,0.0005959246417904,22.559999999999995,34.666666666666664,13.2928084911701,0.015077627174410017,0.4554522389526897,10.0,11.079073905944824,11.298887217494585,Normal,Sensor Risk
/content/dacon_01/agv01_0901_0812/agv01_0901_081747.json,agv01,2024-09-01 08:17:47,0,50.0,32.0,23.0,28.33,1.58,74.53,48.99,18.95,51.02,36.0125,74.53,32.294164978625275,0.0008095384736794,22.690000000000005,35.0,13.656379678850078,0.015304117605960099,0.551748235707171,10.0,11.234978675842285,11.607922727022565,Normal,Sensor Risk
/content/dacon_01/agv01_0901_0812/agv01_0901_081748.json,agv01,2024-09-01 08:17:48,0,51.0,32.0,24.0,28.0,1.79,74.67,48.97,19.04,51.28,36.1175,74.67,32.25678365346841,0.0010028251948568,23.28,35.666666666666664,13.99155684302776,0.015357123620710377,0.5742845830019668,10.0,10.865870475769043,11.892823316573596,Normal,Sensor Risk
/content/dacon_01/agv01_0901_0812/agv01_0901_081749.json,agv01,2024-09-01 08:17:49,0,51.0,33.0,23.0,28.0,1.88,74.43,49.05,18.98,51.42,36.085,74.43,32.150652144759576,0.0010407924786656,23.42,35.666666666666664,14.00626540451596,0.01529241059075783,0.5467708126425098,10.0,10.428927421569824,11.905325593838565,Normal,Sensor Risk
/content/dacon_01/agv01_0901_0812/agv01_0901_081750.json,agv01,2024-09-01 08:17:50,0,51.0,32.0,22.0,28.0,1.52,74.53,49.05,18.95,51.41,36.0125,74.53,32.32355010927275,0.0011691699113105,23.41,35.0,13.598625364449413,0.015379636708436931,0.5838563790721694,10.0,10.198248863220215,11.558831559782,Normal,Sensor Risk
/content/dacon_01/agv01_0901_0812/agv01_0901_081751.json,agv01,2024-09-01 08:17:51,0,50.0,32.0,23.0,29.0,1.88,74.45,49.0,19.02,51.37,36.0875,74.45,32.14481127128711,0.0012359290695141,22.37,35.0,14.093493079063796,0.01563978258541902,0.6944615218771522,10.0,9.9346284866333,11.979469117204227,Normal,Sensor Risk
/content/dacon_01/agv01_0901_0812/agv01_0901_081752.json,agv01,2024-09-01 08:17:52,0,50.0,33.0,23.0,29.0,1.73,74.53,49.04,18.95,51.31,36.0625,74.53,32.24759564680753,0.001186556069638,22.31,35.333333333333336,14.29278381659754,0.01584990855452506,0.7837999080534942,10.0,9.9066801071167,12.148866244107909,Normal,Sensor Risk
/content/dacon_01/agv01_0901_0812/agv01_0901_081753.json,agv01,2024-09-01 08:17:53,0,51.0,33.0,22.0,29.0,1.68,74.76,48.95,19.04,51.27,36.1075,74.76,32.32902656024975,0.0010442322298083,22.270000000000003,35.333333333333336,14.303033021485684,0.015890993586324172,0.8012678605038835,10.0,10.097207069396973,12.157578068262831,Normal,Sensor Risk
/content/dacon_01/agv01_0901_0812/agv01_0901_081754.json,agv01,2024-09-01 08:17:54,0,50.0,32.0,23.0,29.0,1.93,74.44,49.02,19.01,51.15,36.1,74.44,32.12755307624075,0.0009598942763673,22.15,35.0,14.028600178905062,0.01559205628059169,0.674169926937347,10.0,9.998233795166016,11.924310152069303,Normal,Sensor Risk
/content/dacon_01/agv01_0901_0812/agv01_0901_081755.json,agv01,2024-09-01 08:17:55,0,50.0,32.0,23.0,28.88,1.54,74.6,49.04,18.96,51.04,36.035,74.6,32.34114974249782,0.0010493763564308,22.16,35.0,13.954217747471002,0.015798187131469302,0.761809725277878,10.0,9.84453010559082,11.861085085350352,Normal,Sensor Risk
/content/dacon_01/agv01_0901_0812/agv01_0901_081756.json,agv01,2024-09-01 08:17:56,0,51.0,32.0,23.0,28.0,1.73,74.67,48.95,19.05,50.88,36.1,74.67,32.273656956306226,0.0007757815429082,22.880000000000003,35.333333333333336,13.670743483359821,0.015951538089064184,0.8270093154494746,10.0,9.680233001708984,11.620131960855847,Normal,Sensor Risk
/content/dacon_01/agv01_0901_0812/agv01_0901_081757.json,agv01,2024-09-01 08:17:57,0,49.0,32.0,23.0,28.44,1.87,74.41,49.04,18.98,50.83,36.075,74.41,32.14490369146147,0.000775310461791,22.39,34.666666666666664,13.439977231059496,0.01570360959649576,0.7215985872685211,10.0,9.60135269165039,11.42398064640057,Normal,Sensor Risk
/content/dacon_01/agv01_0901_0812/agv01_0901_081758.json,agv01,2024-09-01 08:17:58,0,49.0,32.0,23.0,29.0,1.62,74.61,49.01,18.95,50.76,36.0475,74.61,32.31444504139493,0.0008430133088909,21.76,34.666666666666664,13.729071673406915,0.015771470231506393,0.7504506118066795,10.0,9.433012008666992,11.669710922395877,Normal,Sensor Risk
/content/dacon_01/agv01_0901_0812/agv01_0901_081759.json,agv01,2024-09-01 08:17:59,0,50.0,30.0,23.0,29.0,1.72,74.64,48.96,19.04,50.6,36.09,74.64,32.26834775235117,0.0007672287571326,21.6,34.333333333333336,13.47896062803261,0.015681600875432584,0.7122412306792599,10.0,9.560210227966309,11.457116533827717,Normal,Sensor Risk
/content/dacon_01/agv01_0901_0812/agv01_0901_081800.json,agv01,2024-09-01 08:18:00,0,51.0,32.0,23.0,29.0,1.91,74.44,49.02,18.97,50.56,36.085,74.44,32.141738700118054,0.000707348059668,21.56,35.333333333333336,14.072128333991975,0.016204783571209407,0.9346806460211197,10.0,9.448426246643066,11.961309083893179,Normal,Sensor Risk
/content/dacon_01/agv01_0901_0812/agv01_0901_081801.json,agv01,2024-09-01 08:18:01,0,49.0,32.0,24.0,29.0,1.57,74.7,48.99,18.97,50.37,36.0575,74.7,32.36182254344359,0.0005555415219082,21.37,35.0,13.835890483364068,0.016098878945537656,0.8896536158716519,10.0,9.407074928283691,11.760506910859457,Normal,Sensor Risk
/content/dacon_01/agv01_0901_0812/agv01_0901_081802.json,agv01,2024-09-01 08:18:02,0,50.0,31.0,23.0,29.0,1.85,74.57,48.98,19.04,50.21,36.10999999999999,74.57,32.19700296611472,0.000629023946666,21.21,34.666666666666664,13.571709543319692,0.01622534921675741,0.9434244561829477,10.0,9.393780708312988,11.535953111821737,Normal,Sensor Risk
/content/dacon_01/agv01_0901_0812/agv01_0901_081803.json,agv01,2024-09-01 08:18:03,0,50.0,33.0,23.0,29.0,1.77,74.51,49.05,18.95,50.22,36.07,74.51,32.22679216635334,0.0006346120233396,21.22,35.333333333333336,13.985161120404575,0.016296098221692024,0.9735045169737713,10.0,9.44305419921875,11.887386952343888,Normal,Sensor Risk
/content/dacon_01/agv01_0901_0812/agv01_0901_081804.json,agv01,2024-09-01 08:18:04,0,50.0,33.0,23.0,29.0,1.62,74.65,48.96,18.98,50.21,36.0525,74.65,32.31840484409258,0.0006009142370924,21.21,35.333333333333336,13.996034272054375,0.016455873932016998,1.0414356925982766,10.0,9.349081993103027,11.896629131246218,Normal,Sensor Risk
/content/dacon_01/agv01_0901_0812/agv01_0901_081805.json,agv01,2024-09-01 08:18:05,0,50.0,32.0,22.0,29.0,1.93,74.52,49.01,18.99,50.17,36.1125,74.52,32.16159653479078,0.0007157158639807,21.17,34.666666666666664,13.55690514342712,0.016025119696420207,0.8582937020553534,10.0,9.48619556427002,11.523369371913052,Normal,Sensor Risk
/content/dacon_01/agv01_0901_0812/agv01_0901_081806.json,agv01,2024-09-01 08:18:06,0,51.0,32.0,24.0,29.0,1.74,74.54,49.05,18.95,50.06,36.07,74.54,32.249364851626666,0.0007237705396129,21.06,35.666666666666664,14.153925901371828,0.01568055475401712,0.7117964555788769,10.0,9.451542854309082,12.030837016166053,Normal,Sensor Risk
/content/dacon_01/agv01_0901_0812/agv01_0901_081807.json,agv01,2024-09-01 08:18:07,0,50.0,32.0,23.0,29.0,1.64,74.71,48.95,19.02,50.01,36.08,74.71,32.3268258056164,0.0006645647506848,21.01,35.0,13.739859789002585,0.01553606838658384,0.6503657864146244,10.0,9.67313289642334,11.678880820652196,Normal,Sensor Risk
/content/dacon_01/agv01_0901_0812/agv01_0901_081808.json,agv01,2024-09-01 08:18:08,0,49.0,32.0,23.0,29.0,1.94,74.44,49.04,19.01,49.94,36.1075,74.44,32.12669022790863,0.0006491023861952,20.94,34.666666666666664,13.48505091281675,0.015501868666576062,0.6358252334017042,10.0,9.561057090759277,11.462293275894236,Normal,Sensor Risk
/content/dacon_01/agv01_0901_0812/agv01_0901_081809.json,agv01,2024-09-01 08:18:09,0,50.0,32.0,23.0,29.0,1.66,74.59,49.03,18.95,49.82,36.0575,74.59,32.294962842523915,0.0006984258962508,20.82,35.0,13.676277900196764,0.015325935656017238,0.5610245254961583,10.0,9.742964744567871,11.62483621516725,Normal,Sensor Risk
/content/dacon_01/agv01_0901_0812/agv01_0901_081810.json,agv01,2024-09-01 08:18:10,0,50.0,33.0,23.0,29.0,1.72,74.64,48.95,19.04,49.74,36.0875,74.64,32.26701863616573,0.0005905693301877,20.74,35.333333333333336,13.866300428034497,0.015324748208562586,0.5605196633902555,10.0,9.598783493041992,11.786355363829323,Normal,Sensor Risk
/content/dacon_01/agv01_0901_0812/agv01_0901_081811.json,agv01,2024-09-01 08:18:11,0,50.0,33.0,23.0,29.0,1.96,74.48,49.02,18.98,49.69,36.11,74.48,32.138162154464695,0.0005736735186059,20.69,35.333333333333336,13.83632514684719,0.01550268136265991,0.6361707640226535,10.0,9.761076927185059,11.760876374820112,Normal,Sensor Risk
/content/dacon_01/agv01_0901_0812/agv01_0901_081812.json,agv01,2024-09-01 08:18:12,0,49.0,32.0,23.0,29.12,1.58,74.59,49.0,18.95,49.64,36.03,74.59,32.31936158610398,0.0008506387299689,20.52,34.666666666666664,13.4822898632136,0.01587646687433909,0.7950915986609655,10.0,9.95361614227295,11.459946383731559,Normal,Sensor Risk
/content/dacon_01/agv01_0901_0812/agv01_0901_081813.json,agv01,2024-09-01 08:18:13,0,51.0,33.0,23.0,30.0,1.81,74.62,48.97,19.05,49.59,36.1125,74.62,32.2280068418759,0.0009333010608861,19.590000000000003,35.666666666666664,14.549127857938121,0.015555582782840355,0.6586626412783034,10.0,9.928950309753418,12.366758679247402,Normal,Sensor Risk
/content/dacon_01/agv01_0901_0812/agv01_0901_081814.json,agv01,2024-09-01 08:18:14,0,52.0,32.0,23.0,29.56,1.91,74.48,49.05,18.97,49.58,36.1025,74.48,32.16167426715635,0.0009156687113907,20.02,35.666666666666664,14.306396364389247,0.01576631789587437,0.7482600146503063,10.0,9.778620719909668,12.16043690973086,Normal,Sensor Risk
/content/dacon_01/agv01_0901_0812/agv01_0901_081815.json,agv01,2024-09-01 08:18:15,0,49.0,31.0,23.0,29.0,1.62,74.66,48.98,18.95,49.56,36.0525,74.66,32.33033598650036,0.0009388143662974,20.56,34.333333333333336,13.198725667841954,0.015789655648765187,0.7581824301857022,10.0,9.945805549621582,11.21891681766566,Normal,Sensor Risk
/content/dacon_01/agv01_0901_0812/agv01_0901_081816.json,agv01,2024-09-01 08:18:16,0,50.0,32.0,23.0,29.78,1.83,74.57,49.03,19.04,49.49,36.1175,74.57,32.21076980866285,0.0010209703319403,19.71,35.0,13.988404564285139,0.015693594279932187,0.7173404166928355,10.0,9.850461959838867,11.890143879642368,Normal,Sensor Risk
/content/dacon_01/agv01_0901_0812/agv01_0901_081817.json,agv01,2024-09-01 08:18:17,0,50.0,32.0,23.0,29.78,1.77,74.5,49.05,18.95,49.46,36.0675,74.5,32.222816321151484,0.0009900585612861,19.68,35.0,13.972752384153942,0.015767904323554634,0.7489345095228023,10.0,9.936216354370117,11.876839526530851,Normal,Sensor Risk
/content/dacon_01/agv01_0901_0812/agv01_0901_081818.json,agv01,2024-09-01 08:18:18,0,49.0,32.0,22.0,29.0,1.61,74.75,48.95,18.99,49.42,36.075,74.75,32.358691259072884,0.0007362975485092,20.42,34.333333333333336,13.166748438916766,0.015699360582104097,0.7197920514547606,10.0,9.830572128295898,11.191736173079251,Normal,Sensor Risk
/content/dacon_01/agv01_0901_0812/agv01_0901_081819.json,agv01,2024-09-01 08:18:19,0,50.0,32.0,23.0,29.0,1.86,74.51,49.03,19.03,49.4,36.1075,74.51,32.17802187311499,0.0007124635243276,20.4,35.0,13.553520283446616,0.01558086746856272,0.669412826165123,10.0,9.686342239379883,11.520492240929624,Normal,Sensor Risk
/content/dacon_01/agv01_0901_0812/agv01_0901_081820.json,agv01,2024-09-01 08:18:20,0,50.0,32.0,23.0,29.0,1.71,74.54,49.05,18.95,49.39,36.0625,74.54,32.260011753459324,0.0007232947242649,20.39,35.0,13.553942328371878,0.015523614182437159,0.6450706841276068,10.0,9.7601957321167,11.520850979116096,Normal,Sensor Risk
/content/dacon_01/agv01_0901_0812/agv01_0901_081821.json,agv01,2024-09-01 08:18:21,0,52.0,31.0,24.0,29.0,1.55,74.7,48.95,18.95,49.36,36.0375,74.7,32.367122593767895,0.0008250601693165,20.36,35.666666666666664,13.979833150033778,0.015484533344549769,0.6284548464844419,10.0,9.905701637268066,11.88285817752871,Normal,Sensor Risk
/content/dacon_01/agv01_0901_0812/agv01_0901_081822.json,agv01,2024-09-01 08:18:22,0,50.0,32.0,23.0,29.0,1.94,74.47,49.02,18.98,49.32,36.1025,74.47,32.141267735835605,0.000726045588267,20.32,35.0,13.527797095206205,0.015407212806568649,0.5955807942627774,10.0,10.003812789916992,11.498627530925274,Normal,Sensor Risk
/content/dacon_01/agv01_0901_0812/agv01_0901_081823.json,agv01,2024-09-01 08:18:23,0,51.0,32.0,24.0,30.0,1.56,74.66,48.99,18.99,49.28,36.05,74.66,32.34593946695628,0.0007804110200442,19.28,35.666666666666664,14.466282082897068,0.015469485452026411,0.6220569964751772,10.0,9.845136642456055,12.296339770462508,Normal,Sensor Risk
/content/dacon_01/agv01_0901_0812/agv01_0901_081824.json,agv01,2024-09-01 08:18:24,0,50.0,31.0,24.0,29.67,1.83,74.6,48.96,19.02,49.29,36.1025,74.6,32.21691519993806,0.0008525575656138,19.62,35.0,13.878017602495524,0.015371198543070314,0.5802687593250725,10.0,9.77461051940918,11.796314962121194,Normal,Sensor Risk
/content/dacon_01/agv01_0901_0812/agv01_0901_081825.json,agv01,2024-09-01 08:18:25,0,50.0,32.0,23.0,29.0,1.86,74.48,49.05,18.95,49.27,36.085,74.48,32.18294631219045,0.0007625459632525,20.270000000000003,35.0,13.515610389813208,0.015011562856580096,0.42736394713480585,10.0,9.699380874633789,11.488268831341227,Normal,Sensor Risk
/content/dacon_01/agv01_0901_0812/agv01_0901_081826.json,agv01,2024-09-01 08:18:26,0,48.0,32.0,22.0,29.0,1.61,74.62,48.96,18.99,49.24,36.045,74.62,32.30825539497091,0.0008240666876938,20.24,34.0,12.897286891298062,0.015073658677950472,0.4537649697838637,10.0,9.876680374145508,10.962693857603353,Normal,Sensor Risk
/content/dacon_01/agv01_0901_0812/agv01_0901_081827.json,agv01,2024-09-01 08:18:27,0,48.0,33.0,23.0,29.0,1.89,74.58,48.99,19.04,49.26,36.125,74.58,32.188132906398906,0.0008796214631071,20.26,34.666666666666664,13.316152311006784,0.01486740782177772,0.36607414929006876,10.0,9.985384941101074,11.318729464355766,Normal,Sensor Risk
/content/dacon_01/agv01_0901_0812/agv01_0901_081828.json,agv01,2024-09-01 08:18:28,0,49.0,33.0,23.0,29.0,1.83,74.51,49.05,18.95,49.24,36.085,74.51,32.20551246810604,0.0008479221598752,20.24,35.0,13.511558894528857,0.015164261162479658,0.4922860520938741,10.0,10.106554985046387,11.484825060349529,Normal,Sensor Risk
/content/dacon_01/agv01_0901_0812/agv01_0901_081829.json,agv01,2024-09-01 08:18:29,0,50.0,32.0,24.0,29.0,1.66,74.71,48.96,18.99,49.13,36.08,74.71,32.32633498145643,0.0007337027267525,20.130000000000003,35.333333333333336,13.708353045722573,0.015252898406187732,0.529971581120523,10.0,9.955477714538574,11.652100088864186,Normal,Sensor Risk
/content/dacon_01/agv01_0901_0812/agv01_0901_081830.json,agv01,2024-09-01 08:18:30,0,50.0,32.0,24.0,29.0,1.91,74.47,49.03,19.02,49.1,36.1075,74.47,32.14614582911405,0.0007517776129638,20.1,35.333333333333336,13.67628355111658,0.015674269801476855,0.7091243083924492,10.0,9.895209312438965,11.624841018449093,Normal,Sensor Risk
/content/dacon_01/agv01_0901_0812/agv01_0901_081831.json,agv01,2024-09-01 08:18:31,0,49.0,32.0,23.0,29.0,1.64,74.55,49.04,18.95,49.12,36.045,74.55,32.28750067750676,0.0008978086429141,20.12,34.666666666666664,13.27507925113438,0.01556170572919265,0.6612659089661836,10.0,9.676885604858398,11.283817363464223,Normal,Sensor Risk
/content/dacon_01/agv01_0901_0812/agv01_0901_081832.json,agv01,2024-09-01 08:18:32,0,50.0,32.0,22.0,29.0,1.68,74.7,48.95,19.02,49.09,36.087500000000006,74.7,32.30864009827712,0.0007508107906483,20.090000000000003,34.666666666666664,13.279967284340714,0.015516098065045447,0.6418750876911254,10.0,9.611701011657715,11.287972191689606,Normal,Sensor Risk
/content/dacon_01/agv01_0901_0812/agv01_0901_081833.json,agv01,2024-09-01 08:18:33,0,50.0,33.0,23.0,29.0,1.97,74.46,49.04,18.99,49.06,36.115,74.46,32.12756500784542,0.0006811325144913,20.06,35.333333333333336,13.663389137244529,0.01573100011041585,0.7332440983901212,10.0,9.451199531555176,11.61388076665785,Normal,Sensor Risk
/content/dacon_01/agv01_0901_0812/agv01_0901_081834.json,agv01,2024-09-01 08:18:34,0,51.0,32.0,23.0,29.11,1.58,74.6,49.01,18.95,49.07,36.035,74.6,32.3246763324863,0.0008999288464356,19.96,35.333333333333336,13.73954074125536,0.015766140047357064,0.7481843995343475,10.0,9.628469467163086,11.678609630067054,Normal,Sensor Risk
/content/dacon_01/agv01_0901_0812/agv01_0901_081835.json,agv01,2024-09-01 08:18:35,0,51.0,32.0,23.0,30.0,1.71,74.71,48.95,19.02,49.02,36.0975,74.71,32.30197659070829,0.0009262339811099,19.020000000000003,35.333333333333336,14.19378798663385,0.015571585321872838,0.6654663743816804,10.0,9.557692527770996,12.064719788638772,Normal,Sensor Risk
/content/dacon_01/agv01_0901_0812/agv01_0901_081836.json,agv01,2024-09-01 08:18:36,0,50.0,32.0,23.0,30.0,1.94,74.46,49.02,18.96,48.96,36.095,74.46,32.1408416193478,0.0008815810016287,18.96,35.0,13.943332762137164,0.015855586441070456,0.7862139515104548,10.0,9.528619766235352,11.851832847816588,Normal,Sensor Risk
/content/dacon_01/agv01_0901_0812/agv01_0901_081837.json,agv01,2024-09-01 08:18:37,0,50.0,31.0,23.0,30.0,1.56,74.66,48.99,18.95,48.9,36.04,74.66,32.35297719427585,0.0009126443268479,18.9,34.666666666666664,13.739085977174694,0.015362469361709633,0.5765574095156147,10.0,9.513280868530273,11.67822308059849,Normal,Sensor Risk
/content/dacon_01/agv01_0901_0812/agv01_0901_081838.json,agv01,2024-09-01 08:18:38,0,49.0,32.0,22.0,30.0,1.79,74.61,48.95,19.05,48.92,36.1,74.61,32.22846154152155,0.0009423564326796,18.92,34.333333333333336,13.53160095534998,0.015120521594390122,0.4736894814662929,10.0,9.64258098602295,11.501860812047482,Normal,Sensor Risk
/content/dacon_01/agv01_0901_0812/agv01_0901_081839.json,agv01,2024-09-01 08:18:39,0,50.0,32.0,23.0,30.0,1.82,74.5,49.05,18.96,48.99,36.0825,74.5,32.203308706818724,0.0008234761345821,18.99,35.0,13.954779745085734,0.015224819671444708,0.5180334620080327,10.0,9.838709831237793,11.861562783322874,Normal,Sensor Risk
/content/dacon_01/agv01_0901_0812/agv01_0901_081840.json,agv01,2024-09-01 08:18:40,0,50.0,31.0,23.0,29.0,1.54,74.7,48.99,18.98,49.0,36.0525,74.7,32.370722754777454,0.0007085902782288,20.0,34.666666666666664,13.254778002256426,0.015134337413953976,0.4795634961289709,10.0,9.689539909362793,11.266561301917962,Normal,Sensor Risk
/content/dacon_01/agv01_0902_1253/agv01_0902_125352.json,agv01,2024-09-02 12:53:52,0,40.0,21.0,17.0,21.1,1.77,74.89,49.96,19.96,43.83,36.645,74.89,32.32452165152641,0.0064781986543843,22.73,26.0,2.4676466606040743,0.01627409323419841,0.9641487477707846,10.0,9.511682510375977,8.08493013381958,Normal,Degradation Risk
/content/dacon_01/agv01_0902_1253/agv01_0902_125353.json,agv01,2024-09-02 12:53:53,0,40.0,22.0,19.0,21.04,1.96,74.9,49.98,19.96,43.84,36.7,74.9,32.262948821623034,0.0086292150221623,22.800000000000004,27.0,3.0944194034633536,0.01627409323419841,0.9641487477707846,10.0,9.511682510375977,8.08493013381958,Normal,Degradation Risk
/content/dacon_01/agv01_0902_1253/agv01_0902_125354.json,agv01,2024-09-02 12:53:54,0,40.0,22.0,17.0,21.0,1.79,75.03,49.98,19.97,43.82,36.6925,75.03,32.37359044550563,0.0090706831058549,22.82,26.33333333333333,2.6707316289964185,0.01627409323419841,0.9641487477707846,10.0,9.511682510375977,8.08493013381958,Normal,Degradation Risk
/content/dacon_01/agv01_0902_1253/agv01_0902_125355.json,agv01,2024-09-02 12:53:55,0,40.0,22.0,19.0,21.0,1.96,74.94,49.95,20.02,43.85,36.7175,74.94,32.2642675158345,0.0088222072948952,22.85,27.0,3.083239410091185,0.01627409323419841,0.9641487477707846,10.0,9.511682510375977,8.08493013381958,Normal,Degradation Risk
/content/dacon_01/agv01_0902_1253/agv01_0902_125356.json,agv01,2024-09-02 12:53:56,0,41.0,22.0,18.0,21.0,2.04,74.87,50.05,19.95,43.81,36.7275,74.87,32.23376322533046,0.0072278263217532,22.81,27.0,3.04391097738642,0.01627409323419841,0.9641487477707846,10.0,9.511682510375977,8.08493013381958,Normal,Degradation Risk
/content/dacon_01/agv01_0902_1253/agv01_0902_125357.json,agv01,2024-09-02 12:53:57,0,40.0,21.0,18.0,21.0,1.78,75.06,49.98,19.98,43.82,36.7,75.06,32.387306155344255,0.0007796305480242,22.82,26.33333333333333,2.5626986390240556,0.01627409323419841,0.9641487477707846,10.0,9.511682510375977,8.08493013381958,Normal,Degradation Risk
/content/dacon_01/agv01_0902_1253/agv01_0902_125358.json,agv01,2024-09-02 12:53:58,0,40.0,23.0,18.0,21.0,1.97,74.98,50.02,20.04,43.83,36.7525,74.98,32.28259735006877,0.0006120714981261,22.83,27.0,2.9718225385002324,0.01627409323419841,0.9641487477707846,10.0,9.511682510375977,8.08493013381958,Normal,Degradation Risk
/content/dacon_01/agv01_0902_1253/agv01_0902_125359.json,agv01,2024-09-02 12:53:59,0,40.0,23.0,18.0,21.0,1.93,74.91,50.05,19.95,43.79,36.71,74.91,32.28901567612945,0.0005851955467655,22.79,27.0,2.9534884338727223,0.01627409323419841,0.9641487477707846,10.0,9.511682510375977,8.08493013381958,Normal,Degradation Risk
/content/dacon_01/agv01_0902_1253/agv01_0902_125400.json,agv01,2024-09-02 12:54:00,0,39.0,22.0,17.0,21.08,1.79,75.16,49.96,20.02,44.3,36.7325,75.16,32.41360555384112,0.0005033374106385,23.22,26.0,2.5330710806460957,0.01627409323419841,0.9641487477707846,10.0,9.511682510375977,8.08493013381958,Normal,Degradation Risk
/content/dacon_01/agv01_0902_1253/agv01_0902_125401.json,agv01,2024-09-02 12:54:01,0,40.0,22.0,18.0,21.1,2.09,74.9,49.98,20.02,47.65,36.7475,74.9,32.20592013383047,0.0005590921751892,26.55,26.666666666666668,3.8511839225001925,0.01627409323419841,0.9641487477707846,10.0,9.511682510375977,8.08493013381958,Normal,Degradation Risk
/content/dacon_01/agv01_0902_1253/agv01_0902_125402.json,agv01,2024-09-02 12:54:02,0,40.0,22.0,19.0,21.1,1.82,74.9,50.03,19.95,48.8,36.675,74.9,32.32183627209321,0.0008163405428089,27.7,27.0,4.377600186468819,0.01627409323419841,0.9641487477707846,10.0,9.511682510375977,8.08493013381958,Normal,Degradation Risk
/content/dacon_01/agv01_0902_1253/agv01_0902_125403.json,agv01,2024-09-02 12:54:03,0,40.0,22.0,18.0,21.17,1.87,75.1,49.95,20.02,49.51,36.735,75.1,32.359794498729435,0.000783773264463,28.34,26.666666666666668,4.419078124431104,0.01627409323419841,0.9641487477707846,10.0,9.511682510375977,8.08493013381958,Normal,Degradation Risk
/content/dacon_01/agv01_0902_1253/agv01_0902_125404.json,agv01,2024-09-02 12:54:04,0,40.0,22.0,17.0,21.3,2.11,74.86,50.03,20.01,50.08,36.7525,74.86,32.19155000410304,0.000783773264463,28.78,26.33333333333333,4.4092756628833065,0.01627409323419841,0.9641487477707846,10.0,9.511682510375977,8.08493013381958,Normal,Degradation Risk
/content/dacon_01/agv01_0902_1253/agv01_0902_125405.json,agv01,2024-09-02 12:54:05,0,40.0,22.0,17.0,21.36,1.84,75.01,50.01,19.96,50.48,36.705000000000005,75.01,32.353563945877745,0.0008001746188295,29.12,26.33333333333333,4.564776359269147,0.01627409323419841,0.9641487477707846,10.0,9.511682510375977,8.08493013381958,Normal,Degradation Risk
/content/dacon_01/agv01_0902_1253/agv01_0902_125406.json,agv01,2024-09-02 12:54:06,0,39.0,21.0,18.0,21.4,1.89,75.1,49.95,20.05,50.8,36.7475,75.1,32.34744747786652,0.0008385747204142,29.4,26.0,4.474065584738559,0.01627409323419841,0.9641487477707846,10.0,9.511682510375977,8.08493013381958,Normal,Degradation Risk
/content/dacon_01/agv01_0902_1253/agv01_0902_125407.json,agv01,2024-09-02 12:54:07,0,40.0,22.0,17.0,21.58,2.07,74.87,50.03,19.96,51.1,36.7325,74.87,32.21851473402625,0.0008001746188295,29.520000000000003,26.33333333333333,4.833195990822657,0.01627409323419841,0.9641487477707846,10.0,9.511682510375977,8.08493013381958,Normal,Degradation Risk
/content/dacon_01/agv01_0902_1253/agv01_0902_125408.json,agv01,2024-09-02 12:54:08,0,40.0,22.0,19.0,21.67,1.76,75.01,49.98,19.98,51.35,36.6825,75.01,32.374760102071285,0.0007327361296384,29.68,27.0,5.3775850185449485,0.01627409323419841,0.9641487477707846,10.0,9.511682510375977,8.08493013381958,Normal,Degradation Risk
/content/dacon_01/agv01_0902_1253/agv01_0902_125409.json,agv01,2024-09-02 12:54:09,0,40.0,22.0,18.0,21.9,1.97,74.97,50.01,20.03,51.75,36.745,74.97,32.27900607722197,0.0007592046010959,29.85,26.666666666666668,5.393007009006501,0.01627409323419841,0.9641487477707846,10.0,9.511682510375977,8.08493013381958,Normal,Degradation Risk
/content/dacon_01/agv01_0902_1253/agv01_0902_125410.json,agv01,2024-09-02 12:54:10,0,40.0,22.0,18.0,21.95,2.02,74.9,50.05,19.95,51.92,36.73,74.9,32.25277145714251,0.0006871951384622,29.97,26.666666666666668,5.457171552452751,0.01627409323419841,0.9641487477707846,10.0,9.511682510375977,8.08493013381958,Normal,Degradation Risk
/content/dacon_01/agv01_0902_1253/agv01_0902_125411.json,agv01,2024-09-02 12:54:11,0,40.0,23.0,19.0,22.0,1.72,75.06,49.98,19.99,52.11,36.6875,75.06,32.40715905989498,0.0007794237003411,30.11,27.33333333333333,5.968773762593782,0.01627409323419841,0.9641487477707846,10.0,9.511682510375977,8.08493013381958,Normal,Degradation Risk
/content/dacon_01/agv01_0902_1253/agv01_0902_125412.json,agv01,2024-09-02 12:54:12,0,40.0,22.0,17.0,22.16,2.04,74.9,49.98,20.03,52.27,36.7375,74.9,32.22213149891443,0.0007353948549009,30.110000000000003,26.33333333333333,5.45296294258363,0.01627409323419841,0.9641487477707846,10.0,9.511682510375977,8.08493013381958,Normal,Degradation Risk
/content/dacon_01/agv01_0902_1253/agv01_0902_125413.json,agv01,2024-09-02 12:54:13,0,40.0,22.0,19.0,22.2,1.93,74.91,50.04,19.95,52.42,36.7075,74.91,32.287638888590166,0.000720618632989,30.22,27.0,5.931993776209374,0.01627409323419841,0.9641487477707846,10.0,9.511682510375977,8.08493013381958,Normal,Degradation Risk
/content/dacon_01/agv01_0902_1253/agv01_0902_125414.json,agv01,2024-09-02 12:54:14,0,40.0,21.0,18.0,22.2,1.78,75.11,49.95,20.0,52.59,36.71,75.11,32.399519543762786,0.0005894898945504,30.390000000000004,26.33333333333333,5.58016884030727,0.01627409323419841,0.9641487477707846,10.0,9.511682510375977,8.08493013381958,Normal,Degradation Risk
/content/dacon_01/agv01_0902_1253/agv01_0902_125415.json,agv01,2024-09-02 12:54:15,0,39.0,22.0,17.0,22.24,2.06,74.92,49.97,20.01,52.76,36.74,74.92,32.22494168600878,0.0005593762289253,30.52,26.0,5.419379837201441,0.01627409323419841,0.9641487477707846,10.0,9.511682510375977,8.08493013381958,Normal,Degradation Risk
/content/dacon_01/agv01_0902_1253/agv01_0902_125416.json,agv01,2024-09-02 12:54:16,0,40.0,23.0,18.0,22.3,1.87,74.98,50.04,19.95,52.98,36.71,74.98,32.33679534730264,0.0005437363970656,30.68,27.0,6.141164917842632,0.01627409323419841,0.9641487477707846,10.0,9.511682510375977,8.08493013381958,Normal,Degradation Risk
/content/dacon_01/agv01_0902_1253/agv01_0902_125417.json,agv01,2024-09-02 12:54:17,0,40.0,22.0,18.0,22.38,1.86,75.09,49.95,20.04,53.13,36.735,75.09,32.35599326245449,0.000425501497059,30.750000000000004,26.666666666666668,6.02437134824981,0.01627409323419841,0.9641487477707846,10.0,9.511682510375977,8.08493013381958,Normal,Degradation Risk
/content/dacon_01/agv01_0902_1253/agv01_0902_125418.json,agv01,2024-09-02 12:54:18,0,40.0,22.0,18.0,22.43,2.12,74.84,50.03,19.99,53.3,36.745000000000005,74.84,32.18354082446492,0.0004685107315581,30.87,26.666666666666668,6.071998656658254,0.01627409323419841,0.9641487477707846,10.0,9.511682510375977,8.08493013381958,Normal,Degradation Risk
/content/dacon_01/agv01_0902_1253/agv01_0902_125419.json,agv01,2024-09-02 12:54:19,0,40.0,23.0,17.0,22.7,1.76,74.99,50.01,19.95,53.53,36.6775,74.99,32.3761448961011,0.0006948749369483,30.83,26.666666666666668,6.291519784013798,0.01627409323419841,0.9641487477707846,10.0,9.511682510375977,8.08493013381958,Normal,Degradation Risk
/content/dacon_01/agv01_0902_1253/agv01_0902_125420.json,agv01,2024-09-02 12:54:20,0,40.0,22.0,18.0,22.74,1.85,75.06,49.96,20.01,53.64,36.72,75.06,32.35425886443184,0.0006831833722469,30.9,26.666666666666668,6.349007264200381,0.01627409323419841,0.9641487477707846,10.0,9.511682510375977,8.08493013381958,Normal,Degradation Risk
/content/dacon_01/agv01_0902_1253/agv01_0902_125421.json,agv01,2024-09-02 12:54:21,0,41.0,22.0,19.0,22.8,2.08,74.88,50.05,19.97,53.74,36.745,74.88,32.21989085435683,0.0007054194531338,30.94,27.33333333333333,6.806030918304499,0.01627409323419841,0.9641487477707846,10.0,9.511682510375977,8.08493013381958,Normal,Degradation Risk
/content/dacon_01/agv01_0902_1253/agv01_0902_125422.json,agv01,2024-09-02 12:54:22,0,41.0,21.0,17.0,23.0,1.7,75.04,49.99,19.98,53.84,36.6775,75.04,32.4095463045484,0.0008630573464187,30.840000000000003,26.33333333333333,6.329161522392693,0.01627409323419841,0.9641487477707846,10.0,9.511682510375977,8.08493013381958,Normal,Degradation Risk
/content/dacon_01/agv01_0902_1253/agv01_0902_125423.json,agv01,2024-09-02 12:54:23,0,41.0,22.0,18.0,23.1,1.98,74.97,49.96,20.02,53.98,36.7325,74.97,32.27030149120602,0.0008556038997587,30.879999999999995,27.0,6.828297029041256,0.01627409323419841,0.9641487477707846,10.0,9.511682510375977,8.08493013381958,Normal,Degradation Risk
/content/dacon_01/agv01_0902_1253/agv01_0902_125424.json,agv01,2024-09-02 12:54:24,0,41.0,22.0,18.0,23.3,1.98,74.91,50.05,19.95,54.15,36.7225,74.91,32.27106792469069,0.0007764218080234,30.85,27.0,6.970312630527903,0.01627409323419841,0.9641487477707846,10.0,9.511682510375977,8.08493013381958,Normal,Degradation Risk
/content/dacon_01/agv01_0902_1253/agv01_0902_125425.json,agv01,2024-09-02 12:54:25,0,41.0,22.0,17.0,23.28,1.77,75.06,49.97,19.98,54.19,36.695,75.06,32.38953380337544,0.0006773856917615,30.91,26.666666666666668,6.776402510374513,0.01627409323419841,0.9641487477707846,10.0,9.511682510375977,8.08493013381958,Normal,Degradation Risk
/content/dacon_01/agv01_0902_1253/agv01_0902_125426.json,agv01,2024-09-02 12:54:26,0,40.0,23.0,18.0,23.2,1.97,74.92,49.98,20.04,54.22,36.7275,74.92,32.25343534674511,0.0006899084953828,31.02,27.0,6.938014878715118,0.01627409323419841,0.9641487477707846,10.0,9.511682510375977,8.08493013381958,Normal,Degradation Risk
/content/dacon_01/agv01_0902_1253/agv01_0902_125427.json,agv01,2024-09-02 12:54:27,0,41.0,22.0,18.0,23.15,1.91,74.91,50.05,19.95,54.33,36.705,74.91,32.29619740258389,0.0005810604469393,31.18,27.0,6.94000086459516,0.01627409323419841,0.9641487477707846,10.0,9.511682510375977,8.08493013381958,Normal,Degradation Risk
/content/dacon_01/agv01_0902_1253/agv01_0902_125428.json,agv01,2024-09-02 12:54:28,0,41.0,22.0,19.0,23.1,1.74,75.06,49.95,19.97,54.57,36.68,75.06,32.39930554811322,0.0005606073105036,31.47,27.33333333333333,7.203140910794428,0.01627409323419841,0.9641487477707846,10.0,9.511682510375977,8.08493013381958,Normal,Degradation Risk
/content/dacon_01/agv01_0902_1253/agv01_0902_125429.json,agv01,2024-09-02 12:54:29,0,41.0,22.0,17.0,23.18,2.08,74.9,49.99,19.98,54.6,36.7375,74.9,32.21780705862314,0.0005917173617264,31.42,26.666666666666668,6.82006591593557,0.01627409323419841,0.9641487477707846,10.0,9.511682510375977,8.08493013381958,Normal,Degradation Risk
/content/dacon_01/agv01_0902_1253/agv01_0902_125430.json,agv01,2024-09-02 12:54:30,0,41.0,22.0,17.0,23.21,1.87,74.96,50.04,19.95,54.66,36.705,74.96,32.32890605428316,0.0005741274540492,31.45,26.666666666666668,6.857660667334704,0.01627409323419841,0.9641487477707846,10.0,9.511682510375977,8.08493013381958,Normal,Degradation Risk
/content/dacon_01/agv01_0902_1253/agv01_0902_125431.json,agv01,2024-09-02 12:54:31,0,40.0,22.0,18.0,23.3,1.86,75.11,49.97,20.02,54.81,36.74,75.11,32.370061270665936,0.0006338881973471,31.51,26.666666666666668,6.960731204666334,0.01627409323419841,0.9641487477707846,10.0,9.511682510375977,8.08493013381958,Normal,Degradation Risk
/content/dacon_01/agv01_0902_1253/agv01_0902_125432.json,agv01,2024-09-02 12:54:32,0,42.0,22.0,18.0,23.34,2.06,74.82,50.05,20.01,54.87,36.735,74.82,32.196468232815015,0.0006593197301463,31.53,27.33333333333333,7.385547199456085,0.01627409323419841,0.9641487477707846,10.0,9.511682510375977,8.08493013381958,Normal,Degradation Risk
/content/dacon_01/agv01_0902_1253/agv01_0902_125433.json,agv01,2024-09-02 12:54:33,0,41.0,22.0,19.0,23.4,1.71,75.03,50.01,19.96,54.96,36.6775,75.03,32.408181451602616,0.0007917979899784,31.56,27.33333333333333,7.463813158082365,0.01627409323419841,0.9641487477707846,10.0,9.511682510375977,8.08493013381958,Normal,Degradation Risk
/content/dacon_01/agv01_0902_1253/agv01_0902_125434.json,agv01,2024-09-02 12:54:34,0,41.0,22.0,19.0,23.4,1.89,75.04,49.95,20.04,55.06,36.73,75.04,32.32546055356366,0.0006735112874592,31.660000000000004,27.33333333333333,7.490592988629463,0.01627409323419841,0.9641487477707846,10.0,9.511682510375977,8.08493013381958,Normal,Degradation Risk
/content/dacon_01/agv01_0902_1253/agv01_0902_125435.json,agv01,2024-09-02 12:54:35,0,41.0,22.0,17.0,23.41,2.09,74.86,50.04,19.95,55.09,36.735,74.86,32.21051018948111,0.0006648607722581,31.680000000000003,26.666666666666668,7.0690701820348325,0.01627409323419841,0.9641487477707846,10.0,9.511682510375977,8.08493013381958,Normal,Degradation Risk
/content/dacon_01/agv01_0902_1253/agv01_0902_125436.json,agv01,2024-09-02 12:54:36,0,40.0,21.0,20.0,23.5,1.7,74.9,50.05,19.95,55.21,36.65,74.9,32.36775658995641,0.0010334460398344,31.71,27.0,7.365354845424902,0.01627409323419841,0.9641487477707846,10.0,9.511682510375977,8.08493013381958,Normal,Degradation Risk
/content/dacon_01/agv01_0902_1253/agv01_0902_125437.json,agv01,2024-09-02 12:54:37,0,41.0,22.0,18.0,23.54,1.96,74.92,49.99,20.01,55.54,36.72,74.92,32.26357388759032,0.0009731340991,32.0,27.0,7.477361055787967,0.01627409323419841,0.9641487477707846,10.0,9.511682510375977,8.08493013381958,Normal,Degradation Risk
/content/dacon_01/agv01_0902_1253/agv01_0902_125438.json,agv01,2024-09-02 12:54:38,0,41.0,22.0,18.0,23.6,1.9,74.93,50.05,19.95,55.58,36.7075,74.93,32.3076754296354,0.0009053402069368,31.98,27.0,7.519178413832054,0.01627409323419841,0.9641487477707846,10.0,9.511682510375977,8.08493013381958,Normal,Degradation Risk
/content/dacon_01/agv01_0902_1253/agv01_0902_125439.json,agv01,2024-09-02 12:54:39,0,41.0,22.0,19.0,23.6,1.79,75.11,49.95,19.97,55.68,36.705,75.11,32.40108794469717,0.0008379061830179,32.08,27.33333333333333,7.772046087114665,0.01627409323419841,0.9641487477707846,10.0,9.511682510375977,8.08493013381958,Normal,Degradation Risk
/content/dacon_01/agv01_0902_1253/agv01_0902_125440.json,agv01,2024-09-02 12:54:40,0,41.0,23.0,20.0,23.6,2.04,74.86,50.03,20.01,55.84,36.735,74.86,32.216669080875924,0.0008590244047688,32.24,28.0,8.207663285553455,0.01627409323419841,0.9641487477707846,10.0,9.511682510375977,8.08493013381958,Normal,Degradation Risk
/content/dacon_01/agv01_0902_1253/agv01_0902_125441.json,agv01,2024-09-02 12:54:41,0,41.0,23.0,17.0,23.5,1.81,75.0,50.02,19.95,55.82,36.695,75.0,32.36349229198439,0.0007901654551353,32.32,27.0,7.539034325282083,0.01627409323419841,0.9641487477707846,10.0,9.511682510375977,8.08493013381958,Normal,Degradation Risk
/content/dacon_01/agv01_0902_1253/agv01_0902_125442.json,agv01,2024-09-02 12:54:42,0,42.0,23.0,18.0,23.48,1.84,75.11,49.95,20.05,55.93,36.7375,75.11,32.3693634733009,0.0004671254001511,32.45,27.666666666666668,7.982258588088211,0.01627409323419841,0.9641487477707846,10.0,9.511682510375977,8.08493013381958,Normal,Degradation Risk
/content/dacon_01/agv01_0902_1253/agv01_0902_125443.json,agv01,2024-09-02 12:54:43,0,42.0,22.0,16.0,23.4,2.1,74.86,50.03,19.99,55.99,36.745,74.86,32.19860504224781,0.0005657984174946,32.59,26.666666666666668,7.308851903279396,0.01627409323419841,0.9641487477707846,10.0,9.511682510375977,8.08493013381958,Normal,Degradation Risk
/content/dacon_01/agv01_0902_1253/agv01_0902_125444.json,agv01,2024-09-02 12:54:44,0,42.0,24.0,18.0,23.57,1.69,75.02,50.01,19.98,56.09,36.675,75.02,32.407995412654984,0.0007611822288059,32.52,28.0,8.275432828270063,0.01627409323419841,0.9641487477707846,10.0,9.511682510375977,8.08493013381958,Normal,Degradation Risk
/content/dacon_01/agv01_0902_1253/agv01_0902_125445.json,agv01,2024-09-02 12:54:45,0,42.0,24.0,19.0,23.7,1.96,75.01,49.97,20.05,56.23,36.7475,75.01,32.28947235555267,0.0008192039733837,32.53,28.33333333333333,8.588526414041205,0.01627409323419841,0.9641487477707846,10.0,9.511682510375977,8.08493013381958,Normal,Degradation Risk
/content/dacon_01/agv01_0902_1253/agv01_0902_125446.json,agv01,2024-09-02 12:54:46,0,42.0,23.0,18.0,24.05,2.1,74.88,50.05,19.98,56.29,36.7525,74.88,32.21098298717379,0.0008796059640862,32.239999999999995,27.666666666666668,8.355561680403197,0.01627409323419841,0.9641487477707846,10.0,9.511682510375977,8.08493013381958,Normal,Degradation Risk
/content/dacon_01/agv01_0902_1253/agv01_0902_125447.json,agv01,2024-09-02 12:54:47,0,41.0,23.0,18.0,24.16,1.74,75.0,49.98,19.98,56.43,36.675,75.0,32.3780064241145,0.0010018633806144,32.27,27.33333333333333,8.255646038541629,0.01627409323419841,0.9641487477707846,10.0,9.511682510375977,8.08493013381958,Normal,Degradation Risk
/content/dacon_01/agv01_0902_1253/agv01_0902_125448.json,agv01,2024-09-02 12:54:48,0,42.0,23.0,19.0,24.6,2.02,74.98,49.99,20.05,56.49,36.760000000000005,74.98,32.2588127493868,0.0010811806985958,31.89,28.0,8.913481167841242,0.01627409323419841,0.9641487477707846,10.0,9.511682510375977,8.08493013381958,Normal,Degradation Risk
/content/dacon_01/agv01_0902_1253/agv01_0902_125449.json,agv01,2024-09-02 12:54:49,0,42.0,22.0,19.0,24.78,1.92,74.88,50.05,19.95,56.54,36.7,74.88,32.28077756188657,0.0010788264281665,31.76,27.666666666666668,8.801084374542214,0.01627409323419841,0.9641487477707846,10.0,9.511682510375977,8.08493013381958,Normal,Degradation Risk
/content/dacon_01/agv01_0902_1253/agv01_0902_125450.json,agv01,2024-09-02 12:54:50,0,42.0,23.0,19.0,25.0,1.81,75.1,49.98,19.98,56.7,36.7175,75.1,32.39232252144531,0.0009167523090431,31.700000000000003,28.0,9.18596708028361,0.01627409323419841,0.9641487477707846,10.0,9.511682510375977,8.08493013381958,Normal,Degradation Risk
/content/dacon_01/agv01_0902_1253/agv01_0902_125451.json,agv01,2024-09-02 12:54:51,0,41.0,23.0,20.0,25.13,1.96,74.91,49.99,20.03,56.74,36.7225,74.91,32.256176023618586,0.0008683930297161,31.610000000000003,28.0,9.243865006521336,0.01627409323419841,0.9641487477707846,10.0,9.511682510375977,8.08493013381958,Normal,Degradation Risk
/content/dacon_01/agv01_0902_1253/agv01_0902_125452.json,agv01,2024-09-02 12:54:52,0,42.0,23.0,20.0,25.2,1.91,74.94,50.05,19.95,56.81,36.7125,74.94,32.3080282850357,0.0007624167766005,31.610000000000003,28.33333333333333,9.508850395541863,0.016022656183829753,0.8572463006318521,10.0,9.441439628601074,8.082522836210583,Normal,Sensor Risk
/content/dacon_01/agv01_0902_1253/agv01_0902_125453.json,agv01,2024-09-02 12:54:53,0,42.0,23.0,20.0,25.5,1.79,75.1,49.95,20.02,56.9,36.715,75.1,32.388537581475745,0.0005560136702456,31.4,28.33333333333333,9.700664454000076,0.015606079585202314,0.6801321571562121,10.0,9.234394073486328,8.245564785900065,Normal,Sensor Risk
/content/dacon_01/agv01_0902_1253/agv01_0902_125454.json,agv01,2024-09-02 12:54:54,0,42.0,23.0,18.0,25.52,2.14,74.84,49.99,20.0,57.15,36.7425,74.84,32.1691367359047,0.0003819288088,31.63,27.666666666666668,9.3342123981105,0.015927728803720655,0.816886420418211,10.0,9.31299877166748,7.934080538393925,Normal,Sensor Risk
/content/dacon_01/agv01_0902_1253/agv01_0902_125455.json,agv01,2024-09-02 12:54:55,0,42.0,23.0,19.0,25.6,1.79,74.97,50.03,19.95,57.21,36.685,74.97,32.36021992096675,0.0005052787256674,31.61,28.0,9.614705987786666,0.016008246878676104,0.8511199561641687,10.0,9.45491886138916,8.172500089618666,Normal,Sensor Risk
/content/dacon_01/agv01_0902_1253/agv01_0902_125456.json,agv01,2024-09-02 12:54:56,0,42.0,23.0,19.0,25.6,1.87,75.07,49.95,19.99,57.24,36.72,75.07,32.35310804235043,0.0005072571553889,31.64,28.0,9.632983605856516,0.015814820872533327,0.7688818239292597,10.0,9.3042573928833,8.18803606497804,Normal,Sensor Risk
/content/dacon_01/agv01_0902_1253/agv01_0902_125457.json,agv01,2024-09-02 12:54:57,0,43.0,23.0,18.0,25.6,2.13,74.84,50.03,19.97,57.37,36.7425,74.84,32.18342780065542,0.0005863361141274,31.77,28.0,9.646511135697859,0.016025694370950434,0.8585380340402361,10.0,9.298262596130371,8.199534465343179,Normal,Sensor Risk
/content/dacon_01/agv01_0902_1253/agv01_0902_125458.json,agv01,2024-09-02 12:54:58,0,43.0,23.0,19.0,25.6,1.74,75.0,50.01,19.95,57.49,36.675,75.0,32.38727991048337,0.000772412362762,31.89,28.33333333333333,9.906237509744278,0.01636240545800711,1.0016960894357823,10.0,9.500679969787598,8.420301883282637,Normal,Sensor Risk
/content/dacon_01/agv01_0902_1253/agv01_0902_125459.json,agv01,2024-09-02 12:54:59,0,42.0,23.0,18.0,25.6,1.91,75.06,49.99,20.01,57.61,36.7425,75.06,32.33680398039774,0.000838784071479,32.01,27.666666666666668,9.529317439188112,0.01607079139952539,0.8777117505083883,10.0,9.678512573242188,8.226735687255859,Normal,Degradation Risk
/content/dacon_01/agv01_0902_1253/agv01_0902_125500.json,agv01,2024-09-02 12:55:00,0,43.0,24.0,18.0,25.6,2.0,74.83,50.05,19.97,57.7,36.7125,74.83,32.22887770824999,0.0007721209071219,32.1,28.33333333333333,9.946615730810759,0.01631362837310426,0.9809577386924331,10.0,9.956603050231934,8.463112592697144,Normal,Degradation Risk
/content/dacon_01/agv01_0902_1253/agv01_0902_125501.json,agv01,2024-09-02 12:55:01,0,43.0,23.0,18.0,25.6,1.74,75.06,49.98,19.95,57.87,36.6825,75.06,32.40684534168668,0.0007859196756445,32.27,28.0,9.808078165853217,0.016505854770899393,1.0626858384250382,10.0,10.190278053283691,8.661736345291137,Normal,Degradation Risk
/content/dacon_01/agv01_0902_1253/agv01_0902_125502.json,agv01,2024-09-02 12:55:02,0,43.0,24.0,19.0,25.6,1.93,74.96,49.99,20.04,57.91,36.73,74.96,32.28496347630993,0.0008076104534769,32.309999999999995,28.666666666666668,10.22593607400511,0.016408590795830322,1.021332517830088,10.0,10.578301429748535,8.991556215286254,Normal,Degradation Risk
/content/dacon_01/agv01_0902_1253/agv01_0902_125503.json,agv01,2024-09-02 12:55:03,0,43.0,23.0,18.0,25.6,1.95,74.9,50.05,19.95,58.11,36.7125,74.9,32.27789168558979,0.0007151342957451,32.51,28.0,9.856724481719539,0.01676705132073659,1.1737376914471072,10.0,11.024508476257324,9.370832204818726,Normal,Degradation Risk
/content/dacon_01/agv01_0902_1253/agv01_0902_125504.json,agv01,2024-09-02 12:55:04,0,43.0,23.0,17.0,25.6,1.72,75.14,49.97,19.99,58.13,36.705,75.14,32.43738018603434,0.0005642600673815,32.53,27.666666666666668,9.675946021163513,0.01671933826326256,1.1534517288295223,10.0,11.438689231872559,9.722885847091675,Normal,Degradation Risk
/content/dacon_01/agv01_0902_1253/agv01_0902_125505.json,agv01,2024-09-02 12:55:05,0,42.0,23.0,19.0,25.6,2.03,74.9,49.99,20.04,58.19,36.74,74.9,32.225363716592355,0.000546030307341,32.59,28.0,9.876347417788901,0.016621295535981167,1.1117673093885976,10.0,12.055119514465332,10.246851587295533,Normal,Degradation Risk
/content/dacon_01/agv01_0902_1253/agv01_0902_125506.json,agv01,2024-09-02 12:55:06,0,43.0,23.0,20.0,25.6,1.89,74.92,50.05,19.95,58.4,36.7025,74.92,32.307323602139085,0.0005605818598774,32.8,28.666666666666668,10.352673157701666,0.016461413379725485,1.0437908765895267,10.0,12.616273880004883,10.72383279800415,Normal,Degradation Risk
/content/dacon_01/agv01_0902_1253/agv01_0902_125507.json,agv01,2024-09-02 12:55:07,0,41.0,21.0,18.0,25.6,2.0,75.0,49.95,19.95,58.5,36.725,75.0,32.28571665613139,0.0004054687412644,32.9,26.666666666666668,9.135989984818595,0.016568181602306744,1.0891850786527308,10.0,12.438015937805176,10.5723135471344,Normal,Degradation Risk
/content/dacon_01/agv01_0902_1253/agv01_0902_125508.json,agv01,2024-09-02 12:55:08,0,43.0,22.0,18.0,25.6,2.02,74.88,50.03,19.95,58.58,36.72,74.88,32.24212875519646,0.0003803156544676,32.98,27.666666666666668,9.770489099819038,0.016234725807631738,0.9474110624083089,10.0,11.612753868103027,9.870840787887573,Normal,Degradation Risk
/content/dacon_01/agv01_0902_1253/agv01_0902_125509.json,agv01,2024-09-02 12:55:09,0,43.0,23.0,20.0,25.6,1.73,75.01,49.99,19.95,58.68,36.67,75.01,32.39207722062089,0.0006566203293628,33.08,28.666666666666668,10.439605700122396,0.016471212833186193,1.0479572695456871,10.0,11.173297882080078,9.497303199768066,Normal,Degradation Risk
/content/dacon_01/agv01_0902_1253/agv01_0902_125510.json,agv01,2024-09-02 12:55:10,0,43.0,24.0,19.0,25.7,1.97,74.98,49.97,20.03,58.86,36.7375,74.98,32.277481701644575,0.0007137064030211,33.16,28.666666666666668,10.537900134821317,0.01637838960400505,1.0084920024490012,10.0,10.631623268127441,9.036879777908325,Normal,Degradation Risk
/content/dacon_01/agv01_0902_1253/agv01_0902_125511.json,agv01,2024-09-02 12:55:11,0,43.0,25.0,19.0,25.8,1.96,74.84,50.05,19.95,58.82,36.7,74.84,32.25064443800568,0.0006484691315425,33.02,29.0,10.771650546329838,0.016074629506661785,0.8793435825898598,10.0,9.996576309204102,9.155902964380362,Normal,Sensor Risk
/content/dacon_01/agv01_0902_1253/agv01_0902_125512.json,agv01,2024-09-02 12:55:12,0,43.0,24.0,18.0,26.0,1.81,75.12,49.96,19.97,58.88,36.715,75.12,32.39921861197684,0.0006442469245812,32.88,28.33333333333333,10.502054526095806,0.016448966731022807,1.038498986619278,10.0,9.709258079528809,8.926746347181435,Normal,Sensor Risk
/content/dacon_01/agv01_0902_1253/agv01_0902_125513.json,agv01,2024-09-02 12:55:13,0,44.0,24.0,19.0,26.12,1.95,74.91,50.0,20.04,58.86,36.725,74.91,32.259415679767045,0.0006442469245812,32.739999999999995,29.0,10.953712791249389,0.016405817586100064,1.0201534437590254,10.0,9.430224418640137,9.31065587256198,Normal,Sensor Risk
/content/dacon_01/agv01_0902_1253/agv01_0902_125514.json,agv01,2024-09-02 12:55:14,0,44.0,24.0,19.0,26.2,1.9,74.89,50.05,19.95,58.91,36.6975,74.89,32.29190339698173,0.0006475441979846,32.709999999999994,29.0,11.006464369714557,0.016667341488939023,1.1313444760982043,10.0,9.558246612548828,9.355494714257373,Normal,Sensor Risk
/content/dacon_01/agv01_0902_1253/agv01_0902_125515.json,agv01,2024-09-02 12:55:15,0,44.0,24.0,18.0,26.2,1.73,75.12,49.96,19.99,59.06,36.7,75.12,32.424522612779775,0.00044341356746,32.86,28.666666666666668,10.859536018138055,0.01652522234572278,1.0709202698293627,10.0,9.600702285766602,9.230605615417346,Normal,Sensor Risk
/content/dacon_01/agv01_0902_1253/agv01_0902_125516.json,agv01,2024-09-02 12:55:16,0,44.0,24.0,18.0,26.24,2.1,74.87,50.03,20.02,59.17,36.755,74.87,32.19735030505875,0.000603546466108,32.93000000000001,28.666666666666668,10.88718662951112,0.016541907990235655,1.0780144360546722,10.0,9.797199249267578,9.254108635084451,Normal,Sensor Risk
/content/dacon_01/agv01_0902_1253/agv01_0902_125517.json,agv01,2024-09-02 12:55:17,0,44.0,23.0,20.0,26.4,1.79,74.95,50.04,19.95,59.11,36.6825,74.95,32.35370908669772,0.0006944527767791,32.71,29.0,11.170428519714907,0.016756003022625768,1.1690403323942713,10.0,9.73985481262207,9.494864241757671,Normal,Sensor Risk
/content/dacon_01/agv01_0902_1253/agv01_0902_125518.json,agv01,2024-09-02 12:55:18,0,44.0,24.0,19.0,26.49,1.82,75.04,49.95,20.01,59.22,36.705,75.04,32.355774858078526,0.0006980366774,32.730000000000004,29.0,11.255776830443738,0.0169905776687781,1.2687734611184032,10.0,9.96623706817627,9.567410305877177,Normal,Sensor Risk
/content/dacon_01/agv01_0902_1253/agv01_0902_125519.json,agv01,2024-09-02 12:55:19,0,44.0,24.0,19.0,26.6,2.17,74.84,50.04,19.99,59.29,36.760000000000005,74.84,32.16699032652366,0.0008863778718279,32.69,29.0,11.31378957184823,0.0168076223385847,1.1909871027193157,10.0,9.888961791992188,9.616721136070996,Normal,Sensor Risk
/content/dacon_01/agv01_0902_1253/agv01_0902_125520.json,agv01,2024-09-02 12:55:20,0,44.0,24.0,19.0,26.91,1.71,74.97,50.02,19.95,59.38,36.6625,74.97,32.38761221516646,0.0010660753151485,32.47,29.0,11.512891420276647,0.017064273760072673,1.3001065223852808,10.0,9.742817878723145,9.78595770723515,Normal,Sensor Risk
/content/dacon_01/agv01_0902_1253/agv01_0902_125521.json,agv01,2024-09-02 12:55:21,0,44.0,24.0,19.0,27.0,1.94,75.09,49.99,20.01,59.48,36.7575,75.09,32.33788632033125,0.0011661053592446,32.48,29.0,11.599808456922487,0.017138420762470512,1.3316312956544687,10.0,10.022027969360352,9.859837188384114,Normal,Sensor Risk
/content/dacon_01/agv01_0902_1253/agv01_0902_125522.json,agv01,2024-09-02 12:55:22,0,44.0,24.0,21.0,27.2,2.07,74.87,50.05,19.98,59.53,36.7425,74.87,32.217797747001065,0.0011184888806611,32.33,29.666666666666668,12.11001266363627,0.01713105545341936,1.328499817774227,10.0,10.221256256103516,10.29351076409083,Normal,Sensor Risk
/content/dacon_01/agv01_0902_1253/agv01_0902_125523.json,agv01,2024-09-02 12:55:23,0,44.0,25.0,20.0,27.27,1.72,75.03,49.99,19.96,59.6,36.675,75.03,32.40184408332341,0.001156631231195,32.33,29.666666666666668,12.181651108612716,0.01710403883097901,1.3170132725412655,10.0,10.036442756652832,10.354403442320809,Normal,Sensor Risk
/content/dacon_01/agv01_0902_1253/agv01_0902_125524.json,agv01,2024-09-02 12:55:24,0,46.0,24.0,19.0,27.4,1.94,75.0,49.98,20.04,59.65,36.74,75.0,32.295795391970145,0.0011676147462055,32.25,29.666666666666668,12.259148915886916,0.017060458354546733,1.298484342253306,10.0,9.83575439453125,10.420276578503879,Normal,Sensor Risk
/content/dacon_01/agv01_0902_1253/agv01_0902_125525.json,agv01,2024-09-02 12:55:25,0,45.0,24.0,20.0,27.47,2.01,74.91,50.05,19.95,59.77,36.73,74.91,32.2603037803428,0.0010699935182638,32.300000000000004,29.666666666666668,12.317540942057642,0.017039087380498592,1.2893981339155167,10.0,10.031754493713379,10.469909800748995,Normal,Sensor Risk
/content/dacon_01/agv01_0902_1253/agv01_0902_125526.json,agv01,2024-09-02 12:55:26,0,45.0,24.0,20.0,27.5,1.75,75.01,49.96,19.98,59.76,36.675,75.01,32.37561891300304,0.0009790674298517,32.26,29.666666666666668,12.339018895173757,0.01682833820762976,1.199794782781898,10.0,9.805322647094727,10.488166060897694,Normal,Sensor Risk
/content/dacon_01/agv01_0902_1253/agv01_0902_125527.json,agv01,2024-09-02 12:55:27,0,44.0,24.0,20.0,27.5,2.03,74.93,49.98,20.03,59.77,36.7425,74.93,32.237565432271715,0.0009053323422571,32.27,29.33333333333333,12.124399422870404,0.01697221685139593,1.2609670685969079,10.0,9.974137306213379,10.305739509439842,Normal,Sensor Risk
/content/dacon_01/agv01_0902_1253/agv01_0902_125528.json,agv01,2024-09-02 12:55:28,0,44.0,24.0,21.0,27.5,1.92,74.84,50.04,19.95,59.83,36.6875,74.84,32.26363006544676,0.0008865790926843,32.33,29.666666666666668,12.33985858670334,0.016824023618143124,1.1979603666771717,10.0,10.2844877243042,10.48887979869784,Normal,Sensor Risk
/content/dacon_01/agv01_0902_1253/agv01_0902_125529.json,agv01,2024-09-02 12:55:29,0,45.0,24.0,19.0,27.5,1.82,75.09,49.95,20.0,60.03,36.715,75.09,32.37724561066511,0.0007667540928801,32.53,29.33333333333333,12.209747907580063,0.01676199224253191,1.1715867441640608,10.0,10.658413887023926,10.378285721443053,Normal,Sensor Risk
/content/dacon_01/agv01_0902_1253/agv01_0902_125530.json,agv01,2024-09-02 12:55:30,0,44.0,24.0,22.0,27.55,2.01,74.86,50.0,20.01,60.32,36.72,74.86,32.22331557532009,0.0006993482899918,32.77,30.0,12.70740341689016,0.016653520295908004,1.1254681768207941,10.0,10.581869125366211,10.801292904356636,Normal,Sensor Risk
/content/dacon_01/agv01_0902_1253/agv01_0902_125531.json,agv01,2024-09-02 12:55:31,0,45.0,25.0,20.0,27.6,1.86,74.96,50.04,19.95,60.53,36.70249999999999,74.96,32.332497970308445,0.0006580911613671,32.93,30.0,12.799997168868705,0.01695301142918624,1.2528015789463482,10.0,10.330710411071777,10.879997593538398,Normal,Sensor Risk
/content/dacon_01/agv01_0902_1253/agv01_0902_125532.json,agv01,2024-09-02 12:55:32,0,46.0,25.0,20.0,27.6,1.8,75.16,49.95,20.01,60.68,36.73,75.16,32.41037179669496,0.0005322336089674,33.08,30.33333333333333,13.06777087620287,0.017035543388114797,1.2878913493827127,10.0,10.411240577697754,11.107605244772438,Normal,Sensor Risk
/content/dacon_01/agv01_0902_1253/agv01_0902_125533.json,agv01,2024-09-02 12:55:33,0,46.0,25.0,21.0,27.67,2.07,74.83,50.01,19.99,60.82,36.725,74.83,32.19477959752688,0.0004299531684034,33.15,30.666666666666668,13.31580214324052,0.017085328878089574,1.3090584395251994,10.0,10.830460548400879,11.31843182175444,Normal,Sensor Risk
/content/dacon_01/agv01_0902_1253/agv01_0902_125534.json,agv01,2024-09-02 12:55:34,0,46.0,24.0,20.0,27.9,1.71,75.01,50.01,19.95,60.95,36.67,75.01,32.40201228319007,0.0005974506444789,33.050000000000004,30.0,13.073003267312687,0.016908502884551042,1.233878065752415,10.0,10.696202278137207,11.112052777215784,Normal,Sensor Risk
/content/dacon_01/agv01_0902_1253/agv01_0902_125535.json,agv01,2024-09-02 12:55:35,0,46.0,25.0,20.0,27.82,1.88,75.03,49.95,20.02,61.06,36.72,75.03,32.32854569365387,0.0006056602592891,33.24,30.33333333333333,13.272514789112726,0.016930877448409758,1.2433909662046594,10.0,10.902567863464355,11.281637570745817,Normal,Sensor Risk
/content/dacon_01/agv01_0902_1253/agv01_0902_125536.json,agv01,2024-09-02 12:55:36,0,47.0,25.0,20.0,27.7,2.11,74.86,50.04,19.99,61.22,36.75,74.86,32.196394208047586,0.0007455749051155,33.52,30.666666666666668,13.44787005418263,0.017003782081133702,1.2743875263159385,10.0,10.875897407531738,11.430689546055236,Normal,Sensor Risk
/content/dacon_01/agv01_0902_1253/agv01_0902_125537.json,agv01,2024-09-02 12:55:37,0,46.0,26.0,20.0,27.77,1.7,74.93,50.02,19.95,61.52,36.65,74.93,32.37544233932051,0.0010542135841851,33.75,30.666666666666668,13.577020012483905,0.017228653980709323,1.3699953785484058,10.0,10.473465919494629,11.54046701061132,Normal,Sensor Risk
/content/dacon_01/agv01_0902_1253/agv01_0902_125538.json,agv01,2024-09-02 12:55:38,0,46.0,26.0,20.0,27.82,2.08,74.85,50.02,19.95,61.81,36.725,74.85,32.20739718346289,0.0010397648773231,33.99,30.666666666666668,13.673782912836904,0.017089153288711523,1.3106844483164695,10.0,10.15191650390625,11.622715475911368,Normal,Sensor Risk
/content/dacon_01/agv01_0902_1253/agv01_0902_125539.json,agv01,2024-09-02 12:55:39,0,46.0,25.0,20.0,27.9,1.85,74.86,50.05,19.95,61.97,36.6775,74.86,32.298044703459475,0.001049833782302,34.07,30.33333333333333,13.551400568541853,0.017485011114214567,1.4789896770141693,10.0,10.366551399230957,11.518690483260574,Normal,Sensor Risk
/content/dacon_01/agv01_0902_1253/agv01_0902_125540.json,agv01,2024-09-02 12:55:40,0,46.0,25.0,21.0,28.1,1.82,75.13,49.95,19.98,62.05,36.72,75.13,32.396494666347266,0.0009920389123919,33.95,30.666666666666668,13.910554662224737,0.017141051349530735,1.3327497314368546,10.0,10.465265274047852,11.823971462891025,Normal,Sensor Risk
/content/dacon_01/agv01_0902_1253/agv01_0902_125541.json,agv01,2024-09-02 12:55:41,0,47.0,24.0,19.0,28.5,2.0,74.86,50.01,20.02,62.27,36.7225,74.86,32.22655258737221,0.0009972351817782,33.77,30.0,13.732213324300549,0.01741718687240055,1.4501531256203692,10.0,10.45926570892334,11.672381325655467,Normal,Sensor Risk
/content/dacon_01/agv01_0902_1253/agv01_0902_125542.json,agv01,2024-09-02 12:55:42,0,48.0,25.0,19.0,28.43,1.8,74.99,50.04,19.95,62.5,36.69499999999999,74.99,32.36588790686886,0.0008216283408463,34.07,30.666666666666668,14.186605001652241,0.017393334076533134,1.4400117314002518,10.0,10.69902229309082,12.058614251404405,Normal,Sensor Risk
/content/dacon_01/agv01_0902_1253/agv01_0902_125543.json,agv01,2024-09-02 12:55:43,0,47.0,24.0,20.0,28.4,1.8,75.14,49.95,20.01,62.57,36.725,75.14,32.4024674986335,0.0005425235691861,34.17,30.33333333333333,13.993361551702872,0.01740433051299361,1.4446870406504557,10.0,10.6672945022583,11.89435731894744,Normal,Sensor Risk
/content/dacon_01/agv01_0902_1253/agv01_0902_125544.json,agv01,2024-09-02 12:55:44,0,48.0,24.0,21.0,28.67,2.13,74.88,50.01,19.99,62.79,36.7525,74.88,32.19299341471681,0.0007094794152415,34.12,31.0,14.58484062229967,0.017506836912511724,1.4882692610902066,10.0,10.419219970703125,12.397114528954718,Normal,Sensor Risk
/content/dacon_01/agv01_0902_1253/agv01_0902_125545.json,agv01,2024-09-02 12:55:45,0,48.0,24.0,21.0,28.79,1.76,75.07,50.02,19.98,62.98,36.7075,75.07,32.403914758353906,0.0005263346062135,34.19,31.0,14.715007559828946,0.017443251880902202,1.4612350771046012,10.0,10.121064186096191,12.507756425854604,Normal,Sensor Risk
/content/dacon_01/agv01_0902_1253/agv01_0902_125546.json,agv01,2024-09-02 12:55:46,0,48.0,26.0,21.0,29.1,1.92,75.16,49.95,20.05,63.29,36.77,75.16,32.360394517578634,0.0007613117196482,34.19,31.666666666666668,15.387690705595624,0.01754233351257061,1.5033612032118762,10.0,10.300572395324707,13.07953709975628,Normal,Sensor Risk
/content/dacon_01/agv01_0902_1253/agv01_0902_125547.json,agv01,2024-09-02 12:55:47,0,47.0,26.0,20.0,29.21,1.99,74.94,50.05,19.97,63.55,36.7375,74.94,32.27584997589787,0.0007612599032983,34.34,31.0,15.076488491596463,0.017847397634650666,1.6330640498561237,10.0,10.877778053283691,12.815015217856994,Normal,Sensor Risk
/content/dacon_01/agv01_0902_1253/agv01_0902_125548.json,agv01,2024-09-02 12:55:48,0,48.0,26.0,21.0,29.3,1.74,75.19,50.01,19.95,63.66,36.7225,75.19,32.46227695341163,0.0006142428163481,34.36,31.666666666666668,15.59255549662788,0.017916445892151262,1.6624210109192215,10.0,11.538018226623535,13.253672172133697,Normal,Sensor Risk
/content/dacon_01/agv01_0902_1253/agv01_0902_125549.json,agv01,2024-09-02 12:55:49,0,47.0,25.0,21.0,29.53,1.96,75.14,49.98,20.05,63.86,36.7825,75.14,32.34220604205388,0.0007750298095022,34.33,31.0,15.34571926374161,0.017765871859967607,1.5984020745993432,10.0,11.641791343688965,13.043861374180368,Normal,Sensor Risk
/content/dacon_01/agv01_0902_1253/agv01_0902_125550.json,agv01,2024-09-02 12:55:50,0,48.0,25.0,21.0,29.7,1.96,75.05,50.05,19.96,64.04,36.755,75.05,32.33175992735316,0.0007788934200142,34.34,31.33333333333333,15.681514929735865,0.01770571530118449,1.57282556017578,10.0,12.383646965026855,13.329287690275486,Normal,Sensor Risk
/content/dacon_01/agv01_0902_1253/agv01_0902_125551.json,agv01,2024-09-02 12:55:51,0,49.0,25.0,21.0,30.5,1.73,75.23,49.96,19.97,64.16,36.7225,75.23,32.4714247454589,0.0006812094282787,33.66,31.666666666666668,16.349811038459613,0.01763688615195612,1.543561756467395,10.0,13.526198387145996,13.89733938269067,Normal,Sensor Risk
/content/dacon_01/agv01_0902_1253/agv01_0902_125552.json,agv01,2024-09-02 12:55:52,0,49.0,26.0,21.0,30.61,2.06,75.14,50.0,20.04,64.3,36.81,75.14,32.31078457728936,0.0009580637660988,33.69,32.0,16.647541962189266,0.017700396415048156,1.5705641514327413,10.0,15.558540344238281,14.150410667860875,Normal,Sensor Risk
/content/dacon_01/agv01_0902_1253/agv01_0902_125553.json,agv01,2024-09-02 12:55:53,0,48.0,26.0,21.0,30.8,1.98,75.17,50.05,19.95,64.54,36.7875,75.17,32.37372223990727,0.0009832580804492,33.74000000000001,31.666666666666668,16.605683385903383,0.017591392148840406,1.5242192599813553,10.0,18.920499801635742,16.08242483139038,Normal,Degradation Risk
/content/dacon_01/agv01_0902_1253/agv01_0902_125554.json,agv01,2024-09-02 12:55:54,1,47.0,26.0,21.0,30.67,1.81,75.38,49.96,19.99,64.64,36.785,75.38,32.49860150837263,0.0008323441007649,33.97,31.33333333333333,16.377095497059205,0.017323256875588874,1.4102172987237467,40.0,23.31088638305664,19.814253425598142,Normal,Degradation Risk
/content/dacon_01/agv01_0902_1253/agv01_0902_125555.json,agv01,2024-09-02 12:55:55,1,48.0,27.0,22.0,30.6,2.03,75.18,50.04,20.05,64.74,36.825,75.18,32.341072441504885,0.0010124287590828,34.13999999999999,32.333333333333336,16.97587422213229,0.017614301534143617,1.5339595482474286,40.0,28.539016723632812,24.25816421508789,Normal,Degradation Risk
/content/dacon_01/agv01_0902_1253/agv01_0902_125556.json,agv01,2024-09-02 12:55:56,1,48.0,27.0,22.0,30.86,1.99,75.3,49.99,20.05,65.12,36.8325,75.3,32.39609274279847,0.0010826729989809,34.260000000000005,32.333333333333336,17.22620155733616,0.017462109419937737,1.4692526587098615,40.0,34.444522857666016,29.277844429016113,Normal,Degradation Risk
/content/dacon_01/agv01_0902_1253/agv01_0902_125557.json,agv01,2024-09-02 12:55:57,1,48.0,28.0,22.0,31.12,1.95,75.43,49.95,20.05,65.49,36.845000000000006,75.43,32.45651603812913,0.0006635152576279,34.36999999999999,32.666666666666664,17.676575776640878,0.016949696381807537,1.2513921340111442,40.0,38.61129379272461,32.81959972381592,Normal,Degradation Risk
/content/dacon_01/agv01_0902_1253/agv01_0902_125558.json,agv01,2024-09-02 12:55:58,1,49.0,26.0,21.0,31.2,2.12,75.18,50.05,19.99,65.98,36.835,75.18,32.32058425627029,0.0006973222028702,34.78,32.0,17.410353028576697,0.017003499518059018,1.2742673901462267,40.0,40.07069778442383,34.06009311676025,Normal,Degradation Risk
/content/dacon_01/agv01_0902_1253/agv01_0902_125559.json,agv01,2024-09-02 12:55:59,1,49.0,26.0,21.0,31.27,1.72,75.32,50.01,19.95,66.39,36.74999999999999,75.32,32.520831272688376,0.0010003365116981,35.120000000000005,32.0,17.57655364627897,0.01715455289674904,1.3384901282307335,40.0,40.77049255371094,34.6549186706543,Normal,Degradation Risk
/content/dacon_01/agv01_0902_1253/agv01_0902_125600.json,agv01,2024-09-02 12:56:00,1,50.0,26.0,23.0,31.3,1.91,75.44,49.96,20.01,66.68,36.83,75.44,32.48306122684047,0.0009431967303113,35.38000000000001,33.0,18.307572095716164,0.0171951646216841,1.3557568467661505,40.0,41.34848403930664,35.14621143341064,Normal,Degradation Risk
/content/dacon_01/agv01_0902_1253/agv01_0902_125601.json,agv01,2024-09-02 12:56:01,1,49.0,27.0,22.0,31.5,2.0,75.25,50.05,19.97,66.86,36.8175,75.25,32.39471497533715,0.000940536488111,35.36,32.666666666666664,18.231959093503374,0.01701888321683464,1.2808080135060333,40.0,41.581329345703125,35.344129943847655,Normal,Degradation Risk
/content/dacon_01/agv01_0902_1253/agv01_0902_125602.json,agv01,2024-09-02 12:56:02,1,48.0,26.0,21.0,31.65,1.72,75.47,50.0,19.95,67.01,36.785,75.47,32.57881162146138,0.0009817655367871,35.36000000000001,31.666666666666668,17.74758877950732,0.017277432656327966,1.3907344056097861,40.0,41.25312805175781,35.06515884399414,Normal,Degradation Risk
/content/dacon_01/agv01_0902_1253/agv01_0902_125603.json,agv01,2024-09-02 12:56:03,1,50.0,27.0,22.0,32.1,1.94,75.46,49.96,20.05,67.14,36.8525,75.46,32.47333406042564,0.0010233665564676,35.04,33.0,18.84687110919069,0.017320580492952486,1.4090793922263132,40.0,40.790767669677734,34.672152519226074,Normal,Degradation Risk
/content/dacon_01/agv01_0902_1253/agv01_0902_125604.json,agv01,2024-09-02 12:56:04,1,51.0,27.0,21.0,32.49,2.07,75.37,50.05,19.96,67.29,36.8625,75.37,32.418874517786705,0.0011529826695095,34.800000000000004,33.0,19.0806592181884,0.017401161541441782,1.44333970216829,40.0,40.46229553222656,34.392951202392574,Normal,Degradation Risk
/content/dacon_01/agv01_0902_1253/agv01_0902_125605.json,agv01,2024-09-02 12:56:05,1,50.0,27.0,21.0,32.8,1.79,75.61,49.96,19.97,67.5,36.8325,75.61,32.6003398499668,0.0007435820764254,34.7,32.666666666666664,19.107416909300632,0.017519243534084204,1.4935441328916386,40.0,40.0211067199707,34.01794071197509,Normal,Degradation Risk
/content/dacon_01/agv01_0902_1253/agv01_0902_125606.json,agv01,2024-09-02 12:56:06,1,50.0,27.0,22.0,32.98,1.99,75.49,50.0,20.05,67.63,36.8825,75.49,32.47269352856335,0.0009440078547101,34.65,33.0,19.4342818984843,0.017845785831385238,1.6323787661514024,40.0,39.792877197265625,33.82394561767578,Normal,Degradation Risk
/content/dacon_01/agv01_0902_1253/agv01_0902_125607.json,agv01,2024-09-02 12:56:07,1,51.0,27.0,23.0,33.06,1.88,75.52,50.05,19.95,67.71,36.85,75.52,32.5480147884117,0.0009039193149881,34.64999999999999,33.666666666666664,19.916348584309688,0.01782532802161276,1.6236808040786932,40.0,39.7261848449707,33.767257118225096,Normal,Degradation Risk
/content/dacon_01/agv01_0902_1253/agv01_0902_125608.json,agv01,2024-09-02 12:56:08,1,50.0,26.0,24.0,33.5,1.7,75.67,49.98,19.98,67.71,36.8325,75.67,32.65734973427371,0.0005156044038801,34.209999999999994,33.333333333333336,19.943578043408714,0.017675204856073677,1.5598535608588064,40.0,39.90932083129883,33.922922706604005,Normal,Degradation Risk
/content/dacon_01/agv01_0902_1253/agv01_0902_125609.json,agv01,2024-09-02 12:56:09,1,51.0,26.0,22.0,33.5,2.16,75.51,50.05,19.96,67.79,36.92,75.51,32.44217522505748,0.0009125667871834,34.290000000000006,33.0,19.746380140764316,0.017892061013935097,1.6520533934552446,40.0,39.93887710571289,33.948045539855954,Normal,Degradation Risk
/content/dacon_01/agv01_0902_1253/agv01_0902_125610.json,agv01,2024-09-02 12:56:10,1,50.0,27.0,21.0,33.5,1.75,75.65,50.01,19.95,67.84,36.84,75.65,32.64069647949729,0.0009489841528003,34.34,32.666666666666664,19.566274912784483,0.01819165698083729,1.779431367257595,40.0,40.0716552734375,34.060906982421876,Normal,Degradation Risk
/content/dacon_01/agv01_0902_1253/agv01_0902_125611.json,agv01,2024-09-02 12:56:11,1,51.0,27.0,23.0,33.57,1.88,75.79,49.98,20.05,68.04,36.925,75.79,32.628407357189026,0.0011007296945039,34.470000000000006,33.666666666666664,20.297993976765436,0.018203321758715137,1.7843908324543336,40.0,40.124107360839844,34.10549125671387,Normal,Degradation Risk
/content/dacon_01/agv01_0902_1253/agv01_0902_125612.json,agv01,2024-09-02 12:56:12,1,51.0,28.0,22.0,33.6,2.1,75.61,50.03,19.97,68.26,36.9275,75.61,32.49883523553831,0.0012483822336487,34.660000000000004,33.666666666666664,20.35747390167806,0.01818434341645756,1.7763218894445407,40.0,40.41413879394531,34.35201797485352,Normal,Degradation Risk
/content/dacon_01/agv01_0902_1253/agv01_0902_125613.json,agv01,2024-09-02 12:56:13,1,50.0,28.0,23.0,33.6,1.76,75.81,49.99,19.97,68.31,36.8825,75.81,32.69444129613881,0.0011734039610191,34.71,33.666666666666664,20.390235944553787,0.018002294256455897,1.698920803664897,40.0,40.408321380615234,34.34707317352295,Normal,Degradation Risk
/content/dacon_01/agv01_0902_1253/agv01_0902_125614.json,agv01,2024-09-02 12:56:14,1,51.0,28.0,22.0,33.73,1.97,75.76,50.01,20.04,68.45,36.945,75.76,32.59001943335823,0.0010456030245514,34.720000000000006,33.666666666666664,20.48849011261216,0.018182701009373022,1.7756235940410665,40.0,40.3178825378418,34.270200157165526,Normal,Degradation Risk
/content/dacon_01/agv01_0902_1253/agv01_0902_125615.json,agv01,2024-09-02 12:56:15,1,52.0,28.0,22.0,33.9,1.98,75.73,50.05,19.95,68.65,36.9275,75.73,32.5954867785915,0.001062759754401,34.75000000000001,34.0,20.835961687216034,0.018332220507675676,1.8391941785675048,40.0,40.329551696777344,34.28011894226074,Normal,Degradation Risk
/content/dacon_01/agv01_0902_1253/agv01_0902_125616.json,agv01,2024-09-02 12:56:16,1,52.0,29.0,23.0,33.83,1.74,75.98,49.97,19.99,68.82,36.92,75.98,32.763004542725724,0.0005628629160661,34.989999999999995,34.666666666666664,21.281645951086173,0.018350738678003225,1.8470674721877096,40.0,40.3736686706543,34.31761837005615,Normal,Degradation Risk
/content/dacon_01/agv01_0902_1253/agv01_0902_125617.json,agv01,2024-09-02 12:56:17,1,52.0,29.0,23.0,33.8,2.07,75.83,50.01,20.03,68.98,36.985,75.83,32.58380937418664,0.0009069393133706,35.18000000000001,34.666666666666664,21.299576637320882,0.01813761542517648,1.7564547433317856,40.0,40.633201599121094,34.53822135925293,Normal,Degradation Risk
/content/dacon_01/agv01_0902_1253/agv01_0902_125618.json,agv01,2024-09-02 12:56:18,1,52.0,28.0,22.0,33.62,1.88,75.88,50.05,19.95,69.18,36.94,75.88,32.69077035902743,0.0009098305574615,35.56000000000001,34.0,20.850358482514494,0.018450719680957742,1.8895759802519414,40.0,40.56794738769531,34.48275527954102,Normal,Degradation Risk
/content/dacon_01/agv01_0902_1253/agv01_0902_125619.json,agv01,2024-09-02 12:56:19,1,52.0,29.0,24.0,33.58,1.79,76.08,49.95,20.0,69.32,36.955,76.08,32.780506910865995,0.0006237401928005,35.739999999999995,35.0,21.509398723827992,0.0183944255754192,1.8656416490436176,40.0,40.46870040893555,34.39839534759521,Normal,Degradation Risk
/content/dacon_01/agv01_0902_1253/agv01_0902_125620.json,agv01,2024-09-02 12:56:20,1,52.0,28.0,23.0,33.5,2.08,75.89,50.01,20.01,69.45,36.9975,75.89,32.60755881182562,0.0008478491888496,35.95,34.333333333333336,21.071183153301934,0.018263936634525822,1.8101622076263055,40.0,40.54191589355469,34.460628509521484,Normal,Degradation Risk
/content/dacon_01/agv01_0902_1253/agv01_0902_125621.json,agv01,2024-09-02 12:56:21,1,53.0,29.0,22.0,33.44,1.8,76.03,50.04,19.95,69.6,36.955,76.03,32.77761888850378,0.0007721380281968,36.16,34.666666666666664,21.302825460962413,0.01830086540783987,1.8258630609067679,40.0,40.709434509277344,34.603019332885744,Normal,Degradation Risk
/content/dacon_01/agv01_0902_1253/agv01_0902_125622.json,agv01,2024-09-02 12:56:22,1,53.0,28.0,23.0,33.4,1.92,76.2,49.95,20.04,69.68,37.0275,76.2,32.77492677337357,0.0008863557723689,36.28000000000001,34.666666666666664,21.322798391669696,0.0182732722509387,1.8141313929099532,40.0,40.56580352783203,34.480932998657224,Normal,Degradation Risk
/content/dacon_01/agv01_0902_1253/agv01_0902_125623.json,agv01,2024-09-02 12:56:23,1,54.0,29.0,23.0,33.4,2.09,76.0,50.05,20.0,69.78,37.035,76.0,32.654788826959724,0.0011007815593128,36.38,35.333333333333336,21.74961037293974,0.018335781358699635,1.8407081308183777,40.0,40.70215606689453,34.59683265686035,Normal,Degradation Risk
/content/dacon_01/agv01_0902_1253/agv01_0902_125624.json,agv01,2024-09-02 12:56:24,1,54.0,29.0,23.0,33.42,1.75,76.19,50.01,19.95,69.97,36.975,76.19,32.85512999010454,0.0009487515070071,36.55,35.333333333333336,21.828898841063673,0.018437922263097588,1.8841349552148432,40.0,40.613739013671875,34.52167816162109,Normal,Degradation Risk
/content/dacon_01/agv01_0902_1253/agv01_0902_125625.json,agv01,2024-09-02 12:56:25,1,55.0,29.0,23.0,33.6,1.92,76.31,49.96,20.05,70.16,37.06,76.31,32.81834954208799,0.0010686659847021,36.56,35.666666666666664,22.195205019082675,0.01858950296244585,1.9485818920350177,40.0,40.58742141723633,34.49930820465088,Normal,Degradation Risk
/content/dacon_01/agv01_0902_1253/agv01_0902_125626.json,agv01,2024-09-02 12:56:26,1,54.0,29.0,25.0,33.51,2.1,76.15,50.05,19.97,70.35,37.0675,76.15,32.7161411487765,0.0012312155780627,36.84,36.0,22.39546425867003,0.018559289300566592,1.9357360748128338,40.0,40.551109313964844,34.46844291687012,Normal,Degradation Risk
/content/dacon_01/agv01_0902_1253/agv01_0902_125627.json,agv01,2024-09-02 12:56:27,1,55.0,29.0,23.0,33.4,1.79,76.4,49.99,19.96,70.52,37.035,76.4,32.92010986210911,0.0008808704097352,37.12,35.666666666666664,22.197633456461464,0.018696978590649737,1.9942768588107729,40.0,40.50739288330078,34.431283950805664,Normal,Degradation Risk
/content/dacon_01/agv01_0902_1253/agv01_0902_125628.json,agv01,2024-09-02 12:56:28,1,56.0,28.0,25.0,33.32,1.98,76.36,49.99,20.05,70.66,37.095000000000006,76.36,32.82080894798298,0.0011018391894276,37.34,36.333333333333336,22.610509917541926,0.018877923111091866,2.0712082895735935,40.0,40.54037857055664,34.45932178497314,Normal,Degradation Risk
/content/dacon_01/agv01_0902_1253/agv01_0902_125629.json,agv01,2024-09-02 12:56:29,1,55.0,29.0,25.0,33.3,2.01,76.32,50.05,19.96,70.78,37.085,76.32,32.817666482145455,0.0011736217497769,37.48,36.333333333333336,22.630026757241485,0.019144203353801306,2.1844215551947546,40.0,40.5200080871582,34.44200687408447,Normal,Degradation Risk
/content/dacon_01/agv01_0902_1253/agv01_0902_125630.json,agv01,2024-09-02 12:56:30,1,55.0,30.0,24.0,33.3,1.76,76.54,49.97,20.03,71.04,37.075,76.54,32.971950200132234,0.0005665289477416,37.74000000000001,36.333333333333336,22.71512611878293,0.019198282523043283,2.207414171130756,40.0,40.43095779418945,34.36631412506103,Normal,Degradation Risk
/content/dacon_01/agv01_0902_1253/agv01_0902_125631.json,agv01,2024-09-02 12:56:31,1,56.0,31.0,24.0,33.33,2.02,76.44,50.01,20.03,71.15,37.125,76.44,32.844545462932906,0.0008072712706356,37.82000000000001,37.0,23.170458294710727,0.018946799344151243,2.1004921117189896,40.0,40.478302001953125,34.40655670166016,Normal,Degradation Risk
/content/dacon_01/agv01_0902_1253/agv01_0902_125632.json,agv01,2024-09-02 12:56:32,1,56.0,30.0,23.0,33.4,1.91,76.5,50.05,19.95,71.29,37.10249999999999,76.5,32.92679291499047,0.0008175859571997,37.89000000000001,36.333333333333336,22.834166025185162,0.019163860540411592,2.1927791196405075,40.0,40.45272445678711,34.384815788269044,Normal,Degradation Risk
/content/dacon_01/agv01_0902_1253/agv01_0902_125633.json,agv01,2024-09-02 12:56:33,1,55.0,30.0,24.0,33.46,1.82,76.76,49.95,19.99,71.36,37.13,76.76,33.04272486746012,0.0005880634493111,37.9,36.333333333333336,22.907133174800673,0.019446174853531915,2.3128095244303317,40.0,40.40391540527344,34.34332809448242,Normal,Degradation Risk
/content/dacon_01/agv01_0902_1253/agv01_0902_125634.json,agv01,2024-09-02 12:56:34,1,57.0,30.0,24.0,33.5,2.09,76.58,50.01,20.01,71.57,37.1725,76.58,32.87899874286523,0.0009554424478609,38.06999999999999,37.0,23.38861620792232,0.019469508000509853,2.322729981688865,40.0,40.57627868652344,34.48983688354492,Normal,Degradation Risk
/content/dacon_01/agv01_0902_1253/agv01_0902_125635.json,agv01,2024-09-02 12:56:35,1,56.0,30.0,23.0,34.03,1.77,76.73,50.04,19.95,71.73,37.1225,76.73,33.06715326422884,0.0008695312938668,37.7,36.333333333333336,23.30150390198296,0.01978719798526484,2.4578009139641344,40.0,40.466697692871094,34.39669303894043,Normal,Degradation Risk
/content/dacon_01/agv01_0902_1253/agv01_0902_125636.json,agv01,2024-09-02 12:56:36,1,57.0,31.0,24.0,34.15,1.86,76.95,49.95,20.05,71.83,37.2025,76.95,33.094123723102264,0.0010046770226416,37.68,37.333333333333336,24.039323006289784,0.019615073011761863,2.3846192533687156,40.0,40.64181137084961,34.545539665222165,Normal,Degradation Risk
/content/dacon_01/agv01_0902_1253/agv01_0902_125637.json,agv01,2024-09-02 12:56:37,1,58.0,31.0,26.0,34.5,2.12,76.73,50.02,19.99,71.85,37.215,76.73,32.933078102924625,0.0012369492236187,37.35,38.333333333333336,24.830344097872754,0.01979741652840481,2.4621454895398336,40.0,40.67627716064453,34.57483558654785,Normal,Degradation Risk
/content/dacon_01/agv01_0902_1253/agv01_0902_125638.json,agv01,2024-09-02 12:56:38,1,58.0,32.0,25.0,34.39,1.74,76.92,50.01,19.95,72.05,37.155,76.92,33.14986425311573,0.0010127844503978,37.66,38.333333333333336,24.84471864497714,0.019812824786036517,2.4686965544865527,40.0,40.60111999511719,34.51095199584961,Normal,Degradation Risk
/content/dacon_01/agv01_0902_1253/agv01_0902_125639.json,agv01,2024-09-02 12:56:39,1,58.0,31.0,25.0,34.3,1.8,77.07,49.95,19.95,72.21,37.1925,77.07,33.180826165121324,0.0009167909474935,37.91,38.0,24.647774370585058,0.020321523942160396,2.6849780633867675,40.0,40.50477600097656,34.42905960083008,Normal,Degradation Risk
/content/dacon_01/agv01_0902_1253/agv01_0902_125640.json,agv01,2024-09-02 12:56:40,1,58.0,32.0,23.0,34.21,1.94,76.91,50.05,19.95,72.26,37.21249999999999,76.91,33.07988348931517,0.0009924007485171,38.05,37.66666666666666,24.391898824623784,0.020261842601373627,2.659603595426362,40.0,40.6686897277832,34.56838626861572,Normal,Degradation Risk
/content/dacon_01/agv01_0902_1253/agv01_0902_125641.json,agv01,2024-09-02 12:56:41,1,58.0,30.0,25.0,34.19,1.8,77.17,49.96,20.0,72.42,37.2325,77.17,33.213522722931195,0.0007120377605797,38.23,37.66666666666666,24.4477726837963,0.020342008395831373,2.693687353535219,40.0,40.60139465332031,34.51118545532226,Normal,Degradation Risk
/content/dacon_01/agv01_0902_1253/agv01_0902_125642.json,agv01,2024-09-02 12:56:42,1,59.0,31.0,24.0,34.1,1.98,77.07,50.01,20.03,72.53,37.2725,77.07,33.11066935294422,0.0010551073978139,38.43,38.0,24.634587799305052,0.02084360442585554,2.9069488557924896,40.0,40.576080322265625,34.48966827392578,Normal,Degradation Risk
/content/dacon_01/agv01_0902_1253/agv01_0902_125643.json,agv01,2024-09-02 12:56:43,1,59.0,31.0,25.0,34.1,1.86,77.13,50.05,19.95,72.81,37.2475,77.13,33.19636764768097,0.0011205592595578,38.71,38.333333333333336,24.926431058602848,0.021202984018793107,3.0597447857498685,40.0,40.61906433105469,34.526204681396486,Normal,Degradation Risk
/content/dacon_01/agv01_0902_1253/agv01_0902_125644.json,agv01,2024-09-02 12:56:44,1,60.0,32.0,25.0,34.1,1.86,77.36,49.96,19.97,72.91,37.2875,77.36,33.27361855384332,0.0009631937023992,38.81,39.0,25.391449162971,0.02109708758819968,3.0147212398678387,40.0,40.69318389892578,34.589206314086915,Normal,Degradation Risk
/content/dacon_01/agv01_0902_1253/agv01_0902_125645.json,agv01,2024-09-02 12:56:45,1,59.0,32.0,26.0,34.02,2.08,77.22,50.05,20.01,73.2,37.34,77.22,33.143903411235875,0.0012182527611654,39.18,39.0,25.419112030424895,0.020847404873859773,2.90856467649704,40.0,40.842891693115234,34.71645793914795,Normal,Degradation Risk
/content/dacon_01/agv01_0902_1253/agv01_0902_125646.json,agv01,2024-09-02 12:56:46,1,60.0,32.0,26.0,34.0,1.8,77.4,50.03,19.95,73.31,37.295,77.4,33.323341669166375,0.0010211580664777,39.31,39.333333333333336,25.66272003501768,0.021006612509077826,2.9762543259860794,40.0,40.79136657714844,34.67266159057617,Normal,Degradation Risk
/content/dacon_01/agv01_0902_1253/agv01_0902_125647.json,agv01,2024-09-02 12:56:47,1,60.0,32.0,27.0,34.1,1.86,77.62,49.95,20.04,73.42,37.3675,77.62,33.36469129184324,0.0011888775921947,39.32,39.66666666666666,25.976785686091663,0.021375822844603487,3.1332299519680475,40.0,40.85371017456055,34.725653648376465,Normal,Degradation Risk
/content/dacon_01/agv01_0902_1253/agv01_0902_125648.json,agv01,2024-09-02 12:56:48,1,60.0,32.0,27.0,34.17,2.08,77.42,50.02,19.96,73.57,37.370000000000005,77.42,33.22908966553252,0.0013164670992294,39.39999999999999,39.66666666666666,26.035354495063665,0.02165328562473411,3.2511976506124807,40.0,40.960411071777344,34.81634941101074,Normal,Degradation Risk
/content/dacon_01/agv01_0902_1253/agv01_0902_125649.json,agv01,2024-09-02 12:56:49,1,60.0,31.0,26.0,34.3,1.68,77.69,50.0,19.95,73.6,37.33,77.69,33.47857722982465,0.0009372229084849,39.3,39.0,25.715616734320292,0.021400693718256474,3.1438041980948177,40.0,41.050498962402344,34.89292411804199,Normal,Degradation Risk
/content/dacon_01/agv01_0902_1253/agv01_0902_125650.json,agv01,2024-09-02 12:56:50,1,61.0,33.0,27.0,34.24,1.91,77.8,49.95,20.04,73.89,37.425,77.8,33.419404044157744,0.0011809517956621,39.65,40.333333333333336,26.61182818984482,0.021704066174311955,3.272787806116501,40.0,40.99854278564453,34.84876136779785,Normal,Degradation Risk
/content/dacon_01/agv01_0902_1253/agv01_0902_125651.json,agv01,2024-09-02 12:56:51,1,62.0,33.0,25.0,34.2,2.01,77.67,50.05,19.97,74.15,37.425,77.67,33.356408179938484,0.0013787088660059,39.95,40.0,26.44370471741974,0.022052891355451357,3.4210963606147686,40.0,40.99128341674805,34.84259090423584,Normal,Degradation Risk
/content/dacon_01/agv01_0902_1253/agv01_0902_125652.json,agv01,2024-09-02 12:56:52,1,62.0,34.0,26.0,34.38,1.73,77.94,49.99,20.01,74.23,37.4175,77.94,33.54976142488448,0.0010501454511456,39.85,40.66666666666666,26.997306573861025,0.021793936730527444,3.3109976975031783,40.0,41.06859588623047,34.9083065032959,Normal,Degradation Risk
/content/dacon_01/agv01_0902_1253/agv01_0902_125653.json,agv01,2024-09-02 12:56:53,1,62.0,32.0,27.0,34.38,2.0,77.96,49.98,20.04,74.36,37.495,77.96,33.45575934474262,0.0014993039660458,39.98,40.333333333333336,26.83256538324403,0.02225750308555224,3.508090280679628,40.0,40.975887298583984,34.82950420379638,Normal,Degradation Risk
/content/dacon_01/agv01_0902_1253/agv01_0902_125654.json,agv01,2024-09-02 12:56:54,1,62.0,32.0,28.0,34.3,1.94,77.98,50.05,19.95,74.51,37.48,77.98,33.509438471372015,0.0015542966674148,40.21000000000001,40.66666666666666,27.043647405257413,0.022279014483371076,3.5172361924091877,40.0,41.06682586669922,34.90680198669433,Normal,Degradation Risk
/content/dacon_01/agv01_0902_1253/agv01_0902_125655.json,agv01,2024-09-02 12:56:55,1,62.0,34.0,28.0,34.1,1.79,78.25,49.95,20.0,74.76,37.4975,78.25,33.65025544727212,0.0010145641964465,40.66,41.333333333333336,27.446010828832673,0.022859227820926895,3.7639230890158006,40.0,41.070953369140625,34.91031036376953,Normal,Degradation Risk
/content/dacon_01/agv01_0902_1253/agv01_0902_125656.json,agv01,2024-09-02 12:56:56,1,63.0,34.0,26.0,33.9,2.0,78.15,50.02,20.03,74.93,37.55,78.15,33.539100564366166,0.001324761959802,41.03000000000001,41.0,27.175710153674327,0.022955242417300296,3.8047452164561437,40.0,41.05287170410156,34.89494094848633,Normal,Degradation Risk
/content/dacon_01/agv01_0902_1253/agv01_0902_125657.json,agv01,2024-09-02 12:56:57,1,64.0,34.0,27.0,33.72,1.83,78.27,50.04,19.95,75.21,37.5225,78.27,33.66399597492847,0.0011933273619071,41.49,41.66666666666666,27.586944298244703,0.02294644436981885,3.8010045871239426,40.0,40.98101043701172,34.83385887145996,Normal,Degradation Risk
/content/dacon_01/agv01_0902_1253/agv01_0902_125658.json,agv01,2024-09-02 12:56:58,1,63.0,34.0,27.0,33.63,1.86,78.56,49.95,19.99,75.45,37.59,78.56,33.75254755817206,0.0010988355321533,41.82,41.333333333333336,27.425968421338965,0.02310026732081699,3.866404852771837,40.0,40.86539840698242,34.73558864593506,Normal,Degradation Risk
/content/dacon_01/agv01_0902_1253/agv01_0902_125659.json,agv01,2024-09-02 12:56:59,1,64.0,34.0,28.0,33.4,2.08,78.4,50.05,20.0,75.62,37.6325,78.4,33.62077073774485,0.0015389392349921,42.220000000000006,42.0,27.760993164612938,0.023430916331300268,4.006985520230762,40.0,40.98724365234375,34.83915710449219,Normal,Degradation Risk
/content/dacon_01/agv01_0902_1253/agv01_0902_125700.json,agv01,2024-09-02 12:57:00,1,64.0,34.0,26.0,33.22,1.79,78.61,50.02,19.95,75.79,37.5925,78.61,33.81298998412691,0.0013321645003663,42.57000000000001,41.333333333333336,27.316828018047357,0.02364866679696259,4.099565581963167,40.0,41.06291198730469,34.90347518920898,Normal,Degradation Risk
/content/dacon_01/agv01_0902_1253/agv01_0902_125701.json,agv01,2024-09-02 12:57:01,1,64.0,34.0,27.0,33.0,1.86,78.87,49.95,20.04,75.94,37.68,78.87,33.86941097804921,0.0015020029043344,42.94,41.66666666666666,27.481738582502132,0.024153317535439218,4.314125841934884,40.0,40.93841552734375,34.79765319824219,Normal,Degradation Risk
/content/dacon_01/agv01_0902_1253/agv01_0902_125702.json,agv01,2024-09-02 12:57:02,1,64.0,35.0,28.0,32.92,2.08,78.71,50.02,19.97,76.05,37.695,78.71,33.74778856952457,0.0017035362583314,43.13,42.333333333333336,27.874094978659116,0.02401150364510866,4.253831418768526,40.0,41.09798049926758,34.93328342437744,Normal,Degradation Risk
/content/dacon_01/agv01_0902_1253/agv01_0902_125703.json,agv01,2024-09-02 12:57:03,1,65.0,35.0,28.0,32.9,1.71,78.99,50.01,19.98,76.16,37.67249999999999,78.99,33.98860434027852,0.0012120888173962,43.26,42.66666666666666,28.123803764913863,0.024485250105793607,4.4552522352169115,40.0,41.02154541015625,34.86831359863281,Normal,Degradation Risk
/content/dacon_01/agv01_0902_1253/agv01_0902_125704.json,agv01,2024-09-02 12:57:04,1,64.0,36.0,27.0,32.8,1.92,79.03,49.95,20.05,76.39,37.7375,79.03,33.9114369841995,0.0013370735451819,43.59,42.333333333333336,27.932793977471945,0.024249856051659156,4.355170722201899,40.0,41.09031295776367,34.92676601409912,Normal,Degradation Risk
/content/dacon_01/agv01_0902_1253/agv01_0902_125705.json,agv01,2024-09-02 12:57:05,1,65.0,35.0,28.0,32.73,2.01,79.05,50.04,19.97,76.48,37.7675,79.05,33.91267646470859,0.0016005352124645,43.75000000000001,42.66666666666666,28.13538177358993,0.02495418546749937,4.654627536680341,40.0,41.03553771972656,34.88020706176758,Normal,Degradation Risk
/content/dacon_01/agv01_0902_1253/agv01_0902_125706.json,agv01,2024-09-02 12:57:06,1,66.0,36.0,28.0,32.6,1.73,79.31,49.96,19.97,76.58,37.7425,79.31,34.10711692594377,0.0010231703473414,43.98,43.333333333333336,28.53110382138127,0.02454595809065465,4.4810631971773836,40.0,41.15180206298828,34.979031753540035,Normal,Degradation Risk
/content/dacon_01/agv01_0902_1253/agv01_0902_125707.json,agv01,2024-09-02 12:57:07,1,66.0,35.0,30.0,32.4,2.03,79.37,49.98,20.04,76.79,37.855,79.37,34.01624954831637,0.0016933104973986,44.39000000000001,43.66666666666666,28.709303699231608,0.02507167490018451,4.704580031146017,40.0,41.18855285644531,35.01026992797851,Normal,Degradation Risk
/content/dacon_01/agv01_0902_1253/agv01_0902_125708.json,agv01,2024-09-02 12:57:08,1,66.0,36.0,29.0,32.3,1.9,79.38,50.05,19.95,76.98,37.81999999999999,79.38,34.090026889595336,0.0017138181875849,44.68000000000001,43.66666666666666,28.71127106712305,0.025639759123943343,4.946110042780334,40.0,41.11152267456055,34.944794273376466,Normal,Degradation Risk
/content/dacon_01/agv01_0902_1253/agv01_0902_125709.json,agv01,2024-09-02 12:57:09,1,67.0,37.0,27.0,32.21,1.79,79.72,49.96,19.95,77.11,37.855,79.72,34.256301123540275,0.0014313748251495,44.9,43.66666666666666,28.73103703436004,0.025557016180795544,4.910930569059146,40.0,41.16623306274414,34.99129810333252,Normal,Degradation Risk
/content/dacon_01/agv01_0902_1253/agv01_0902_125710.json,agv01,2024-09-02 12:57:10,1,67.0,36.0,29.0,32.05,2.12,79.51,50.05,19.95,77.29,37.9075,79.51,34.0657466036878,0.0016186651583036,45.24000000000001,44.0,28.887963424559505,0.025541007230122,4.9041241099449495,40.0,41.19793701171875,35.018246459960935,Normal,Degradation Risk
/content/dacon_01/agv01_0902_1253/agv01_0902_125711.json,agv01,2024-09-02 12:57:11,1,67.0,36.0,29.0,31.9,1.76,79.82,50.02,19.96,77.46,37.89,79.82,34.31289164925237,0.0015525955391929,45.56,44.0,28.887781220966314,0.026244742810119865,5.203328445702961,40.0,41.18458938598633,35.006900978088375,Normal,Degradation Risk
/content/dacon_01/agv01_0902_1253/agv01_0902_125712.json,agv01,2024-09-02 12:57:12,1,67.0,35.0,29.0,31.75,1.88,80.03,49.95,20.05,77.6,37.977500000000006,80.03,34.332580614726105,0.0014509937383549,45.85,43.66666666666666,28.66053866487199,0.026775082911382746,5.428810945429176,40.0,41.1391716003418,34.968295860290525,Normal,Degradation Risk
/content/dacon_01/agv01_0902_1253/agv01_0902_125713.json,agv01,2024-09-02 12:57:13,1,68.0,36.0,29.0,31.6,2.06,79.92,50.02,19.95,77.78,37.9875,79.92,34.25031520536223,0.001750282015371,46.18,44.333333333333336,29.042471135350898,0.026559248783670285,5.337045645149329,40.0,41.319725036621094,35.121766281127925,Normal,Degradation Risk
/content/dacon_01/agv01_0902_1253/agv01_0902_125714.json,agv01,2024-09-02 12:57:14,1,68.0,36.0,29.0,31.91,1.74,80.24,49.98,19.98,77.94,37.98499999999999,80.24,34.483063958992965,0.001502128226162,46.03,44.333333333333336,29.274076471674235,0.027072335822667496,5.555192731999295,40.0,41.27834701538086,35.08659496307373,Normal,Degradation Risk
/content/dacon_01/agv01_0902_1253/agv01_0902_125715.json,agv01,2024-09-02 12:57:15,1,68.0,37.0,29.0,32.02,1.96,80.3,49.96,20.03,78.15,38.0625,80.3,34.41956069349714,0.0016419771691249,46.13,44.66666666666666,29.604189043388786,0.026874995901435484,5.4712905367302405,40.0,41.36063766479492,35.15654201507568,Normal,Degradation Risk
/content/dacon_01/agv01_0902_1253/agv01_0902_125716.json,agv01,2024-09-02 12:57:16,1,69.0,37.0,31.0,32.2,1.93,80.31,50.05,19.94,78.31,38.057500000000005,80.31,34.4602857165559,0.0016618719764685,46.11,45.66666666666666,30.36656683923269,0.027832189974719042,5.878256768122407,40.0,41.279354095458984,35.08745098114014,Normal,Degradation Risk
/content/dacon_01/agv01_0902_1253/agv01_0902_125717.json,agv01,2024-09-02 12:57:17,1,69.0,37.0,28.0,32.2,1.79,80.68,49.96,19.94,78.5,38.0925,80.68,34.650240379156585,0.0013019141003249,46.3,44.66666666666666,29.825889126215426,0.02798069262093556,5.941395021867734,40.0,41.27200698852539,35.08120594024658,Normal,Degradation Risk
/content/dacon_01/agv01_0902_1253/agv01_0902_125718.json,agv01,2024-09-02 12:57:18,1,70.0,38.0,28.0,32.2,1.96,80.7,49.98,20.04,78.64,38.17,80.7,34.58389798735822,0.0018221143955506,46.44,45.333333333333336,30.289835409509738,0.02817946948189094,6.025908154835087,40.0,41.334442138671875,35.13427581787109,Normal,Degradation Risk
/content/dacon_01/agv01_0902_1253/agv01_0902_125719.json,agv01,2024-09-02 12:57:19,1,70.0,37.0,29.0,32.2,1.9,80.83,50.05,19.94,78.77,38.18,80.83,34.683595546021465,0.0019410840780285,46.56999999999999,45.333333333333336,30.340052682990674,0.028395934566064596,6.117941716254814,40.0,41.418067932128906,35.205357742309566,Normal,Degradation Risk
/content/dacon_01/agv01_0902_1253/agv01_0902_125720.json,agv01,2024-09-02 12:57:20,1,69.0,37.0,30.0,32.21,1.79,81.21,49.95,19.98,79.01,38.2325,81.21,34.8595987498422,0.0018833209581357,46.8,45.333333333333336,30.448236135239185,0.029447014348262815,6.564824944842244,40.0,41.33837890625,35.137622070312496,Normal,Degradation Risk
/content/dacon_01/agv01_0902_1253/agv01_0902_125721.json,agv01,2024-09-02 12:57:21,1,70.0,38.0,30.0,32.3,2.04,81.07,50.0,20.02,79.09,38.282500000000006,81.07,34.71362688724223,0.0022020024117026,46.790000000000006,46.0,30.92316410012922,0.02922411581523377,6.470056100674109,40.0,41.45622253417969,35.237789154052734,Normal,Degradation Risk
/content/dacon_01/agv01_0902_1253/agv01_0902_125722.json,agv01,2024-09-02 12:57:22,1,70.0,38.0,29.0,32.43,1.81,81.35,50.04,19.95,79.2,38.2875,81.35,34.92550202454743,0.0019599095059918,46.77,45.66666666666666,30.836488747509904,0.0300032595954919,6.801321427961988,40.0,41.4151725769043,35.202896690368654,Normal,Degradation Risk
/content/dacon_01/agv01_0902_1253/agv01_0902_125723.json,agv01,2024-09-02 12:57:23,1,70.0,38.0,30.0,32.7,1.87,81.66,49.95,20.04,79.38,38.38,81.66,35.00647083040506,0.0020513794731527,46.67999999999999,46.0,31.2649257131158,0.030849528838836522,7.161126209792304,40.0,41.35967254638672,35.15572166442871,Normal,Degradation Risk
/content/dacon_01/agv01_0902_1253/agv01_0902_125724.json,agv01,2024-09-02 12:57:24,1,71.0,38.0,30.0,32.83,2.03,81.55,50.04,19.98,79.59,38.4,81.55,34.926042814305006,0.0022030115359502,46.760000000000005,46.333333333333336,31.58838172675898,0.03128555967516857,7.3465116307697915,40.0,41.53671646118164,35.30620899200439,Normal,Degradation Risk
/content/dacon_01/agv01_0902_1253/agv01_0902_125725.json,agv01,2024-09-02 12:57:25,1,71.0,38.0,30.0,32.9,1.74,81.88,50.0,19.94,79.71,38.39,81.88,35.16531055837082,0.0018285169774404,46.81,46.333333333333336,31.685246838818408,0.031712393449469224,7.527986775054949,40.0,41.49846649169922,35.27369651794434,Normal,Degradation Risk
/content/dacon_01/agv01_0902_1253/agv01_0902_125726.json,agv01,2024-09-02 12:57:26,1,71.0,38.0,30.0,32.9,1.83,82.14,49.95,20.01,79.81,38.4825,82.14,35.223665695097665,0.0019682297595531,46.91,46.333333333333336,31.74059014140846,0.03175929112969979,7.547926067114079,40.0,41.53778076171875,35.30711364746094,Normal,Degradation Risk
/content/dacon_01/agv01_0902_1253/agv01_0902_125727.json,agv01,2024-09-02 12:57:27,1,71.0,38.0,32.0,32.9,2.13,82.12,50.03,19.97,80.0,38.5625,82.12,35.1272329064882,0.0024589190877436,47.1,47.0,32.21380378679673,0.032243362444728675,7.753736659031521,40.0,41.54438018798828,35.31272315979004,Normal,Degradation Risk
/content/dacon_01/agv01_0902_1253/agv01_0902_125728.json,agv01,2024-09-02 12:57:28,1,73.0,37.0,31.0,32.9,1.73,82.49,49.99,20.0,80.21,38.5525,82.49,35.409095229898206,0.0021584664427045,47.31,47.0,32.30439501140212,0.03245302590858907,7.842878403772156,40.0,41.501670837402344,35.276420211791994,Normal,Degradation Risk
/content/dacon_01/agv01_0902_1253/agv01_0902_125729.json,agv01,2024-09-02 12:57:29,1,72.0,38.0,31.0,32.9,2.0,82.65,49.98,20.04,80.4,38.6675,82.65,35.37382400872148,0.0027633697912934,47.50000000000001,47.0,32.38054944618858,0.03323143142340439,8.17382984580582,40.0,41.422454833984375,35.209086608886714,Normal,Degradation Risk
/content/dacon_01/agv01_0902_1253/agv01_0902_125730.json,agv01,2024-09-02 12:57:30,1,72.0,38.0,33.0,32.9,1.94,82.68,50.05,19.94,80.48,38.6525,82.68,35.432043289467046,0.0027111892604712,47.580000000000005,47.66666666666666,32.82141801520145,0.03402407039365133,8.510832867010702,40.0,41.47697067260742,35.25542507171631,Normal,Degradation Risk
/content/dacon_01/agv01_0902_1253/agv01_0902_125731.json,agv01,2024-09-02 12:57:31,1,72.0,39.0,32.0,32.82,1.72,83.12,49.97,19.96,80.71,38.6925,83.12,35.67845790296063,0.0021147881528056,47.88999999999999,47.66666666666666,32.87951148668888,0.03390653827335219,8.460862223229352,40.0,41.606178283691406,35.365251541137695,Normal,Degradation Risk
/content/dacon_01/agv01_0902_1253/agv01_0902_125732.json,agv01,2024-09-02 12:57:32,1,73.0,38.0,31.0,32.81,2.01,83.13,49.97,20.03,80.85,38.785,83.13,35.57027738622983,0.0022399745743676,48.03999999999999,47.333333333333336,32.70703332541553,0.03433923018984212,8.644828049515445,40.0,41.62816619873047,35.3839412689209,Normal,Degradation Risk
/content/dacon_01/agv01_0902_1253/agv01_0902_125733.json,agv01,2024-09-02 12:57:33,1,73.0,39.0,30.0,32.9,1.92,83.35,50.03,19.94,80.88,38.81,83.35,35.71483818620304,0.0024294507072201,47.98,47.333333333333336,32.786039694286615,0.03534750701405349,9.073512922105339,40.0,41.5634651184082,35.32894535064697,Normal,Degradation Risk
/content/dacon_01/agv01_0902_1253/agv01_0902_125734.json,agv01,2024-09-02 12:57:34,1,73.0,38.0,31.0,32.9,1.81,83.77,49.94,19.96,80.87,38.87,83.77,35.914651606273445,0.0022723420446501,47.970000000000006,47.333333333333336,32.82338086629075,0.035296721537533965,9.051920671833974,40.0,41.628971099853516,35.38462543487549,Normal,Degradation Risk
/content/dacon_01/agv01_0902_1253/agv01_0902_125735.json,agv01,2024-09-02 12:57:35,1,73.0,39.0,29.0,32.9,2.0,83.72,49.97,20.01,80.98,38.925,83.72,35.822790231918006,0.0026657060380431,48.080000000000005,47.0,32.64539020733174,0.03619296721476199,9.432973726635913,40.0,41.67638397216797,35.424926376342775,Normal,Degradation Risk
/content/dacon_01/agv01_0902_1253/agv01_0902_125736.json,agv01,2024-09-02 12:57:36,1,74.0,40.0,30.0,33.23,1.78,84.05,50.03,19.94,81.2,38.95,84.05,36.05442829944749,0.0024668418755647,47.970000000000006,48.0,33.530334930707475,0.03696340848850296,9.760539045346846,40.0,41.63604736328125,35.39064025878906,Normal,Degradation Risk
/content/dacon_01/agv01_0902_1253/agv01_0902_125737.json,agv01,2024-09-02 12:57:37,1,74.0,40.0,31.0,33.42,1.87,84.41,49.94,20.04,81.35,39.065,84.41,36.14716816939698,0.0026358975329508,47.92999999999999,48.333333333333336,33.915588533153176,0.036749464841415176,9.669577512867924,40.0,41.789207458496094,35.52082633972168,Normal,Degradation Risk
/content/dacon_01/agv01_0902_1253/agv01_0902_125738.json,agv01,2024-09-02 12:57:38,2,74.0,40.0,31.0,33.6,2.11,84.37,50.03,20.0,81.38,39.1275,84.37,36.06431696751421,0.0030583550948415,47.78,48.333333333333336,34.01776873199078,0.0373523312044008,9.92589570227723,70.0,41.878440856933594,35.59667472839355,Normal,Degradation Risk
/content/dacon_01/agv01_0902_1253/agv01_0902_125739.json,agv01,2024-09-02 12:57:39,2,74.0,40.0,32.0,33.73,1.82,84.78,50.01,19.96,81.51,39.1425,84.78,36.34015811284627,0.0029168080635107,47.78000000000001,48.66666666666666,34.367634801604126,0.0381240896104251,10.25402102065443,70.0,41.863014221191406,35.58356208801269,Normal,Degradation Risk
/content/dacon_01/agv01_0902_1253/agv01_0902_125740.json,agv01,2024-09-02 12:57:40,2,74.0,39.0,31.0,34.0,1.82,85.01,49.94,20.04,81.67,39.20249999999999,85.01,36.41553548967803,0.0028400931379223,47.67,48.0,34.155312683476915,0.03901347210098657,10.632156082866372,70.0,41.9853630065918,35.687558555603026,Normal,Degradation Risk
/content/dacon_01/agv01_0902_1253/agv01_0902_125741.json,agv01,2024-09-02 12:57:41,2,75.0,40.0,33.0,34.5,1.85,85.0,50.02,19.96,81.66,39.2075,85.0,36.4230342640478,0.0024745594690031,47.16,49.333333333333336,35.236485976186195,0.03960426749697585,10.883342109337281,70.0,47.839561462402344,40.663627243041994,Caution,Degradation Risk
/content/dacon_01/agv01_0902_1253/agv01_0902_125742.json,agv01,2024-09-02 12:57:42,2,74.0,40.0,32.0,34.6,1.76,85.41,49.95,19.96,81.89,39.27,85.41,36.61893044132593,0.0018426370296088,47.29,48.66666666666666,34.96675543850092,0.03977088412367819,10.954181808985359,70.0,50.648094177246094,43.05088005065918,Caution,Degradation Risk
/content/dacon_01/agv01_0902_1253/agv01_0902_125743.json,agv01,2024-09-02 12:57:43,2,75.0,39.0,32.0,35.1,2.01,85.49,49.97,20.0,82.23,39.3675,85.49,36.56218846021118,0.0022599504313578,47.13,48.66666666666666,35.329878535985785,0.04040414075565493,11.22342090292961,70.0,45.011661529541016,38.25991230010986,Normal,Degradation Risk
/content/dacon_01/agv01_0902_1253/agv01_0902_125744.json,agv01,2024-09-02 12:57:44,2,74.0,40.0,33.0,35.08,1.85,85.8,50.04,19.94,82.37,39.4075,85.8,36.76440069324309,0.0026231641771533,47.290000000000006,49.0,35.602255089393736,0.041400222417701596,11.646920809036832,70.0,42.681358337402344,36.27915458679199,Normal,Degradation Risk
/content/dacon_01/agv01_0902_1253/agv01_0902_125745.json,agv01,2024-09-02 12:57:45,2,75.0,41.0,32.0,35.0,1.82,86.19,49.94,19.97,82.55,39.48,86.19,36.924027407637965,0.0028869762959222,47.55,49.333333333333336,35.861501648976635,0.04155403353832964,11.712316044815374,70.0,65.13864135742188,55.367845153808595,Caution,Degradation Risk
/content/dacon_01/agv01_0902_1253/agv01_0902_125746.json,agv01,2024-09-02 12:57:46,2,76.0,41.0,33.0,34.89,2.04,86.25,50.02,19.98,82.64,39.5725,86.25,36.88040977266928,0.0034012612130912,47.75,50.0,36.2592813642755,0.042870187014383394,12.27189955565542,70.0,64.5812759399414,54.8940845489502,Caution,Degradation Risk
/content/dacon_01/agv01_0902_1253/agv01_0902_125747.json,agv01,2024-09-02 12:57:47,2,77.0,41.0,32.0,34.8,1.76,86.65,50.01,19.94,82.79,39.59,86.65,37.15037640006716,0.0031354576899239,47.99000000000001,50.0,36.29076806430781,0.04356174830709307,12.565927800215368,70.0,64.62850952148438,54.93423309326172,Caution,Degradation Risk
/content/dacon_01/agv01_0902_1253/agv01_0902_125748.json,agv01,2024-09-02 12:57:48,2,75.0,41.0,32.0,34.71,1.82,87.04,49.95,20.0,82.87,39.7025,87.04,37.27878071593365,0.0031700325683081,48.16,49.333333333333336,35.889455040775374,0.04450443997137765,12.966728102564353,70.0,53.17087936401367,45.19524745941162,Caution,Degradation Risk
/content/dacon_01/agv01_0902_1253/agv01_0902_125749.json,agv01,2024-09-02 12:57:49,2,76.0,41.0,33.0,34.69,2.17,87.11,50.04,19.97,83.05,39.8225,87.11,37.20366234212253,0.003783574196446,48.36,50.0,36.3603579527272,0.044957169537074855,13.159213252999486,70.0,65.62759399414062,55.78345489501953,Caution,Degradation Risk
/content/dacon_01/agv01_0902_1253/agv01_0902_125750.json,agv01,2024-09-02 12:57:50,2,76.0,42.0,33.0,34.6,1.7,87.55,50.0,19.95,83.14,39.8,87.55,37.54879048207368,0.0034342152071723,48.54,50.333333333333336,36.58666029425217,0.04530409794272324,13.306715363334629,70.0,65.43814086914062,55.62241973876953,Caution,Degradation Risk
/content/dacon_01/agv01_0902_1253/agv01_0902_125751.json,agv01,2024-09-02 12:57:51,2,77.0,41.0,33.0,34.56,1.97,87.9,49.97,20.04,83.27,39.97,87.9,37.587630057418274,0.0038195735582538,48.71,50.333333333333336,36.64202236277275,0.04656006151262019,13.840708181586644,70.0,51.397586822509766,43.6879487991333,Caution,Degradation Risk
/content/dacon_01/agv01_0902_1253/agv01_0902_125752.json,agv01,2024-09-02 12:57:52,2,77.0,41.0,33.0,34.5,2.01,88.02,50.04,19.95,83.5,40.005,88.02,37.647330582658846,0.0039503100489624,49.0,50.333333333333336,36.68797557483399,0.047137104670422106,14.086047226024828,70.0,53.280277252197266,45.288235664367676,Caution,Degradation Risk
/content/dacon_01/agv01_0902_1253/agv01_0902_125753.json,agv01,2024-09-02 12:57:53,2,77.0,41.0,33.0,34.43,1.71,88.56,49.98,19.96,83.69,40.0525,88.56,37.970991888545655,0.0034337659550478,49.26,50.333333333333336,36.75136740230546,0.04797492677872069,14.442260574506676,70.0,47.75126266479492,40.58857326507568,Caution,Degradation Risk
/content/dacon_01/agv01_0902_1253/agv01_0902_125754.json,agv01,2024-09-02 12:57:54,2,77.0,41.0,34.0,34.4,1.99,88.78,49.95,20.03,83.79,40.1875,88.78,37.95572541352183,0.0036415367335367,49.39000000000001,50.66666666666666,36.996549735364724,0.048765218539368736,14.778265642348273,70.0,65.98965454101562,56.09120635986328,Caution,Degradation Risk
/content/dacon_01/agv01_0902_1253/agv01_0902_125755.json,agv01,2024-09-02 12:57:55,2,76.0,41.0,33.0,34.6,1.94,89.05,50.04,19.94,83.94,40.2425,89.05,38.11139844805837,0.0039736868591363,49.34,50.0,36.755078391584334,0.048628776574635456,14.720255178492428,70.0,66.12736511230469,56.20826034545898,Caution,Degradation Risk
/content/dacon_01/agv01_0902_1253/agv01_0902_125756.json,agv01,2024-09-02 12:57:56,2,77.0,41.0,33.0,34.69,1.81,89.6,49.95,20.0,84.11,40.34,89.6,38.37176131827501,0.0036492041588133,49.42,50.333333333333336,37.10698060906794,0.04890149525378815,14.83620584741403,70.0,66.07320404052734,56.162223434448244,Caution,Degradation Risk
/content/dacon_01/agv01_0902_1253/agv01_0902_125757.json,agv01,2024-09-02 12:57:57,2,77.0,41.0,34.0,34.8,2.04,89.75,50.02,20.02,84.3,40.4575,89.75,38.36138542423444,0.0042557335994023,49.5,50.66666666666666,37.446910561917036,0.049784679425142295,15.211705595974145,70.0,66.10845947265625,56.19219055175781,Caution,Degradation Risk
/content/dacon_01/agv01_0902_1253/agv01_0902_125758.json,agv01,2024-09-02 12:57:58,2,78.0,42.0,33.0,35.27,1.87,90.14,50.04,19.93,84.45,40.495000000000005,90.14,38.60286215640839,0.0041754510919962,49.18,51.0,37.97546418829984,0.05032663986800144,15.442128668107689,70.0,66.05342864990234,56.14541435241699,Caution,Degradation Risk
/content/dacon_01/agv01_0902_1253/agv01_0902_125759.json,agv01,2024-09-02 12:57:59,2,78.0,43.0,33.0,35.5,1.79,90.69,49.94,20.0,84.67,40.605,90.69,38.84507562098444,0.0039467390991947,49.17,51.333333333333336,38.414142283692044,0.05155367766585599,15.963823235914187,70.0,66.10514831542969,56.18937606811523,Caution,Degradation Risk
/content/dacon_01/agv01_0902_1253/agv01_0902_125800.json,agv01,2024-09-02 12:58:00,2,77.0,42.0,34.0,35.68,2.16,90.83,50.02,19.99,84.76,40.75,90.83,38.79048422830871,0.0044907809544954,49.080000000000005,51.0,38.34411118744867,0.05186175313581406,16.09480640483741,70.0,66.11030578613281,56.19375991821289,Caution,Degradation Risk
/content/dacon_01/agv01_0902_1253/agv01_0902_125801.json,agv01,2024-09-02 12:58:01,2,79.0,42.0,32.0,35.75,1.74,91.26,50.02,19.93,84.85,40.7375,91.26,39.12563045285447,0.0040155007165015,49.1,51.0,38.44146168111453,0.053101785723729165,16.62202591360028,70.0,66.14794921875,56.225756835937496,Caution,Degradation Risk
/content/dacon_01/agv01_0902_1253/agv01_0902_125802.json,agv01,2024-09-02 12:58:02,2,77.0,42.0,33.0,35.9,1.92,91.82,49.95,20.02,84.92,40.9275,91.82,39.28596303600901,0.0043563899929916,49.02,50.66666666666666,38.390030529882786,0.0533343114937751,16.720887930173927,70.0,66.1770248413086,56.250471115112305,Caution,Degradation Risk
/content/dacon_01/agv01_0902_1253/agv01_0902_125803.json,agv01,2024-09-02 12:58:03,2,78.0,42.0,33.0,36.29,2.08,91.98,50.04,19.96,85.09,41.015,91.98,39.31975372930677,0.0047551852485207,48.8,51.0,38.866337134868935,0.05479485358123911,17.341860547655642,70.0,66.22259521484375,56.289205932617186,Caution,Degradation Risk
/content/dacon_01/agv01_0902_1253/agv01_0902_125804.json,agv01,2024-09-02 12:58:04,2,79.0,42.0,33.0,36.6,1.69,92.57,50.0,19.93,85.39,41.0475,92.57,39.70590583695747,0.0043085821947889,48.79,51.333333333333336,39.36903817564243,0.05487737849207162,17.376947321482263,70.0,66.24394989013672,56.30735740661621,Caution,Degradation Risk
/content/dacon_01/agv01_0902_1253/agv01_0902_125805.json,agv01,2024-09-02 12:58:05,2,79.0,43.0,34.0,36.95,1.89,92.98,49.96,20.03,85.54,41.215,92.98,39.79677583255541,0.0044977910475921,48.59,52.0,40.04998895168264,0.05602938040938462,17.86673919538842,70.0,66.3037338256836,56.35817375183105,Caution,Degradation Risk
/content/dacon_01/agv01_0902_1253/agv01_0902_125806.json,agv01,2024-09-02 12:58:06,2,79.0,42.0,35.0,37.01,2.06,93.25,50.0,19.94,85.73,41.3125,93.25,39.87697361886932,0.004989619885776,48.720000000000006,52.0,40.166453553259394,0.05716176197613006,18.348189166276224,70.0,66.41969299316406,56.456739044189455,Caution,Degradation Risk
/content/dacon_01/agv01_0902_1253/agv01_0902_125807.json,agv01,2024-09-02 12:58:07,2,78.0,42.0,33.0,37.1,1.71,93.91,49.97,19.99,85.85,41.395,93.91,40.26755973071458,0.0044657712794566,48.74999999999999,51.0,39.67971985026946,0.057642514021054254,18.552588517899583,70.0,66.582763671875,56.59534912109375,Caution,Degradation Risk
/content/dacon_01/agv01_0902_1253/agv01_0902_125808.json,agv01,2024-09-02 12:58:08,2,79.0,44.0,34.0,37.13,2.0,94.25,49.95,20.02,86.03,41.555,94.25,40.31374166046445,0.0050279081042858,48.9,52.333333333333336,40.6193651436439,0.05830836658411717,18.83568628857733,70.0,66.7280502319336,56.71884269714355,Caution,Degradation Risk
/content/dacon_01/agv01_0902_1253/agv01_0902_125809.json,agv01,2024-09-02 12:58:09,2,79.0,43.0,34.0,37.2,1.96,94.65,50.03,19.93,86.19,41.6425,94.65,40.52274536191578,0.0052967908629718,48.99,52.0,40.53448811820587,0.0588552322302062,19.06819488560953,70.0,66.74991607666016,56.73742866516113,Caution,Degradation Risk
/content/dacon_01/agv01_0902_1253/agv01_0902_125810.json,agv01,2024-09-02 12:58:10,2,79.0,44.0,34.0,37.33,1.8,95.29,49.93,19.95,86.28,41.7425,95.29,40.84395620325403,0.0048983968100695,48.95,52.333333333333336,40.893069530157305,0.05922410370813315,19.22502644091265,70.0,66.72216033935547,56.71383628845215,Caution,Degradation Risk
/content/dacon_01/agv01_0902_1253/agv01_0902_125811.json,agv01,2024-09-02 12:58:11,2,77.0,44.0,35.0,37.4,1.97,95.69,49.93,20.03,86.46,41.905,95.69,40.94934553811574,0.0052836477145917,49.06,52.0,40.815223033960926,0.06001951182701068,19.5632068095477,70.0,66.77085876464844,56.75522994995117,Caution,Degradation Risk
/content/dacon_01/agv01_0902_1253/agv01_0902_125812.json,agv01,2024-09-02 12:58:12,2,79.0,43.0,34.0,38.1,1.78,95.82,49.99,19.93,86.67,41.88,95.82,41.08977245008786,0.0047071354405521,48.57,52.0,41.23707964441972,0.06043753586956055,19.74093635674836,70.0,66.76478576660156,56.750067901611324,Caution,Degradation Risk
/content/dacon_01/agv01_0902_1253/agv01_0902_125813.json,agv01,2024-09-02 12:58:13,2,79.0,43.0,33.0,38.4,1.93,96.38,49.96,20.0,86.74,42.0675,96.38,41.27199484315403,0.0045026944681406,48.34,51.66666666666666,41.25528743589209,0.06060465838940925,19.81199114488581,70.0,66.77452850341797,56.75834922790527,Caution,Degradation Risk
/content/dacon_01/agv01_0902_1253/agv01_0902_125814.json,agv01,2024-09-02 12:58:14,2,80.0,43.0,34.0,39.0,2.05,96.66,50.03,19.95,86.81,42.1725,96.66,41.36940284396992,0.0046989187146262,47.81,52.333333333333336,42.02962621582253,0.0618342023172219,20.334751233565136,70.0,66.89523315429688,56.860948181152345,Caution,Degradation Risk
/content/dacon_01/agv01_0902_1253/agv01_0902_125815.json,agv01,2024-09-02 12:58:15,2,81.0,42.0,34.0,39.06,1.76,97.37,49.97,19.95,86.9,42.2625,97.37,41.77137087767171,0.0046748483118006,47.84,52.333333333333336,42.15601137346473,0.06216582296974151,20.475745010035936,70.0,67.01689147949219,56.96435775756836,Caution,Degradation Risk
/content/dacon_01/agv01_0902_1253/agv01_0902_125816.json,agv01,2024-09-02 12:58:16,2,80.0,43.0,34.0,39.1,1.91,97.89,49.93,20.02,87.11,42.4375,97.89,41.93701576968331,0.0050968572825215,48.01,52.333333333333336,42.291861724583875,0.06250452046668813,20.619747619079977,70.0,67.0438003540039,56.98723030090332,Caution,Degradation Risk
/content/dacon_01/agv01_0902_1253/agv01_0902_125817.json,agv01,2024-09-02 12:58:17,2,81.0,43.0,33.0,39.46,2.0,98.33,50.02,19.93,87.34,42.57,98.33,42.123527076128525,0.0059141218170603,47.88,52.333333333333336,42.594587978520856,0.06387454280215005,21.202234329296854,70.0,67.15122985839844,57.07854537963867,Caution,Degradation Risk
/content/dacon_01/agv01_0902_1253/agv01_0902_125818.json,agv01,2024-09-02 12:58:18,2,80.0,44.0,34.0,39.52,1.7,99.04,49.96,19.94,87.51,42.66,99.04,42.52808640573114,0.0054887275867221,47.99,52.66666666666666,42.94581917662194,0.06482622278103871,21.606856156060886,70.0,67.26071166992188,57.17160491943359,Caution,Degradation Risk
/content/dacon_01/agv01_0902_1253/agv01_0902_125819.json,agv01,2024-09-02 12:58:19,2,80.0,44.0,34.0,39.7,1.99,99.48,49.95,20.02,87.6,42.86000000000001,99.48,42.61500127107042,0.0060221570171285,47.89999999999999,52.66666666666666,43.114108833636024,0.06485879636985808,21.62070533362554,70.0,67.26995849609375,57.179464721679686,Caution,Degradation Risk
/content/dacon_01/agv01_0902_1253/agv01_0902_125820.json,agv01,2024-09-02 12:58:20,2,80.0,43.0,34.0,39.7,1.83,100.01,50.03,19.92,87.67,42.947500000000005,100.01,42.92320768923653,0.0060275449108424,47.97,52.333333333333336,42.978228393871106,0.06565496984467013,21.959211105466732,70.0,67.24402618408203,57.15742225646972,Caution,Degradation Risk
/content/dacon_01/agv01_0902_1253/agv01_0902_125821.json,agv01,2024-09-02 12:58:21,2,80.0,43.0,33.0,39.7,1.78,100.8,49.94,20.0,87.75,43.13,100.8,43.27056120119852,0.0060235939068432,48.05,52.0,42.87107113480839,0.06605014115748317,22.12722445241333,70.0,67.20579528808594,57.124925994873045,Caution,Degradation Risk
/content/dacon_01/agv01_0902_1253/agv01_0902_125822.json,agv01,2024-09-02 12:58:22,2,81.0,43.0,35.0,40.32,2.12,101.22,50.0,20.0,87.84,43.335,101.22,43.35240823760544,0.0066782568939361,47.52,53.0,43.88967478957688,0.06698355173765509,22.524078754750416,70.0,67.29002380371094,57.196520233154295,Caution,Degradation Risk
/content/dacon_01/agv01_0902_1253/agv01_0902_125823.json,agv01,2024-09-02 12:58:23,2,81.0,45.0,35.0,40.5,1.82,101.86,49.99,19.92,87.99,43.3975,101.86,43.74626260226886,0.0066260584200033,47.49,53.66666666666666,44.50328976483256,0.06777989794400978,22.86265796614469,70.0,67.33525085449219,57.23496322631836,Caution,Degradation Risk
/content/dacon_01/agv01_0902_1253/agv01_0902_125824.json,agv01,2024-09-02 12:58:24,2,81.0,44.0,35.0,40.9,1.84,102.65,49.93,19.99,88.19,43.602500000000006,102.65,44.07683093190798,0.0065668368890257,47.29,53.333333333333336,44.633404794684864,0.06860489067264813,23.213416700523553,70.0,67.48020935058594,57.358177947998044,Caution,Degradation Risk
/content/dacon_01/agv01_0902_1253/agv01_0902_125825.json,agv01,2024-09-02 12:58:25,2,81.0,45.0,35.0,40.93,2.04,103.06,50.01,19.96,88.34,43.767500000000005,103.06,44.20614842228775,0.0069173904663568,47.41,53.66666666666666,44.9440385502937,0.06997016841921498,23.79388617357189,70.0,67.67945861816406,57.527539825439455,Caution,Degradation Risk
/content/dacon_01/agv01_0902_1253/agv01_0902_125826.json,agv01,2024-09-02 12:58:26,2,81.0,44.0,36.0,41.0,1.76,103.89,49.99,19.92,88.58,43.89,103.89,44.67179497923345,0.006550002522679,47.58,53.66666666666666,45.12404651040885,0.07015335328027955,23.87177012065883,70.0,67.74263000488281,57.58123550415039,Caution,Degradation Risk
/content/dacon_01/agv01_0902_1253/agv01_0902_125827.json,agv01,2024-09-02 12:58:27,2,82.0,44.0,34.0,41.06,1.86,104.66,49.92,20.01,88.69,44.1125,104.66,44.96639884402575,0.0068180501974142,47.63,53.333333333333336,45.05750867643455,0.07105286367661741,24.25421122253478,70.0,67.95449829101562,57.76132354736328,Caution,Degradation Risk
/content/dacon_01/agv01_0902_1253/agv01_0902_125828.json,agv01,2024-09-02 12:58:28,2,81.0,44.0,35.0,41.1,2.04,105.09,50.01,19.95,88.83,44.2725,105.09,45.11782823895672,0.007365054125879,47.73,53.333333333333336,45.16684242958486,0.07198424623269224,24.650203278283637,70.0,68.16899871826172,57.94364891052246,Caution,Degradation Risk
/content/dacon_01/agv01_0902_1253/agv01_0902_125829.json,agv01,2024-09-02 12:58:29,2,81.0,44.0,34.0,41.63,1.72,106.01,49.96,19.93,88.91,44.405,106.01,45.63284233970091,0.0070013545037349,47.28,53.0,45.33978761104913,0.0728617591541159,25.023291805048807,70.0,68.32398223876953,58.0753849029541,Caution,Degradation Risk
/content/dacon_01/agv01_0902_1253/agv01_0902_125830.json,agv01,2024-09-02 12:58:30,2,80.0,44.0,35.0,41.81,1.92,106.71,49.94,20.02,89.11,44.6475,106.71,45.86907990865597,0.0074140350382143,47.3,53.0,45.56266806366056,0.07328750563298272,25.204304668447087,70.0,68.36309814453125,58.10863342285156,Caution,Degradation Risk
/content/dacon_01/agv01_0902_1253/agv01_0902_125831.json,agv01,2024-09-02 12:58:31,2,80.0,44.0,35.0,42.2,2.05,107.35,50.01,19.92,89.38,44.8325,107.35,46.1382678297889,0.0077944101080182,47.17999999999999,53.0,45.90596169762306,0.07463883456475791,25.778843581803724,70.0,68.5215835571289,58.24334602355957,Caution,Degradation Risk
/content/dacon_01/agv01_0902_1253/agv01_0902_125832.json,agv01,2024-09-02 12:58:32,2,81.0,44.0,34.0,42.29,1.72,108.26,49.95,19.96,89.48,44.9725,108.26,46.64220933517908,0.0074915790172727,47.190000000000005,53.0,46.066824193639,0.07459963268634993,25.76217628186479,70.0,68.60325622558594,58.312767791748044,Caution,Degradation Risk
/content/dacon_01/agv01_0902_1253/agv01_0902_125833.json,agv01,2024-09-02 12:58:33,2,82.0,44.0,36.0,42.4,2.01,108.9,49.94,19.99,89.6,45.21000000000001,108.9,46.836870803531134,0.0078811706296549,47.2,54.0,46.850575026469755,0.07507001842013242,25.96216823200444,70.0,68.6234359741211,58.32992057800293,Caution,Degradation Risk
/content/dacon_01/agv01_0902_1253/agv01_0902_125834.json,agv01,2024-09-02 12:58:34,2,83.0,45.0,34.0,42.32,1.91,109.75,50.02,19.92,89.77,45.400000000000006,109.75,47.26830298060919,0.0081137651372691,47.45,54.0,46.944532816749636,0.07559085086402446,26.18360840050696,70.0,68.6058578491211,58.31497917175293,Caution,Degradation Risk
/content/dacon_01/agv01_0902_1253/agv01_0902_125835.json,agv01,2024-09-02 12:58:35,2,82.0,44.0,36.0,42.3,1.8,110.74,49.92,19.92,89.89,45.595,110.74,47.74859264941743,0.0079258363606274,47.59,54.0,47.064016033707595,0.07618270349924833,26.435243928995256,70.0,68.60157775878906,58.3113410949707,Caution,Degradation Risk
/content/dacon_01/agv01_0902_1253/agv01_0902_125836.json,agv01,2024-09-02 12:58:36,2,81.0,44.0,35.0,42.3,2.09,111.35,49.99,19.97,89.98,45.85,111.35,47.9308585360204,0.0084493787453744,47.68000000000001,53.333333333333336,46.740248650897335,0.0774649498577533,26.980411291395455,70.0,68.54956817626953,58.2671329498291,Caution,Degradation Risk
/content/dacon_01/agv01_0902_1253/agv01_0902_125837.json,agv01,2024-09-02 12:58:37,2,82.0,43.0,34.0,42.25,1.8,112.24,50.0,19.91,90.08,45.9875,112.24,48.43574807584442,0.0084632138954708,47.83,53.0,46.62319715009091,0.07805048304717258,27.22936000733929,70.0,68.53604125976562,58.25563507080078,Caution,Degradation Risk
/content/dacon_01/agv01_0902_1253/agv01_0902_125838.json,agv01,2024-09-02 12:58:38,2,82.0,44.0,35.0,42.2,1.84,113.33,49.91,19.95,90.15,46.25749999999999,113.33,48.91168870184985,0.0085022705309108,47.95,53.66666666666666,47.143361889497456,0.07888262253188942,27.583157298338108,70.0,68.73682403564453,58.42630043029785,Caution,Degradation Risk
/content/dacon_01/agv01_0902_1253/agv01_0902_125839.json,agv01,2024-09-02 12:58:39,2,83.0,44.0,37.0,42.51,2.02,113.93,49.98,19.97,90.25,46.475,113.93,49.12984191575083,0.0087478059245709,47.74,54.66666666666666,48.01828448729065,0.07913923289705455,27.69225926225768,70.0,68.85748291015625,58.52886047363281,Caution,Degradation Risk
/content/dacon_01/agv01_0902_1253/agv01_0902_125840.json,agv01,2024-09-02 12:58:40,2,82.0,44.0,35.0,42.6,1.76,114.93,50.0,19.92,90.45,46.6525,114.93,49.67556701572045,0.008631872585264,47.85,53.66666666666666,47.59304884057774,0.07985453195054336,27.99637999204671,70.0,68.90511322021484,58.569346237182614,Caution,Degradation Risk
/content/dacon_01/agv01_0902_1253/agv01_0902_125841.json,agv01,2024-09-02 12:58:41,2,81.0,44.0,36.0,43.18,1.78,115.13,49.98,19.94,90.86,46.7075,115.13,49.75716723916934,0.0076024898682454,47.68,53.66666666666666,48.009035492883214,0.08133599951639546,28.62624940832542,70.0,69.05645751953125,58.69798889160156,Caution,Degradation Risk
/content/dacon_01/agv01_0902_1253/agv01_0902_125842.json,agv01,2024-09-02 12:58:42,2,80.0,44.0,36.0,43.75,1.8,115.32,49.96,19.96,91.27,46.76,115.32,49.8342425781042,0.0064677353851762,47.52,53.333333333333336,48.209143679537235,0.08142918499677156,28.665868692259178,70.0,69.18536376953125,58.80755920410156,Caution,Degradation Risk
/content/dacon_01/agv01_0902_1253/agv01_0902_125843.json,agv01,2024-09-02 12:58:43,2,82.0,45.0,35.0,43.8,1.76,116.08,49.92,19.98,91.54,46.935,116.08,50.190616320848925,0.0050676071325867,47.74000000000001,54.0,48.7829049957863,0.08221076960888302,28.99817177789569,70.0,69.38750457763672,58.97937889099121,Caution,Degradation Risk
/content/dacon_01/agv01_0902_1253/agv01_0902_125844.json,agv01,2024-09-02 12:58:44,2,82.0,45.0,36.0,43.73,2.08,116.89,49.94,19.97,91.9,47.22,116.89,50.46942770958805,0.0055048973076128,48.17000000000001,54.333333333333336,49.141033534477025,0.08271014387862032,29.210488663553008,70.0,69.51765441894531,59.090006256103514,Caution,Degradation Risk
/content/dacon_01/agv01_0902_1253/agv01_0902_125845.json,agv01,2024-09-02 12:58:45,2,83.0,45.0,35.0,43.7,1.81,117.96,49.99,19.91,92.08,47.4175,117.96,51.054117284178616,0.0065656289847252,48.38,54.333333333333336,49.29656154189068,0.08365141803604942,29.61068629039547,70.0,69.8006820678711,59.33057975769043,Caution,Degradation Risk
/content/dacon_01/agv01_0902_1253/agv01_0902_125846.json,agv01,2024-09-02 12:58:46,2,83.0,44.0,34.0,43.7,1.85,119.12,49.91,19.95,92.1,47.7075,119.12,51.56867678155025,0.008368018257706,48.39999999999999,53.66666666666666,49.026008028289674,0.0837303534883897,29.644246949052665,70.0,69.96190643310547,59.46762046813965,Caution,Degradation Risk
/content/dacon_01/agv01_0902_1253/agv01_0902_125847.json,agv01,2024-09-02 12:58:47,2,82.0,44.0,34.0,43.68,2.01,119.82,49.97,19.95,92.15,47.9375,119.82,51.8454764179094,0.0095065873973926,48.470000000000006,53.333333333333336,48.9066472337678,0.08439653907617065,29.927486310467593,70.0,70.00190734863281,59.50162124633789,Caution,Degradation Risk
/content/dacon_01/agv01_0902_1253/agv01_0902_125848.json,agv01,2024-09-02 12:58:48,2,83.0,45.0,35.0,43.6,1.8,121.05,49.98,19.9,92.22,48.1825,121.05,52.48536200694439,0.0097617655802737,48.62,54.333333333333336,49.63671182230834,0.08501096244142915,30.188718142566994,70.0,70.04635620117188,59.53940277099609,Caution,Degradation Risk
/content/dacon_01/agv01_0902_1253/agv01_0902_125849.json,agv01,2024-09-02 12:58:49,2,83.0,46.0,36.0,43.54,1.82,122.24,49.93,19.97,92.32,48.49,122.24,53.01765554982604,0.0099338331872984,48.78,55.0,50.171779639528566,0.08594921527758542,30.587631206783605,70.0,70.30502319335938,59.75926971435547,Caution,Degradation Risk
/content/dacon_01/agv01_0902_1253/agv01_0902_125850.json,agv01,2024-09-02 12:58:50,2,83.0,45.0,36.0,43.5,2.09,123.07,50.0,19.94,92.4,48.775,123.07,53.32977311033677,0.0104374844824438,48.900000000000006,54.66666666666666,50.054920128248185,0.08676729448379795,30.93545054752663,70.0,70.61432647705078,60.02217750549316,Warning,Degradation Risk
/content/dacon_01/agv01_0902_1253/agv01_0902_125851.json,agv01,2024-09-02 12:58:51,2,82.0,46.0,36.0,43.66,1.69,124.34,49.96,19.9,92.44,48.9725,124.34,54.04344016622184,0.0101274065064361,48.78,54.66666666666666,50.27133180590999,0.08695161149010786,31.013815844108656,70.0,70.75487518310547,60.14164390563965,Warning,Degradation Risk
/content/dacon_01/agv01_0902_1253/agv01_0902_125852.json,agv01,2024-09-02 12:58:52,2,83.0,45.0,36.0,43.71,1.93,125.5,49.91,19.96,92.5,49.325,125.5,54.50248342965668,0.0105659517691294,48.79,54.66666666666666,50.4357698725013,0.0880281121165272,31.471507147526705,70.0,70.99256134033203,60.34367713928223,Warning,Degradation Risk
/content/dacon_01/agv01_0902_1253/agv01_0902_125853.json,agv01,2024-09-02 12:58:53,2,83.0,45.0,35.0,43.8,2.07,126.59,50.0,19.91,92.69,49.6425,126.59,54.97942001331044,0.0109586079249028,48.89,54.333333333333336,50.440315558510825,0.08929054626790564,32.008251036051654,70.0,71.2440414428711,60.557435226440425,Warning,Degradation Risk
/content/dacon_01/agv01_0902_1253/agv01_0902_125854.json,agv01,2024-09-02 12:58:54,2,83.0,45.0,36.0,43.85,1.76,127.91,49.91,19.9,92.66,49.87,127.91,55.68667165489422,0.010737363838239,48.81,54.66666666666666,50.795695385120545,0.08993381350545955,32.28174629762106,70.0,71.40772247314453,60.69656410217285,Warning,Degradation Risk
/content/dacon_01/agv01_0902_1253/agv01_0902_125855.json,agv01,2024-09-02 12:58:55,2,83.0,44.0,35.0,43.9,1.93,129.05,49.9,20.0,92.72,50.220000000000006,129.05,56.1528978177737,0.0110862958905947,48.82,54.0,50.54025791625598,0.09133646939113985,32.87810767894174,70.0,71.71973419189453,60.96177406311035,Warning,Degradation Risk
/content/dacon_01/agv01_0902_1253/agv01_0902_125856.json,agv01,2024-09-02 12:58:56,2,83.0,45.0,34.0,43.97,1.93,130.26,49.97,19.89,92.86,50.5125,130.26,56.739036753073854,0.011415363543375,48.89,54.0,50.74039815652752,0.0914209110399197,32.91400938428619,70.0,71.95918273925781,61.165305328369136,Warning,Degradation Risk
/content/dacon_01/agv01_0902_1253/agv01_0902_125857.json,agv01,2024-09-02 12:58:57,2,82.0,45.0,38.0,44.0,1.76,131.83,49.92,19.93,93.0,50.86,131.83,57.51666251328103,0.0113685049508189,49.0,55.0,51.57614082768222,0.09204530784843616,33.179481583861715,70.0,72.05587768554688,61.24749603271484,Warning,Degradation Risk
/content/dacon_01/agv01_0902_1253/agv01_0902_125858.json,agv01,2024-09-02 12:58:58,2,83.0,45.0,36.0,44.0,2.07,132.94,49.95,19.97,93.08,51.2325,132.94,57.94266037788278,0.0119196783024755,49.08,54.66666666666666,51.50855680305195,0.09210830129676087,33.20626424683742,70.0,72.24580383300781,61.40893325805664,Warning,Degradation Risk
/content/dacon_01/agv01_0902_1253/agv01_0902_125859.json,agv01,2024-09-02 12:58:59,2,83.0,45.0,35.0,44.04,1.85,134.27,49.99,19.89,93.16,51.5,134.27,58.64431657600477,0.0121703474075884,49.12,54.333333333333336,51.47956107455995,0.09308019068579337,33.61947842463501,70.0,72.34770965576172,61.49555320739746,Warning,Degradation Risk
/content/dacon_01/agv01_0902_1253/agv01_0902_125900.json,agv01,2024-09-02 12:59:00,2,85.0,46.0,36.0,44.1,1.84,135.79,49.89,19.95,93.32,51.86749999999999,135.79,59.35310740250532,0.0121305350939267,49.21999999999999,55.66666666666666,52.53957037770226,0.09409372824200464,34.05039998081513,70.0,72.65238189697266,61.754524612426756,Warning,Degradation Risk
/content/dacon_01/agv01_0902_1253/agv01_0902_125901.json,agv01,2024-09-02 12:59:01,2,85.0,45.0,36.0,44.17,2.09,136.99,49.97,19.95,93.47,52.25,136.99,59.848089916610256,0.01247408887405,49.3,55.333333333333336,52.533302963663296,0.09529979861938354,34.563179917481335,70.0,73.01543426513672,62.06311912536621,Warning,Degradation Risk
/content/dacon_01/agv01_0902_1253/agv01_0902_125902.json,agv01,2024-09-02 12:59:02,2,84.0,45.0,35.0,44.2,1.76,138.61,49.96,19.89,93.49,52.55500000000001,138.61,60.71609149695546,0.0123069248714526,49.28999999999999,54.66666666666666,52.29795751701571,0.09550926214330205,34.65223665458671,70.0,73.2953109741211,62.30101432800293,Warning,Degradation Risk
/content/dacon_01/agv01_0902_1253/agv01_0902_125903.json,agv01,2024-09-02 12:59:03,2,83.0,45.0,38.0,44.3,1.82,140.18,49.89,19.97,93.53,52.965,140.18,61.428530016597335,0.0125531112872878,49.23,55.333333333333336,52.93783860533586,0.09669843907873737,35.15783407665645,70.0,73.62462615966797,62.580932235717775,Warning,Degradation Risk
/content/dacon_01/agv01_0902_1253/agv01_0902_125904.json,agv01,2024-09-02 12:59:04,2,84.0,45.0,36.0,44.37,2.14,141.38,49.96,19.91,93.58,53.3475,141.38,61.91787753414464,0.0130960672950472,49.21,55.0,52.906882097495526,0.09737203264522819,35.44422305763333,70.0,74.08829498291016,62.97505073547363,Warning,Degradation Risk
/content/dacon_01/agv01_0902_1253/agv01_0902_125905.json,agv01,2024-09-02 12:59:05,2,83.0,44.0,37.0,44.6,1.71,143.1,49.94,19.88,93.69,53.6575,143.1,62.85762450437761,0.0128243985659208,49.09,54.66666666666666,53.01572769999373,0.0977171184528396,35.59094175820863,70.0,74.38245391845703,63.22508583068848,Warning,Degradation Risk
/content/dacon_01/agv01_0902_1253/agv01_0902_125906.json,agv01,2024-09-02 12:59:06,2,85.0,45.0,37.0,44.88,1.93,144.76,49.9,19.98,93.88,54.1425,144.76,63.56820923228842,0.0132494477157112,48.99999999999999,55.66666666666666,54.00874761974828,0.09805012725607805,35.73252572895916,70.0,74.56262969970703,63.378235244750975,Warning,Degradation Risk
/content/dacon_01/agv01_0902_1253/agv01_0902_125907.json,agv01,2024-09-02 12:59:07,2,84.0,44.0,36.0,45.1,2.01,146.16,49.98,19.89,93.97,54.50999999999999,146.16,64.2262609841177,0.0136129032074588,48.87,54.66666666666666,53.66669340054858,0.09966163128658856,36.417682209212316,70.0,74.71344757080078,63.50643043518066,Warning,Degradation Risk
/content/dacon_01/agv01_0902_1253/agv01_0902_125908.json,agv01,2024-09-02 12:59:08,2,84.0,45.0,36.0,45.41,1.71,147.96,49.92,19.89,94.08,54.870000000000005,147.96,65.16603563206834,0.0133971189413149,48.67,55.0,54.24202486814797,0.1002419794421581,36.66442642583427,70.0,74.921142578125,63.682971191406246,Warning,Degradation Risk
/content/dacon_01/agv01_0902_1253/agv01_0902_125909.json,agv01,2024-09-02 12:59:09,2,85.0,46.0,36.0,45.54,1.97,149.61,49.94,19.97,94.25,55.3725,149.61,65.86699344132842,0.0139300114884056,48.71,55.66666666666666,54.944736770999384,0.101306386551765,37.116975978902204,70.0,75.27290344238281,63.98196792602539,Warning,Degradation Risk
/content/dacon_01/agv01_0902_1253/agv01_0902_125910.json,agv01,2024-09-02 12:59:10,2,84.0,46.0,36.0,45.9,1.97,151.34,49.98,19.87,94.29,55.79,151.34,66.70931319288684,0.0143876836145777,48.39000000000001,55.333333333333336,55.11188701363025,0.10169473307160522,37.28208765694623,70.0,75.5889892578125,64.25064086914062,Warning,Degradation Risk
/content/dacon_01/agv01_0902_1253/agv01_0902_125911.json,agv01,2024-09-02 12:59:11,2,84.0,47.0,35.0,46.17,1.79,153.32,49.88,19.91,94.37,56.225,153.32,67.69944977619832,0.0143178712090177,48.2,55.333333333333336,55.47019193567603,0.10255840767656434,37.64929260413483,70.0,75.85548400878906,64.4771614074707,Warning,Degradation Risk
/content/dacon_01/agv01_0902_1253/agv01_0902_125912.json,agv01,2024-09-02 12:59:12,2,85.0,46.0,37.0,46.5,1.99,154.9,49.93,19.94,94.39,56.690000000000005,154.9,68.39481997929376,0.0148031305220204,47.89,56.0,56.2267863704645,0.10404217174291243,38.28013841399801,70.0,76.24600219726562,64.80910186767578,Warning,Degradation Risk
/content/dacon_01/agv01_0902_1253/agv01_0902_125913.json,agv01,2024-09-02 12:59:13,2,83.0,47.0,36.0,46.5,1.88,156.73,49.97,19.87,94.47,57.1125,156.73,69.31160190280796,0.0148918197177656,47.97,55.333333333333336,56.016985682867634,0.10543056128528158,38.870434233344234,70.0,76.66893005371094,65.1685905456543,Warning,Degradation Risk
/content/dacon_01/agv01_0902_1253/agv01_0902_125914.json,agv01,2024-09-02 12:59:14,2,84.0,46.0,35.0,46.5,1.77,158.84,49.87,19.93,94.53,57.602500000000006,158.84,70.34512130678763,0.0147547794241417,48.03,55.0,56.035143991682176,0.10601768649399207,39.12005982152259,70.0,76.96418762207031,65.41955947875977,Warning,Degradation Risk
/content/dacon_01/agv01_0902_1253/agv01_0902_125915.json,agv01,2024-09-02 12:59:15,2,84.0,46.0,37.0,46.9,2.14,160.59,49.91,19.91,94.64,58.1375,160.59,71.08977487421568,0.015309681096067,47.74,55.66666666666666,56.87027504059017,0.10694970254322272,39.51632121692725,70.0,77.27317810058594,65.68220138549805,Warning,Degradation Risk
/content/dacon_01/agv01_0902_1253/agv01_0902_125916.json,agv01,2024-09-02 12:59:16,2,84.0,46.0,36.0,47.05,1.74,162.65,49.94,19.86,94.68,58.5475,162.65,72.19241482547412,0.0153265668167968,47.63000000000001,55.333333333333336,56.95694420929969,0.10780565174894141,39.880241588184354,70.0,77.51466369628906,65.8874641418457,Warning,Degradation Risk
/content/dacon_01/agv01_0902_1253/agv01_0902_125917.json,agv01,2024-09-02 12:59:17,2,85.0,46.0,35.0,47.5,1.89,164.52,49.86,19.92,94.73,59.0475,164.52,73.04519029340673,0.0153697357742735,47.23,55.333333333333336,57.38983827200862,0.10900106665654903,40.38849118299247,70.0,77.73805236816406,66.07734451293945,Warning,Degradation Risk
/content/dacon_01/agv01_0902_1253/agv01_0902_125918.json,agv01,2024-09-02 12:59:18,2,85.0,47.0,34.0,48.0,1.7,165.24,49.96,19.86,94.83,59.19,165.24,73.4478145806032,0.0140062292234632,46.83,55.333333333333336,57.72772292853214,0.11024819855710159,40.91872907704436,70.0,77.98560333251953,66.2877628326416,Warning,Degradation Risk
/content/dacon_01/agv01_0902_1253/agv01_0902_125919.json,agv01,2024-09-02 12:59:19,2,85.0,47.0,36.0,48.0,1.73,166.62,49.87,19.87,94.91,59.5225,166.62,74.10654283979699,0.012237068639597,46.91,56.0,58.28117818737546,0.11188631419410476,41.61519990358099,70.0,78.29374694824219,66.54968490600585,Warning,Degradation Risk
/content/dacon_01/agv01_0902_1253/agv01_0902_125920.json,agv01,2024-09-02 12:59:20,2,86.0,46.0,36.0,48.7,2.0,168.46,49.88,19.94,95.0,60.07,168.46,74.9105466539926,0.0116293100404068,46.3,56.0,58.84152303928197,0.11267860723368023,41.952055846878025,70.0,78.59088134765625,66.80224914550782,Warning,Degradation Risk
/content/dacon_01/agv01_0902_1253/agv01_0902_125921.json,agv01,2024-09-02 12:59:21,2,86.0,46.0,36.0,48.83,1.87,170.63,49.96,19.85,94.99,60.5775,170.63,76.00347333071912,0.0123386227778394,46.16,56.0,59.13290811322308,0.11365370971507861,42.36663612182118,70.0,78.85103607177734,67.02338066101073,Warning,Degradation Risk
/content/dacon_01/agv01_0902_1253/agv01_0902_125922.json,agv01,2024-09-02 12:59:22,2,85.0,46.0,38.0,49.3,1.84,173.08,49.85,19.93,95.05,61.175,173.08,77.18544098468311,0.0139232650182576,45.75,56.333333333333336,59.86602667802916,0.1147726143788199,42.842356173793355,70.0,79.09436798095703,67.23021278381347,Warning,Degradation Risk
/content/dacon_01/agv01_0902_1253/agv01_0902_125923.json,agv01,2024-09-02 12:59:23,3,85.0,47.0,36.0,49.47,2.06,175.12,49.93,19.92,95.13,61.75750000000001,175.12,78.11340916684323,0.0162536514454938,45.66,56.0,60.002875960106756,0.11566521503696553,43.22185949096034,95.0,79.28459167480469,67.39190292358398,Warning,Degradation Risk
/content/dacon_01/agv01_0902_1253/agv01_0902_125924.json,agv01,2024-09-02 12:59:24,3,85.0,46.0,36.0,49.6,1.81,177.64,49.92,19.85,95.2,62.305,177.64,79.40953448211785,0.0171828463202622,45.6,55.66666666666666,60.14591165988874,0.11682729055096468,43.71593431416002,95.0,79.4708023071289,67.55018196105956,Warning,Degradation Risk
/content/dacon_01/agv01_0902_1253/agv01_0902_125925.json,agv01,2024-09-02 12:59:25,3,86.0,46.0,37.0,50.22,1.81,180.18,49.85,19.91,95.26,62.9375,180.18,80.63296157072905,0.0174864113418449,45.040000000000006,56.333333333333336,61.1561871644906,0.11861334180378451,44.475302312480274,95.0,79.6341781616211,67.68905143737793,Warning,Degradation Risk
/content/dacon_01/agv01_0902_1253/agv01_0902_125926.json,agv01,2024-09-02 12:59:26,3,85.0,47.0,36.0,50.41,2.09,182.3,49.95,19.88,95.33,63.55500000000001,182.3,81.59028312244051,0.0178544830114649,44.92,56.0,61.28231185822274,0.11923864278506137,44.74115893543565,95.0,79.81806945800781,67.84535903930664,Warning,Degradation Risk
/content/dacon_01/agv01_0902_1253/agv01_0902_125927.json,agv01,2024-09-02 12:59:27,3,85.0,45.0,38.0,51.2,1.71,184.9,49.9,19.87,95.41,64.095,184.9,82.95196381038849,0.0176048155346358,44.21,56.0,61.96721070876062,0.12114752119483792,45.552748846296396,95.0,79.97277069091797,67.97685508728027,Warning,Degradation Risk
/content/dacon_01/agv01_0902_1253/agv01_0902_125928.json,agv01,2024-09-02 12:59:28,3,85.0,45.0,37.0,51.73,1.93,187.5,49.85,19.94,95.55,64.805,187.5,84.1503592782982,0.0179493692357477,43.82,55.66666666666666,62.3347832467309,0.1224950963586552,46.12569178571004,95.0,80.13101959228516,68.11136665344237,Warning,Degradation Risk
/content/dacon_01/agv01_0902_1253/agv01_0902_125929.json,agv01,2024-09-02 12:59:29,3,85.0,46.0,37.0,52.4,1.97,189.99,49.94,19.85,95.75,65.4375,189.99,85.36166484435505,0.0182611290673799,43.35,56.0,63.19576487759459,0.12341228687419886,46.51564987048901,95.0,80.26612854003906,68.2262092590332,Warning,Degradation Risk
/content/dacon_01/agv01_0902_1253/agv01_0902_125930.json,agv01,2024-09-02 12:59:30,3,85.0,47.0,36.0,52.78,1.76,192.77,49.85,19.83,95.85,66.0525,192.77,86.77536300701945,0.0181898479115052,43.06999999999999,56.0,63.696292294080955,0.12450914996689404,46.981998599181026,95.0,80.37495422363281,68.31871109008789,Warning,Degradation Risk
/content/dacon_01/agv01_0902_1253/agv01_0902_125931.json,agv01,2024-09-02 12:59:31,3,85.0,46.0,37.0,52.9,1.97,195.36,49.89,19.93,95.95,66.78750000000001,195.36,87.96466501764596,0.0186178457423841,43.05,56.0,64.0510572046498,0.12702934202196867,48.05349819541219,95.0,80.47740173339844,68.40579147338867,Warning,Degradation Risk
/content/dacon_01/agv01_0902_1253/agv01_0902_125932.json,agv01,2024-09-02 12:59:32,3,84.0,47.0,37.0,52.7,1.96,198.12,49.93,19.84,96.12,67.4625,198.12,89.32571648187324,0.0190223007547149,43.42,56.0,64.27758740523356,0.1292700923446413,49.00618871007516,95.0,80.57044982910156,68.48488235473633,Warning,Degradation Risk
/content/dacon_01/agv01_0902_1253/agv01_0902_125933.json,agv01,2024-09-02 12:59:33,3,84.0,46.0,38.0,52.73,1.76,201.23,49.85,19.85,96.27,68.1725,201.23,90.8949878981234,0.0190289908873474,43.54,56.0,64.64644831738535,0.1309626257244926,49.725796102482704,95.0,80.65957641601562,68.56063995361328,Warning,Degradation Risk
/content/dacon_01/agv01_0902_1253/agv01_0902_125934.json,agv01,2024-09-02 12:59:34,3,85.0,46.0,37.0,52.8,2.06,203.87,49.86,19.9,96.28,68.9225,203.87,92.10140439573472,0.0194801719695904,43.48,56.0,64.9562739199759,0.13233761270316402,50.310393609447665,95.0,80.73170471191406,68.62194900512695,Warning,Degradation Risk
/content/dacon_01/agv01_0902_1253/agv01_0902_125935.json,agv01,2024-09-02 12:59:35,3,85.0,46.0,37.0,52.74,1.93,206.78,49.92,19.82,96.41,69.6125,206.78,93.56447237956654,0.0196339636777561,43.67,56.0,65.25538102121688,0.13394873698692547,50.995388634351634,95.0,80.78738403320312,68.66927642822266,Warning,Degradation Risk
/content/dacon_01/agv01_0902_1253/agv01_0902_125936.json,agv01,2024-09-02 12:59:36,3,85.0,46.0,37.0,52.7,1.82,210.12,49.82,19.86,96.59,70.405,210.12,95.2238112728814,0.0197199254046159,43.89,56.0,65.62070427362971,0.13528631233431676,51.56407999331876,95.0,80.83921813964844,68.71333541870116,Warning,Degradation Risk
/content/dacon_01/agv01_0902_1253/agv01_0902_125937.json,agv01,2024-09-02 12:59:37,3,85.0,47.0,37.0,52.5,2.04,213.01,49.88,19.87,96.58,71.2,213.01,96.578971141065,0.0201193056412515,44.08,56.333333333333336,66.01930837409068,0.1374748351495623,52.49456515541442,95.0,80.88138580322266,68.74917793273926,Warning,Degradation Risk
/content/dacon_01/agv01_0902_1253/agv01_0902_125938.json,agv01,2024-09-02 12:59:38,3,84.0,45.0,37.0,52.97,1.78,216.45,49.88,19.81,96.69,71.98,216.45,98.33571714624684,0.0203509476358493,43.72,55.333333333333336,66.01407966927773,0.13999203404268018,53.564792161399275,95.0,80.91402435302734,68.77692070007323,Warning,Degradation Risk
/content/dacon_01/agv01_0902_1253/agv01_0902_125939.json,agv01,2024-09-02 12:59:39,3,85.0,46.0,38.0,53.9,1.84,219.72,49.81,19.88,96.75,72.8125,219.72,99.91642153153136,0.0206467529865209,42.85,56.333333333333336,67.46491496599445,0.14167180046964434,54.27897148143585,95.0,80.94226837158203,68.80092811584473,Warning,Degradation Risk
/content/dacon_01/agv01_0902_1253/agv01_0902_125940.json,agv01,2024-09-02 12:59:40,3,86.0,46.0,37.0,54.29,2.17,222.73,49.86,19.83,96.82,73.6475,222.73,101.31928621113224,0.0210346569781841,42.53,56.333333333333336,67.99161337714068,0.1438144259325845,55.18994265674456,95.0,80.96892547607422,68.82358665466309,Warning,Degradation Risk
/content/dacon_01/agv01_0902_1253/agv01_0902_125941.json,agv01,2024-09-02 12:59:41,3,87.0,46.0,37.0,54.6,1.7,226.37,49.86,19.8,96.93,74.4325,226.37,103.22069927264266,0.0209004941132777,42.330000000000005,56.66666666666666,68.75283265520397,0.1459402504200572,56.093770631044684,95.0,80.98627471923828,68.83833351135253,Warning,Degradation Risk
/content/dacon_01/agv01_0902_1253/agv01_0902_125942.json,agv01,2024-09-02 12:59:42,3,86.0,47.0,36.0,55.22,1.94,229.96,49.81,19.85,97.06,75.39000000000001,229.96,104.92190016070684,0.0212764027601307,41.84,56.333333333333336,69.26368238844286,0.14807940682428658,57.00326688105933,95.0,80.9998550415039,69.08019738943,Warning,Degradation Risk
/content/dacon_01/agv01_0902_1253/agv01_0902_125943.json,agv01,2024-09-02 12:59:43,3,85.0,46.0,38.0,55.38,2.09,233.29,49.89,19.8,97.16,76.2675,233.29,106.52498623171309,0.0216200472304824,41.78,56.333333333333336,69.71215517071973,0.1502487520093587,57.92559836972914,95.0,81.01353454589844,69.54234307168556,Warning,Degradation Risk
/content/dacon_01/agv01_0902_1253/agv01_0902_125944.json,agv01,2024-09-02 12:59:44,3,86.0,45.0,36.0,55.9,1.74,237.01,49.82,19.81,97.28,77.095,237.01,108.4384312255884,0.021568521086339,41.38,55.66666666666666,69.96797169590153,0.15203370211635453,58.68449819844961,95.0,81.02349853515625,69.88819036553251,Warning,Degradation Risk
/content/dacon_01/agv01_0902_1253/agv01_0902_125945.json,agv01,2024-09-02 12:59:45,3,86.0,46.0,37.0,55.81,1.96,240.75,49.81,19.87,97.34,78.0975,240.75,110.21702692869192,0.0219448094046078,41.53,56.333333333333336,70.73554349834096,0.15526922606962407,60.060132488917176,95.0,81.0287094116211,70.60175771469068,Warning,Degradation Risk
/content/dacon_01/agv01_0902_1253/agv01_0902_125946.json,agv01,2024-09-02 12:59:46,3,86.0,46.0,36.0,55.7,1.94,244.63,49.87,19.78,97.41,79.055,244.63,112.14141919915228,0.0223459381346567,41.71,56.0,70.88498539734674,0.15824637732411967,61.32591553139911,95.0,81.03489685058594,71.09177995289878,Warning,Degradation Risk
/content/dacon_01/agv01_0902_1253/agv01_0902_125947.json,agv01,2024-09-02 12:59:47,3,85.0,46.0,38.0,55.48,1.78,248.55,49.79,19.82,97.43,79.985,248.55,114.10776558441002,0.0222716881731205,41.95000000000001,56.333333333333336,71.37863965323825,0.16013247850123882,62.127821340785715,95.0,81.04403686523438,71.52374226807851,Warning,Degradation Risk
/content/dacon_01/agv01_0902_1253/agv01_0902_125948.json,agv01,2024-09-02 12:59:48,3,85.0,47.0,37.0,55.4,1.96,251.45,49.8,19.83,97.58,80.75999999999999,251.45,115.49242774600708,0.0218525533987054,42.18,56.333333333333336,71.66428187894257,0.16213051976957663,62.97732025415872,95.0,81.04946899414062,71.90866080058754,Warning,Degradation Risk
/content/dacon_01/agv01_0902_1253/agv01_0902_125949.json,agv01,2024-09-02 12:59:49,3,86.0,48.0,37.0,55.0,1.72,253.8,49.79,19.77,97.79,81.27,253.8,116.71624251434189,0.0201680740485634,42.790000000000006,57.0,72.14667711430533,0.1650565833752217,64.22138257301346,95.0,81.052978515625,72.49002951531506,Warning,Degradation Risk
/content/dacon_01/agv01_0902_1253/agv01_0902_125950.json,agv01,2024-09-02 12:59:50,3,86.0,47.0,38.0,55.0,1.82,257.13,49.77,19.84,97.75,82.13999999999999,257.13,118.3242851939815,0.0184883902145031,42.75,57.0,72.44767449422648,0.16872833675639276,65.78248671881187,95.0,81.0526351928711,73.12659501735698,Warning,Degradation Risk
/content/dacon_01/agv01_0902_1253/agv01_0902_125951.json,agv01,2024-09-02 12:59:51,3,86.0,47.0,38.0,55.0,2.04,261.24,49.85,19.78,97.71,83.22750000000002,261.24,120.30447910059983,0.0184386061558836,42.71,57.0,72.84883873279887,0.17138738957430083,66.91302516924813,95.0,81.05683135986328,73.64410140502865,Warning,Degradation Risk
/content/dacon_01/agv01_0902_1253/agv01_0902_125952.json,agv01,2024-09-02 12:59:52,3,85.0,46.0,38.0,55.0,1.6,264.06,49.86,19.76,97.76,83.82000000000001,264.06,121.79703225722156,0.0180048773983606,42.760000000000005,56.333333333333336,72.7232606612315,0.1745255576529597,68.24726706657408,95.0,81.05610656738281,74.07315897025435,Warning,Degradation Risk
/content/dacon_01/agv01_0902_2013/agv01_0902_201313.json,agv01,2024-09-02 20:13:13,0,41.0,23.0,18.0,22.5,1.83,74.89,49.92,19.96,37.27,36.65,74.89,32.29746636089793,0.2498367690510866,14.770000000000003,27.33333333333333,5.483726389863032,0.02624256661732068,5.202403202842619,10.0,9.697577476501465,8.242940855026244,Normal,Degradation Risk
/content/dacon_01/agv01_0902_2013/agv01_0902_201314.json,agv01,2024-09-02 20:13:14,0,40.0,22.0,18.0,22.41,2.0,74.89,49.96,19.95,37.14,36.7,74.89,32.243636064604544,0.3527314837899072,14.73,26.666666666666668,6.363443375610569,0.02624256661732068,5.202403202842619,10.0,9.697577476501465,8.242940855026244,Normal,Degradation Risk
/content/dacon_01/agv01_0902_2013/agv01_0902_201315.json,agv01,2024-09-02 20:13:15,0,40.0,22.0,18.0,22.4,1.79,74.99,49.95,19.95,37.14,36.67,74.99,32.35714037632704,0.4245030319826672,14.740000000000002,26.666666666666668,7.329626962503875,0.02624256661732068,5.202403202842619,10.0,9.697577476501465,8.242940855026244,Normal,Degradation Risk
/content/dacon_01/agv01_0902_2013/agv01_0902_201316.json,agv01,2024-09-02 20:13:16,0,40.0,21.0,18.0,22.4,1.94,74.96,49.98,20.0,37.27,36.72,74.96,32.28690136882138,0.4625072223582071,14.870000000000005,26.33333333333333,7.6628562899898505,0.02624256661732068,5.202403202842619,10.0,9.697577476501465,8.242940855026244,Normal,Degradation Risk
/content/dacon_01/agv01_0902_2013/agv01_0902_201317.json,agv01,2024-09-02 20:13:17,0,40.0,22.0,18.0,22.36,2.08,74.92,50.0,19.97,37.14,36.7425,74.92,32.22880944641507,0.4318279957430043,14.78,26.666666666666668,7.400185317410598,0.02624256661732068,5.202403202842619,10.0,9.697577476501465,8.242940855026244,Normal,Degradation Risk
/content/dacon_01/agv01_0902_2013/agv01_0902_201318.json,agv01,2024-09-02 20:13:18,0,40.0,22.0,19.0,22.3,1.76,75.03,49.92,19.98,37.04,36.6725,75.03,32.37445636609208,0.0009460546406203,14.739999999999998,27.0,1.7904258363358727,0.02624256661732068,5.202403202842619,10.0,9.697577476501465,8.242940855026244,Normal,Degradation Risk
/content/dacon_01/agv01_0902_2013/agv01_0902_201319.json,agv01,2024-09-02 20:13:19,0,40.0,22.0,18.0,22.3,2.0,74.94,49.98,20.04,36.98,36.74,74.94,32.2505565843444,0.0008721820110735,14.679999999999996,26.666666666666668,1.555648356513734,0.02624256661732068,5.202403202842619,10.0,9.697577476501465,8.242940855026244,Normal,Degradation Risk
/content/dacon_01/agv01_0902_2013/agv01_0902_201320.json,agv01,2024-09-02 20:13:20,0,40.0,22.0,18.0,22.29,1.98,74.95,50.0,19.95,37.14,36.72,74.95,32.27998244526578,0.0008749343272983,14.85,26.666666666666668,1.595335667547349,0.02624256661732068,5.202403202842619,10.0,9.697577476501465,8.242940855026244,Normal,Degradation Risk
/content/dacon_01/agv01_0902_2013/agv01_0902_201321.json,agv01,2024-09-02 20:13:21,0,40.0,21.0,18.0,22.2,1.82,75.12,49.91,20.03,37.2,36.72,75.12,32.37850212718309,0.0006844648700691,15.000000000000004,26.33333333333333,1.3717748885185788,0.02624256661732068,5.202403202842619,10.0,9.697577476501465,8.242940855026244,Normal,Degradation Risk
/content/dacon_01/agv01_0902_2013/agv01_0902_201322.json,agv01,2024-09-02 20:13:22,0,40.0,22.0,19.0,22.16,2.07,74.9,49.99,20.01,37.42,36.7425,74.9,32.21619610796201,0.0007324780343346,15.260000000000002,27.0,1.8066630463278621,0.02624256661732068,5.202403202842619,10.0,9.697577476501465,8.242940855026244,Normal,Degradation Risk
/content/dacon_01/agv01_0902_2013/agv01_0902_201323.json,agv01,2024-09-02 20:13:23,0,40.0,22.0,18.0,22.1,1.83,74.96,49.99,19.95,37.62,36.6825,74.96,32.33640814417499,0.0007957808328369,15.519999999999996,26.666666666666668,1.6291459083131448,0.02624256661732068,5.202403202842619,10.0,9.697577476501465,8.242940855026244,Normal,Degradation Risk
/content/dacon_01/agv01_0902_2013/agv01_0902_201324.json,agv01,2024-09-02 20:13:24,0,40.0,22.0,19.0,22.02,1.79,75.11,49.9,20.02,37.75,36.705000000000005,75.11,32.38568871173398,0.000611510760832,15.73,27.0,1.8446075572529592,0.02624256661732068,5.202403202842619,10.0,9.697577476501465,8.242940855026244,Normal,Degradation Risk
/content/dacon_01/agv01_0902_2013/agv01_0902_201325.json,agv01,2024-09-02 20:13:25,0,39.0,22.0,18.0,22.0,2.16,74.88,49.99,19.99,37.82,36.755,74.88,32.17949709571816,0.0007057719097839,15.82,26.33333333333333,1.4149968531510546,0.02624256661732068,5.202403202842619,10.0,9.697577476501465,8.242940855026244,Normal,Degradation Risk
/content/dacon_01/agv01_0902_2013/agv01_0902_201326.json,agv01,2024-09-02 20:13:26,0,39.0,22.0,18.0,21.9,1.74,74.98,49.97,19.95,38.06,36.66,74.98,32.3739040998559,0.0009789961475708,16.160000000000004,26.33333333333333,1.4430677296815706,0.02624256661732068,5.202403202842619,10.0,9.697577476501465,8.242940855026244,Normal,Degradation Risk
/content/dacon_01/agv01_0902_2013/agv01_0902_201327.json,agv01,2024-09-02 20:13:27,0,41.0,22.0,18.0,21.87,1.9,75.07,49.92,20.04,38.08,36.7325,75.07,32.3296390071608,0.0010058085384548,16.209999999999997,27.0,1.8592157694263711,0.02624256661732068,5.202403202842619,10.0,9.697577476501465,8.242940855026244,Normal,Degradation Risk
/content/dacon_01/agv01_0902_2013/agv01_0902_201328.json,agv01,2024-09-02 20:13:28,0,40.0,21.0,19.0,21.8,2.12,74.87,49.98,19.96,38.12,36.7325,74.87,32.193721308147445,0.0009676292672324,16.319999999999997,26.666666666666668,1.6053219815750677,0.02624256661732068,5.202403202842619,10.0,9.697577476501465,8.242940855026244,Normal,Degradation Risk
/content/dacon_01/agv01_0902_2013/agv01_0902_201329.json,agv01,2024-09-02 20:13:29,0,40.0,22.0,20.0,21.8,1.68,75.0,50.0,19.95,38.2,36.6575,75.0,32.407487175034106,0.0011077906456357,16.400000000000002,27.33333333333333,2.0588098614593626,0.02624256661732068,5.202403202842619,10.0,9.697577476501465,8.242940855026244,Normal,Degradation Risk
/content/dacon_01/agv01_0902_2013/agv01_0902_201330.json,agv01,2024-09-02 20:13:30,0,40.0,22.0,17.0,21.8,2.01,75.0,49.94,20.05,38.41,36.75,75.0,32.26347883701735,0.0012038509930873,16.609999999999996,26.33333333333333,1.4925519829880427,0.02624256661732068,5.202403202842619,10.0,9.697577476501465,8.242940855026244,Normal,Degradation Risk
/content/dacon_01/agv01_0902_2013/agv01_0902_201331.json,agv01,2024-09-02 20:13:31,0,40.0,23.0,18.0,21.71,1.92,74.89,50.0,19.95,38.5,36.69,74.89,32.277838630655964,0.001092145771743,16.79,27.0,1.875133144599206,0.02624256661732068,5.202403202842619,10.0,9.697577476501465,8.242940855026244,Normal,Degradation Risk
/content/dacon_01/agv01_0902_2013/agv01_0902_201332.json,agv01,2024-09-02 20:13:32,0,39.0,23.0,18.0,21.7,1.82,75.19,49.92,20.02,38.5,36.7375,75.19,32.40925626525031,0.000963565177113,16.8,26.666666666666668,1.6900777079142384,0.02624256661732068,5.202403202842619,10.0,9.697577476501465,8.242940855026244,Normal,Degradation Risk
/content/dacon_01/agv01_0902_2013/agv01_0902_201333.json,agv01,2024-09-02 20:13:33,0,40.0,21.0,17.0,21.7,2.04,74.88,49.95,20.04,38.61,36.7275,74.88,32.20839991368711,0.0009529429137775,16.91,26.0,1.2722306558739056,0.02624256661732068,5.202403202842619,10.0,9.697577476501465,8.242940855026244,Normal,Degradation Risk
/content/dacon_01/agv01_0902_2013/agv01_0902_201334.json,agv01,2024-09-02 20:13:34,0,40.0,22.0,17.0,21.66,1.86,74.92,49.98,19.95,38.76,36.6775,74.92,32.30847605505404,0.0010052878991851,17.099999999999998,26.33333333333333,1.505803934487831,0.02624256661732068,5.202403202842619,10.0,9.697577476501465,8.242940855026244,Normal,Degradation Risk
/content/dacon_01/agv01_0902_2013/agv01_0902_201335.json,agv01,2024-09-02 20:13:35,0,40.0,22.0,18.0,21.6,1.8,75.16,49.9,19.99,38.87,36.7125,75.16,32.40702122997423,0.0007626948232431,17.269999999999996,26.666666666666668,1.7343103878348576,0.02624256661732068,5.202403202842619,10.0,9.697577476501465,8.242940855026244,Normal,Degradation Risk
/content/dacon_01/agv01_0902_2013/agv01_0902_201336.json,agv01,2024-09-02 20:13:36,0,40.0,22.0,19.0,21.6,2.08,74.88,49.97,20.01,38.95,36.735,74.88,32.2019714717386,0.0006763966049401,17.35,27.0,1.9352547936994486,0.02624256661732068,5.202403202842619,10.0,9.697577476501465,8.242940855026244,Normal,Degradation Risk
/content/dacon_01/agv01_0902_2013/agv01_0902_201337.json,agv01,2024-09-02 20:13:37,0,40.0,23.0,17.0,21.6,1.73,74.93,49.96,19.95,39.01,36.6425,74.93,32.35640418320099,0.0010324127564206,17.409999999999997,26.666666666666668,1.7531272127590207,0.02624256661732068,5.202403202842619,10.0,9.697577476501465,8.242940855026244,Normal,Degradation Risk
/content/dacon_01/agv01_0902_2013/agv01_0902_201338.json,agv01,2024-09-02 20:13:38,0,41.0,22.0,19.0,21.5,1.86,75.1,49.9,19.99,39.04,36.7125,75.1,32.36175250198913,0.0009514539800048,17.54,27.33333333333333,2.142695706784022,0.02624256661732068,5.202403202842619,10.0,9.697577476501465,8.242940855026244,Normal,Degradation Risk
/content/dacon_01/agv01_0902_2013/agv01_0902_201339.json,agv01,2024-09-02 20:13:39,0,41.0,22.0,18.0,21.46,2.04,74.82,49.97,19.98,39.14,36.7025,74.82,32.197832613391846,0.0008876355164624,17.68,27.0,1.9122284025190615,0.02624256661732068,5.202403202842619,10.0,9.697577476501465,8.242940855026244,Normal,Degradation Risk
/content/dacon_01/agv01_0902_2013/agv01_0902_201340.json,agv01,2024-09-02 20:13:40,0,41.0,22.0,17.0,21.4,1.73,75.06,49.93,19.97,39.24,36.6725,75.06,32.40017116724334,0.000905600382718,17.840000000000003,26.666666666666668,1.7248219855030307,0.02624256661732068,5.202403202842619,10.0,9.697577476501465,8.242940855026244,Normal,Degradation Risk
/content/dacon_01/agv01_0902_2013/agv01_0902_201341.json,agv01,2024-09-02 20:13:41,0,41.0,22.0,17.0,21.47,1.99,75.07,49.93,20.05,39.36,36.76,75.07,32.29696580175915,0.0011524179940204,17.89,26.666666666666668,1.7978704278839015,0.02624256661732068,5.202403202842619,10.0,9.697577476501465,8.242940855026244,Normal,Degradation Risk
/content/dacon_01/agv01_0902_2013/agv01_0902_201342.json,agv01,2024-09-02 20:13:42,0,41.0,22.0,18.0,21.5,2.01,74.94,50.0,19.96,39.34,36.7275,74.94,32.26354121398745,0.0011253671638482,17.840000000000003,27.0,2.002701920330768,0.02624256661732068,5.202403202842619,10.0,9.697577476501465,8.242940855026244,Normal,Degradation Risk
/content/dacon_01/agv01_0902_2013/agv01_0902_201343.json,agv01,2024-09-02 20:13:43,0,42.0,23.0,18.0,21.4,1.75,75.08,49.92,19.99,39.45,36.685,75.08,32.396082582106544,0.0008527635976289,18.050000000000004,27.666666666666668,2.4085784952172573,0.02624256661732068,5.202403202842619,10.0,9.697577476501465,8.242940855026244,Normal,Degradation Risk
/content/dacon_01/agv01_0902_2013/agv01_0902_201344.json,agv01,2024-09-02 20:13:44,0,41.0,22.0,18.0,21.4,2.0,74.99,49.91,20.03,39.64,36.7325,74.99,32.26248014334917,0.000889591335257,18.24,27.0,2.035349796672311,0.02624256661732068,5.202403202842619,10.0,9.697577476501465,8.242940855026244,Normal,Degradation Risk
/content/dacon_01/agv01_0902_2013/agv01_0902_201345.json,agv01,2024-09-02 20:13:45,0,41.0,22.0,18.0,21.4,2.15,74.9,50.0,19.95,39.7,36.75,74.9,32.19930123465415,0.0009577351996267,18.300000000000004,27.0,2.043639480871725,0.02624256661732068,5.202403202842619,10.0,9.697577476501465,8.242940855026244,Normal,Degradation Risk
/content/dacon_01/agv01_0902_2013/agv01_0902_201346.json,agv01,2024-09-02 20:13:46,0,41.0,22.0,18.0,21.4,1.86,75.11,49.9,20.05,39.73,36.73,75.11,32.35538388995975,0.0007029486295869,18.33,27.0,2.069525629446629,0.02624256661732068,5.202403202842619,10.0,9.697577476501465,8.242940855026244,Normal,Degradation Risk
/content/dacon_01/agv01_0902_2013/agv01_0902_201347.json,agv01,2024-09-02 20:13:47,0,41.0,22.0,17.0,21.4,2.14,74.82,49.98,20.0,39.72,36.735,74.82,32.15986888447567,0.000596021307079,18.32,26.666666666666668,1.8278989518216673,0.02624256661732068,5.202403202842619,10.0,9.697577476501465,8.242940855026244,Normal,Degradation Risk
/content/dacon_01/agv01_0902_2013/agv01_0902_201348.json,agv01,2024-09-02 20:13:48,0,41.0,22.0,19.0,21.4,1.77,75.02,49.97,19.98,39.75,36.685,75.02,32.373742961439184,0.0007537519547946,18.35,27.33333333333333,2.2749724845773103,0.02624256661732068,5.202403202842619,10.0,9.697577476501465,8.242940855026244,Normal,Degradation Risk
/content/dacon_01/agv01_0902_2013/agv01_0902_201349.json,agv01,2024-09-02 20:13:49,0,41.0,22.0,17.0,21.42,1.9,75.08,49.91,20.05,39.75,36.735,75.08,32.33051241990039,0.0006033410541586,18.33,26.666666666666668,1.8725762465510007,0.02624256661732068,5.202403202842619,10.0,9.697577476501465,8.242940855026244,Normal,Degradation Risk
/content/dacon_01/agv01_0902_2013/agv01_0902_201350.json,agv01,2024-09-02 20:13:50,0,41.0,22.0,17.0,21.5,2.08,74.86,50.0,19.99,39.78,36.7325,74.86,32.20165562513829,0.0006033410541586,18.28,26.666666666666668,1.8997253354695665,0.02624256661732068,5.202403202842619,10.0,9.697577476501465,8.242940855026244,Normal,Degradation Risk
/content/dacon_01/agv01_0902_2013/agv01_0902_201351.json,agv01,2024-09-02 20:13:51,0,41.0,22.0,18.0,21.46,1.73,75.06,49.96,19.99,39.81,36.685,75.06,32.40082972188624,0.0006787224176062,18.35,27.0,2.116844510843119,0.02624256661732068,5.202403202842619,10.0,9.697577476501465,8.242940855026244,Normal,Degradation Risk
/content/dacon_01/agv01_0902_2013/agv01_0902_201352.json,agv01,2024-09-02 20:13:52,0,42.0,22.0,18.0,21.4,1.98,75.02,49.93,20.05,39.95,36.745000000000005,75.02,32.28078943685651,0.0007388451983154,18.550000000000004,27.33333333333333,2.32949239365751,0.02624256661732068,5.202403202842619,10.0,9.697577476501465,8.242940855026244,Normal,Degradation Risk
/content/dacon_01/agv01_0902_2013/agv01_0902_201353.json,agv01,2024-09-02 20:13:53,0,42.0,22.0,18.0,21.48,2.01,74.89,50.0,19.95,39.92,36.7125,74.89,32.24553754656087,0.0007111032093871,18.44,27.33333333333333,2.3488929195955226,0.02624256661732068,5.202403202842619,10.0,9.697577476501465,8.242940855026244,Normal,Degradation Risk
/content/dacon_01/agv01_0902_2013/agv01_0902_201354.json,agv01,2024-09-02 20:13:54,0,41.0,22.0,18.0,21.44,2.12,74.87,50.0,20.0,40.92,36.7475,74.87,32.18952352862652,0.0006454212616609,19.48,27.0,2.3907509697269695,0.02624256661732068,5.202403202842619,10.0,9.697577476501465,8.242940855026244,Normal,Degradation Risk
/content/dacon_01/agv01_0902_2013/agv01_0902_201355.json,agv01,2024-09-02 20:13:55,0,41.0,22.0,19.0,21.4,2.22,74.85,50.0,20.05,41.91,36.78,74.85,32.13710109307724,0.0008850066749837,20.51,27.33333333333333,2.850628296991616,0.02624256661732068,5.202403202842619,10.0,9.697577476501465,8.242940855026244,Normal,Degradation Risk
/content/dacon_01/agv01_0902_2013/agv01_0902_201356.json,agv01,2024-09-02 20:13:56,0,41.0,22.0,18.0,21.44,1.9,74.94,50.0,19.95,42.24,36.6975,74.94,32.30474720016652,0.000973556472428,20.8,27.0,2.763325178911217,0.02624256661732068,5.202403202842619,10.0,9.697577476501465,8.242940855026244,Normal,Degradation Risk
/content/dacon_01/agv01_0902_2013/agv01_0902_201357.json,agv01,2024-09-02 20:13:57,0,41.0,22.0,18.0,21.5,1.76,75.1,49.9,20.01,42.56,36.6925,75.1,32.39423546970458,0.0009269618631309,21.06,27.0,2.897098634556973,0.02624256661732068,5.202403202842619,10.0,9.697577476501465,8.242940855026244,Normal,Degradation Risk
/content/dacon_01/agv01_0902_2013/agv01_0902_201358.json,agv01,2024-09-02 20:13:58,0,41.0,22.0,18.0,21.43,2.18,74.92,49.98,20.01,42.75,36.7725,74.92,32.183289012570896,0.0010399637108024,21.32,27.0,2.8966113283132224,0.02624256661732068,5.202403202842619,10.0,9.697577476501465,8.242940855026244,Normal,Degradation Risk
/content/dacon_01/agv01_0902_2013/agv01_0902_201359.json,agv01,2024-09-02 20:13:59,0,41.0,22.0,17.0,21.4,1.81,74.97,49.99,19.95,42.9,36.68,74.97,32.3475398343264,0.0011904327393721,21.5,26.666666666666668,2.720966000435284,0.02624256661732068,5.202403202842619,10.0,9.697577476501465,8.242940855026244,Normal,Degradation Risk
/content/dacon_01/agv01_0902_2013/agv01_0902_201400.json,agv01,2024-09-02 20:14:00,0,41.0,22.0,18.0,21.4,1.84,75.12,49.9,20.04,42.96,36.725,75.12,32.36824112202165,0.0011627891435943,21.56,27.0,2.9604097373787623,0.02624256661732068,5.202403202842619,10.0,9.697577476501465,8.242940855026244,Normal,Degradation Risk
/content/dacon_01/agv01_0902_2013/agv01_0902_201401.json,agv01,2024-09-02 20:14:01,0,42.0,22.0,17.0,21.38,2.16,74.86,49.99,19.99,43.03,36.75,74.86,32.171599276380405,0.000985135644962,21.65,27.0,2.9408108641499773,0.02624256661732068,5.202403202842619,10.0,9.697577476501465,8.242940855026244,Normal,Degradation Risk
/content/dacon_01/agv01_0902_2013/agv01_0902_201402.json,agv01,2024-09-02 20:14:02,0,42.0,21.0,19.0,21.3,1.72,75.0,49.96,19.95,43.11,36.6575,75.0,32.38761736116649,0.0011961774874624,21.81,27.33333333333333,3.146882901367461,0.02624256661732068,5.202403202842619,10.0,9.697577476501465,8.242940855026244,Normal,Degradation Risk
/content/dacon_01/agv01_0902_2013/agv01_0902_201403.json,agv01,2024-09-02 20:14:03,0,42.0,23.0,19.0,21.23,1.91,75.06,49.91,20.04,43.12,36.73,75.06,32.32073534642016,0.0011734758429476,21.89,28.0,3.536100761091082,0.02624256661732068,5.202403202842619,10.0,9.697577476501465,8.242940855026244,Normal,Degradation Risk
/content/dacon_01/agv01_0902_2013/agv01_0902_201404.json,agv01,2024-09-02 20:14:04,0,42.0,24.0,18.0,21.2,2.16,74.9,50.0,19.98,43.14,36.76,74.9,32.190503775699646,0.0010948587705683,21.94,28.0,3.5090621037987635,0.02624256661732068,5.202403202842619,10.0,9.697577476501465,8.242940855026244,Normal,Degradation Risk
/content/dacon_01/agv01_0902_2013/agv01_0902_201405.json,agv01,2024-09-02 20:14:05,0,42.0,23.0,18.0,21.29,1.73,75.04,49.93,19.95,43.08,36.6625,75.04,32.39571100727173,0.0011955551557004,21.79,27.666666666666668,3.345887719073398,0.02624256661732068,5.202403202842619,10.0,9.697577476501465,8.242940855026244,Normal,Degradation Risk
/content/dacon_01/agv01_0902_2013/agv01_0902_201406.json,agv01,2024-09-02 20:14:06,0,42.0,22.0,19.0,21.3,1.99,75.06,49.92,20.05,43.06,36.755,75.06,32.291652688169016,0.0012793092817788,21.76,27.666666666666668,3.348675678571569,0.02624256661732068,5.202403202842619,10.0,9.697577476501465,8.242940855026244,Normal,Degradation Risk
/content/dacon_01/agv01_0902_2013/agv01_0902_201407.json,agv01,2024-09-02 20:14:07,0,42.0,24.0,20.0,21.3,1.93,74.89,50.0,19.96,43.04,36.695,74.89,32.272519269496144,0.0012280919723308,21.74,28.666666666666668,3.9504443292735054,0.02624256661732068,5.202403202842619,10.0,9.697577476501465,8.242940855026244,Normal,Degradation Risk
/content/dacon_01/agv01_0902_2013/agv01_0902_201408.json,agv01,2024-09-02 20:14:08,0,42.0,23.0,21.0,21.24,1.77,75.12,49.92,20.01,43.0,36.705,75.12,32.40126386423839,0.0010230382863273,21.76,28.666666666666668,3.9290762416460887,0.02624256661732068,5.202403202842619,10.0,9.697577476501465,8.242940855026244,Normal,Degradation Risk
/content/dacon_01/agv01_0902_2013/agv01_0902_201409.json,agv01,2024-09-02 20:14:09,0,43.0,23.0,18.0,21.2,2.09,74.94,49.95,20.02,42.94,36.75,74.94,32.217617333792184,0.0010805295193415,21.74,28.0,3.458167897469376,0.02624256661732068,5.202403202842619,10.0,9.697577476501465,8.242940855026244,Normal,Degradation Risk
/content/dacon_01/agv01_0902_2013/agv01_0902_201410.json,agv01,2024-09-02 20:14:10,0,42.0,23.0,19.0,21.12,1.9,74.9,50.0,19.95,42.95,36.6875,74.9,32.288965478421055,0.0009922163582741,21.83,28.0,3.414667618701983,0.02624256661732068,5.202403202842619,10.0,9.697577476501465,8.242940855026244,Normal,Degradation Risk
/content/dacon_01/agv01_0902_2013/agv01_0902_201411.json,agv01,2024-09-02 20:14:11,0,42.0,24.0,19.0,21.1,1.79,75.09,49.9,20.01,42.89,36.6975,75.09,32.3795011028068,0.0008068262691065,21.79,28.33333333333333,3.612925079215096,0.02624256661732068,5.202403202842619,10.0,9.697577476501465,8.242940855026244,Normal,Degradation Risk
/content/dacon_01/agv01_0902_2013/agv01_0902_201412.json,agv01,2024-09-02 20:14:12,0,42.0,23.0,19.0,21.1,2.16,74.87,49.97,19.99,42.82,36.7475,74.87,32.17280671105129,0.0007542816518052,21.72,28.0,3.3626411359185466,0.02624256661732068,5.202403202842619,10.0,9.697577476501465,8.242940855026244,Normal,Degradation Risk
/content/dacon_01/agv01_0902_2013/agv01_0902_201413.json,agv01,2024-09-02 20:14:13,0,41.0,23.0,20.0,21.1,1.74,74.97,49.99,19.99,42.8,36.6725,74.97,32.365823924833634,0.0008699928855795,21.7,28.0,3.3687621400794296,0.024492601421219343,4.458377763485514,10.0,9.700423240661621,8.245359754562378,Normal,Degradation Risk
/content/dacon_01/agv01_0902_2013/agv01_0902_201414.json,agv01,2024-09-02 20:14:14,0,43.0,23.0,18.0,21.1,1.86,75.1,49.9,20.05,42.79,36.7275,75.1,32.35143003021659,0.0008865354642417,21.69,28.0,3.3793038658703916,0.02187126858861931,3.3438765626493447,10.0,9.61121654510498,8.169534063339233,Normal,Degradation Risk
/content/dacon_01/agv01_0902_2013/agv01_0902_201415.json,agv01,2024-09-02 20:14:15,0,43.0,22.0,18.0,21.1,2.12,74.86,49.97,19.98,42.74,36.7325,74.86,32.18492957374098,0.0007972815074806,21.64,27.666666666666668,3.1319915763014996,0.019800473936577866,2.4634453950832804,10.0,9.565604209899902,8.130763578414916,Normal,Degradation Risk
/content/dacon_01/agv01_0902_2013/agv01_0902_201416.json,agv01,2024-09-02 20:14:16,0,42.0,22.0,18.0,21.1,1.7,74.93,50.0,19.95,42.76,36.645,74.93,32.372690651226385,0.0010741562581665,21.66,27.33333333333333,2.9398687422467717,0.017598028330855987,1.5270407379460578,10.0,9.646135330200195,8.199215030670166,Normal,Degradation Risk
/content/dacon_01/agv01_0902_2013/agv01_0902_201417.json,agv01,2024-09-02 20:14:17,0,43.0,23.0,20.0,21.1,2.08,74.93,49.95,20.05,42.81,36.752500000000005,74.93,32.21206438070474,0.0011938492851271,21.71,28.666666666666668,3.7884850708466513,0.01625946317620552,0.9579285467346552,10.0,9.816451072692871,8.34398341178894,Normal,Degradation Risk
/content/dacon_01/agv01_0902_2013/agv01_0902_201418.json,agv01,2024-09-02 20:14:18,0,42.0,23.0,20.0,21.1,1.96,74.9,50.0,19.95,42.89,36.7025,74.9,32.267424620918646,0.0011019630223779,21.79,28.33333333333333,3.5977959309973255,0.01644520518488664,1.0368997056605151,10.0,9.956245422363281,8.462808609008789,Normal,Degradation Risk
/content/dacon_01/agv01_0902_2013/agv01_0902_201419.json,agv01,2024-09-02 20:14:19,0,44.0,23.0,20.0,21.1,1.8,75.09,49.91,20.02,42.96,36.705,75.09,32.37554890139574,0.0010134444530477,21.86,29.0,4.051510926665998,0.016712262022672862,1.1504431529872845,10.0,9.760026931762695,8.296022891998291,Normal,Degradation Risk
/content/dacon_01/agv01_0902_2013/agv01_0902_201420.json,agv01,2024-09-02 20:14:20,0,43.0,24.0,20.0,21.1,2.1,74.9,49.94,19.99,42.93,36.7325,74.9,32.202057258297444,0.0010270575721128,21.83,29.0,4.0244032663745335,0.016427285201421768,1.029280740665995,10.0,9.929325103759766,8.4399263381958,Normal,Degradation Risk
/content/dacon_01/agv01_0902_2013/agv01_0902_201421.json,agv01,2024-09-02 20:14:21,0,43.0,23.0,18.0,21.1,1.83,74.93,49.98,19.95,42.93,36.6725,74.93,32.32319948581824,0.0010628548946732,21.83,28.0,3.402895672372075,0.01646120099321282,1.0437005770974277,10.0,9.85943603515625,8.380520629882811,Normal,Degradation Risk
/content/dacon_01/agv01_0902_2013/agv01_0902_201422.json,agv01,2024-09-02 20:14:22,0,43.0,22.0,18.0,21.0,1.83,75.16,49.91,20.04,42.9,36.735,75.16,32.38900687990706,0.000785437080719,21.9,27.666666666666668,3.1544429413446187,0.016354757045660553,0.9984442457024267,10.0,9.84796142578125,8.370767211914062,Normal,Degradation Risk
/content/dacon_01/agv01_0902_2013/agv01_0902_201423.json,agv01,2024-09-02 20:14:23,0,43.0,24.0,18.0,21.0,2.13,74.87,49.96,19.99,42.84,36.7375,74.87,32.18218904404526,0.0006966434047458,21.840000000000003,28.33333333333333,3.5243792455702203,0.016195395003827363,0.9306889477936802,10.0,10.001853942871094,8.50157585144043,Normal,Degradation Risk
/content/dacon_01/agv01_0902_2013/agv01_0902_201424.json,agv01,2024-09-02 20:14:24,0,43.0,24.0,19.0,21.0,1.74,74.99,49.97,19.95,42.81,36.6625,74.99,32.37784981022262,0.0009066028078596,21.81,28.666666666666668,3.739368551915731,0.016051759765813942,0.8696201497923344,10.0,10.060831069946289,8.551706409454345,Normal,Degradation Risk
/content/dacon_01/agv01_0902_2013/agv01_0902_201425.json,agv01,2024-09-02 20:14:25,0,43.0,23.0,19.0,21.0,1.93,75.06,49.93,20.05,42.85,36.74250000000001,75.06,32.314551288854375,0.0009837222325603,21.85,28.33333333333333,3.5500422575535815,0.015957884621081234,0.8297076441264671,10.0,10.133370399475098,8.613364839553833,Normal,Degradation Risk
/content/dacon_01/agv01_0902_2013/agv01_0902_201426.json,agv01,2024-09-02 20:14:26,0,42.0,23.0,19.0,21.0,2.14,74.85,50.0,19.99,42.87,36.745,74.85,32.17619254459213,0.0010278435582984,21.87,28.0,3.3266811280344815,0.016301913383908472,0.9759769253580436,10.0,10.338643074035645,8.787846612930297,Normal,Degradation Risk
/content/dacon_01/agv01_0902_2013/agv01_0902_201427.json,agv01,2024-09-02 20:14:27,0,43.0,24.0,19.0,21.08,1.72,75.07,49.96,19.97,42.92,36.68,75.07,32.411809576140605,0.0009833186663337,21.840000000000003,28.666666666666668,3.8195625142094696,0.016405397429005177,1.0199748073108157,10.0,10.275824546813965,8.734450864791869,Normal,Degradation Risk
/content/dacon_01/agv01_0902_2013/agv01_0902_201428.json,agv01,2024-09-02 20:14:28,0,44.0,23.0,20.0,21.09,1.98,75.04,49.94,20.05,42.96,36.752500000000005,75.04,32.29005561572583,0.0010476788701059,21.87,29.0,4.041818330990333,0.01647790885005475,1.0508041872464915,10.0,10.410174369812012,8.84864821434021,Normal,Degradation Risk
/content/dacon_01/agv01_0902_2013/agv01_0902_201429.json,agv01,2024-09-02 20:14:29,0,43.0,24.0,18.0,21.0,2.01,74.9,50.0,19.96,42.99,36.7175,74.9,32.24775173041784,0.0010214858410542,21.99,28.33333333333333,3.5727826396818068,0.01619348840042329,0.9298783251375524,10.0,10.48215389251709,8.909830808639526,Normal,Degradation Risk
/content/dacon_01/agv01_0902_2013/agv01_0902_201430.json,agv01,2024-09-02 20:14:30,0,44.0,24.0,20.0,21.04,1.79,75.1,49.94,19.98,42.92,36.7025,75.1,32.39405333802281,0.0007734014120314,21.880000000000003,29.33333333333333,4.2159125350345645,0.016219901238801508,0.9411081620067671,10.0,10.424341201782227,8.860690021514893,Normal,Degradation Risk
/content/dacon_01/agv01_0902_2013/agv01_0902_201431.json,agv01,2024-09-02 20:14:31,0,43.0,24.0,19.0,21.1,1.99,74.94,49.97,20.05,42.89,36.7375,74.94,32.25105411713959,0.000756862528458,21.79,28.666666666666668,3.8055244462478055,0.016210718391961556,0.9372039291283842,10.0,10.457169532775879,8.888594102859496,Normal,Degradation Risk
/content/dacon_01/agv01_0902_2013/agv01_0902_201432.json,agv01,2024-09-02 20:14:32,0,45.0,23.0,20.0,21.1,2.0,74.9,50.0,19.95,42.88,36.7125,74.9,32.253071559155416,0.0006975856467053,21.78,29.33333333333333,4.214643937514278,0.01635228440414996,0.9973929629738395,10.0,10.174575805664062,8.648389434814453,Normal,Degradation Risk
/content/dacon_01/agv01_0902_2013/agv01_0902_201433.json,agv01,2024-09-02 20:14:33,0,44.0,23.0,19.0,21.1,1.8,75.1,49.91,19.99,42.95,36.7,75.1,32.384657890221206,0.0005621062788367,21.85,28.666666666666668,3.835400950475131,0.01630198053897135,0.9760054773974067,10.0,10.164740562438965,8.640029478073119,Normal,Degradation Risk
/content/dacon_01/agv01_0902_2013/agv01_0902_201434.json,agv01,2024-09-02 20:14:34,0,44.0,24.0,19.0,21.1,2.08,74.88,49.97,20.02,42.97,36.7375,74.88,32.20024055293169,0.0004483735621042,21.87,29.0,4.025587956013717,0.016198715094311558,0.9321005368851153,10.0,9.964262962341309,8.469623517990112,Normal,Degradation Risk
/content/dacon_01/agv01_0902_2013/agv01_0902_201435.json,agv01,2024-09-02 20:14:35,0,43.0,24.0,20.0,21.1,1.84,75.0,49.99,19.97,42.97,36.7,75.0,32.34515213546949,0.0004910188301637,21.87,29.0,4.0382109468776335,0.016208598368043937,0.9363025673582942,10.0,9.932469367980957,8.442598962783814,Normal,Degradation Risk
/content/dacon_01/agv01_0902_2013/agv01_0902_201436.json,agv01,2024-09-02 20:14:36,0,44.0,25.0,19.0,21.1,1.85,75.14,49.9,20.0,42.93,36.7225,75.14,32.379438305813764,0.0004651150991018,21.83,29.33333333333333,4.249313886951603,0.015887558288493885,0.7998072891832673,10.0,9.781657218933105,8.31440863609314,Normal,Degradation Risk
/content/dacon_01/agv01_0902_2013/agv01_0902_201437.json,agv01,2024-09-02 20:14:37,0,44.0,25.0,19.0,21.1,2.06,74.83,49.98,20.01,42.94,36.72,74.83,32.19078232455164,0.0003933217454977,21.84,29.33333333333333,4.219954427426755,0.016060166987949258,0.8731946135342058,10.0,9.848759651184082,8.371445703506469,Normal,Degradation Risk
/content/dacon_01/agv01_0902_2013/agv01_0902_201438.json,agv01,2024-09-02 20:14:38,0,44.0,24.0,19.0,21.1,1.76,75.0,49.97,19.95,42.9,36.67,75.0,32.374606303912536,0.0006441781205615,21.8,29.0,4.021110434120694,0.016247924662698532,0.9530227648364259,10.0,9.708104133605957,8.251888513565063,Normal,Degradation Risk
/content/dacon_01/agv01_0902_2013/agv01_0902_201439.json,agv01,2024-09-02 20:14:39,0,44.0,24.0,19.0,21.1,1.91,75.06,49.9,20.03,42.96,36.725,75.06,32.32109785676636,0.0006559942563631,21.86,29.0,4.0437104732475415,0.01656624299876904,1.0883608506326012,10.0,9.595597267150879,8.156257677078246,Normal,Degradation Risk
/content/dacon_01/agv01_0902_2013/agv01_0902_201440.json,agv01,2024-09-02 20:14:40,0,44.0,24.0,20.0,21.1,2.04,74.84,50.0,19.98,42.96,36.715,74.84,32.20984683809181,0.0005710157330963,21.86,29.33333333333333,4.228810640926839,0.016637670767680548,1.118729498686333,10.0,9.624135971069336,8.180515575408934,Normal,Degradation Risk
/content/dacon_01/agv01_0902_2013/agv01_0902_201441.json,agv01,2024-09-02 20:14:41,0,46.0,24.0,22.0,21.1,1.73,75.02,49.96,19.95,42.96,36.665,75.02,32.391915143545724,0.0007540942309331,21.86,30.666666666666668,5.082673764488,0.01675770694128177,1.169764780417286,10.0,9.563599586486816,8.129059648513794,Normal,Degradation Risk
/content/dacon_01/agv01_0902_2013/agv01_0902_201442.json,agv01,2024-09-02 20:14:42,0,45.0,24.0,19.0,21.06,1.94,75.03,49.91,20.05,42.97,36.7325,75.03,32.296382021314194,0.000799450880784,21.91,29.33333333333333,4.233170129107812,0.016876913268367325,1.2204472397493753,10.0,9.591506958007812,8.152780914306641,Normal,Degradation Risk
/content/dacon_01/agv01_0902_2013/agv01_0902_201443.json,agv01,2024-09-02 20:14:43,0,46.0,25.0,21.0,21.0,2.06,74.89,50.0,19.96,43.07,36.7275,74.89,32.22587094763046,0.0008248417424404,22.07,30.666666666666668,5.04936573293462,0.01712376726292932,1.3254011280725393,10.0,9.606062889099121,8.165153455734252,Normal,Degradation Risk
/content/dacon_01/agv01_0902_2013/agv01_0902_201444.json,agv01,2024-09-02 20:14:44,0,45.0,25.0,20.0,21.08,1.77,75.04,49.92,19.95,43.0,36.67,75.04,32.37997220505293,0.0008248417424404,21.92,30.0,4.669648161149231,0.016910861825095266,1.2348810067130371,10.0,9.597859382629395,8.158180475234985,Normal,Degradation Risk
/content/dacon_01/agv01_0902_2013/agv01_0902_201445.json,agv01,2024-09-02 20:14:45,0,45.0,24.0,20.0,21.1,1.98,74.96,49.93,20.05,43.04,36.73,74.96,32.25708087640086,0.0008437272786497,21.94,29.666666666666668,4.474736175307091,0.01680958520449281,1.1918216462707731,10.0,9.494025230407715,8.069921445846557,Normal,Degradation Risk
/content/dacon_01/agv01_0902_2013/agv01_0902_201446.json,agv01,2024-09-02 20:14:46,0,45.0,24.0,20.0,21.1,1.91,74.92,50.0,19.95,43.04,36.695,74.92,32.29326503571088,0.0008438039045037,21.94,29.666666666666668,4.470719927313599,0.017026065731840352,1.2838617736006457,10.0,9.614047050476074,8.171939992904663,Normal,Degradation Risk
/content/dacon_01/agv01_0902_2013/agv01_0902_201447.json,agv01,2024-09-02 20:14:47,0,44.0,25.0,22.0,21.1,1.6,75.0,50.0,19.95,43.12,36.6375,75.0,32.43628048446163,0.0010577604918549,22.02,30.33333333333333,4.920174588105442,0.016929397143829735,1.242761591250239,10.0,9.501571655273438,8.076335906982422,Normal,Degradation Risk
/content/dacon_01/agv01_0902_2013/agv01_0902_201448.json,agv01,2024-09-02 20:14:48,0,46.0,24.0,20.0,21.1,2.11,74.9,49.98,19.98,43.08,36.7425,74.9,32.20568104646549,0.0011096657923037,21.98,30.0,4.691549348596499,0.01712957249417603,1.3278693141476257,10.0,9.727232933044434,8.268147993087767,Normal,Degradation Risk
/content/dacon_01/agv01_0902_2013/agv01_0902_201449.json,agv01,2024-09-02 20:14:49,0,46.0,24.0,19.0,21.1,1.74,75.01,49.96,20.02,43.04,36.682500000000005,75.01,32.37234660941341,0.0010585135464919,21.94,29.666666666666668,4.482634501124282,0.017375327561518605,1.4323559761459062,10.0,9.54727554321289,8.115184211730957,Normal,Degradation Risk
/content/dacon_01/agv01_0902_2013/agv01_0902_201450.json,agv01,2024-09-02 20:14:50,0,45.0,23.0,19.0,21.1,1.96,75.06,49.93,20.05,43.25,36.75,75.06,32.303779964579995,0.0011692033695571,22.15,29.0,4.129927488246498,0.017493122082230965,1.4824381836218758,10.0,9.714322090148926,8.257173776626587,Normal,Degradation Risk
/content/dacon_01/agv01_0902_2013/agv01_0902_201451.json,agv01,2024-09-02 20:14:51,0,46.0,23.0,21.0,21.0,2.03,74.87,50.0,19.97,44.84,36.7175,74.87,32.227004592422176,0.0011394630007564,23.840000000000003,30.0,5.119172424684065,0.01726946405096944,1.3873464267424631,10.0,9.630696296691895,8.18609185218811,Normal,Degradation Risk
/content/dacon_01/agv01_0902_2013/agv01_0902_201452.json,agv01,2024-09-02 20:14:52,0,46.0,24.0,20.0,21.0,1.77,75.11,49.93,19.99,46.57,36.7,75.11,32.40210898485879,0.0011348135454915,25.57,30.0,5.616538011437264,0.01700821055352774,1.276270361543745,10.0,9.692343711853027,8.238492155075074,Normal,Degradation Risk
/content/dacon_01/agv01_0902_2013/agv01_0902_201453.json,agv01,2024-09-02 20:14:53,0,46.0,24.0,20.0,21.0,1.96,75.01,49.94,20.04,47.84,36.7375,75.01,32.287104107780664,0.0007213450207908,26.840000000000003,30.0,5.94842626860211,0.01683394054802897,1.2021767065974336,10.0,9.87761116027832,8.395969486236572,Normal,Degradation Risk
/content/dacon_01/agv01_0902_2013/agv01_0902_201454.json,agv01,2024-09-02 20:14:54,0,46.0,24.0,20.0,21.0,2.0,74.92,50.0,19.95,48.96,36.7175,74.92,32.260965448459025,0.0006657265092288,27.96,30.0,6.245072025291899,0.016921482316884243,1.2393964771275838,10.0,9.83292007446289,8.357982063293457,Normal,Degradation Risk
/content/dacon_01/agv01_0902_2013/agv01_0902_201455.json,agv01,2024-09-02 20:14:55,0,46.0,25.0,20.0,21.0,1.78,75.01,49.91,19.99,49.88,36.6725,75.01,32.356285710816685,0.0007479632784362,28.880000000000003,30.33333333333333,6.7152556475965355,0.016885253091713574,1.2239930478278314,10.0,9.692126274108887,8.238307332992553,Normal,Degradation Risk
/content/dacon_01/agv01_0902_2013/agv01_0902_201456.json,agv01,2024-09-02 20:14:56,0,45.0,25.0,20.0,21.0,2.11,74.92,49.98,20.04,50.74,36.7625,74.92,32.20318242555126,0.0008398887037522,29.74,30.0,6.734408765008025,0.017162077649354544,1.3416893960652232,10.0,9.831266403198242,8.356576442718506,Normal,Degradation Risk
/content/dacon_01/agv01_0902_2013/agv01_0902_201457.json,agv01,2024-09-02 20:14:57,0,46.0,25.0,21.0,21.0,1.85,74.94,50.0,19.95,51.6,36.685,74.94,32.322704610433405,0.0009166533830713,30.6,30.666666666666668,7.389406331724132,0.01728343772323897,1.3932875549848611,10.0,9.729229927062988,8.26984543800354,Normal,Degradation Risk
/content/dacon_01/agv01_0902_2013/agv01_0902_201458.json,agv01,2024-09-02 20:14:58,0,47.0,26.0,20.0,21.0,1.86,75.14,49.91,19.98,52.27,36.7225,75.14,32.38065098686766,0.0009051070859442,31.270000000000003,31.0,7.800981925011116,0.01694570643896494,1.2496957465726468,10.0,9.622872352600098,8.179441499710082,Normal,Degradation Risk
/content/dacon_01/agv01_0902_2013/agv01_0902_201459.json,agv01,2024-09-02 20:14:59,0,47.0,25.0,20.0,21.04,2.07,74.86,50.0,20.02,52.97,36.7375,74.86,32.20004800721059,0.0009051070859442,31.93,30.666666666666668,7.776564221133603,0.017053197303487068,1.2953971913105917,10.0,9.622413635253906,8.17905158996582,Normal,Degradation Risk
/content/dacon_01/agv01_0902_2013/agv01_0902_201500.json,agv01,2024-09-02 20:15:00,0,47.0,25.0,20.0,21.1,1.78,75.0,49.97,19.96,53.73,36.6775,75.0,32.36569621785799,0.0010012785584847,32.629999999999995,30.666666666666668,8.030624209499186,0.01731224322506987,1.4055346706437233,10.0,9.545456886291504,8.113638353347778,Normal,Degradation Risk
/content/dacon_01/agv01_0902_2013/agv01_0902_201501.json,agv01,2024-09-02 20:15:01,0,47.0,25.0,21.0,21.02,1.88,75.07,49.9,20.05,54.38,36.725,75.07,32.33238469398754,0.0008747556152799,33.36,31.0,8.381095606024964,0.01724804315382994,1.378238992811122,10.0,9.67149829864502,8.220773553848266,Normal,Degradation Risk
/content/dacon_01/agv01_0902_2013/agv01_0902_201502.json,agv01,2024-09-02 20:15:02,0,46.0,26.0,21.0,21.01,2.1,74.86,49.99,19.95,55.06,36.725,74.86,32.2000502070002,0.0006691825354157,34.05,31.0,8.538168570864999,0.017208301570023437,1.361342228567893,10.0,9.831046104431152,8.35638918876648,Normal,Degradation Risk
/content/dacon_01/agv01_0902_2013/agv01_0902_201503.json,agv01,2024-09-02 20:15:03,0,48.0,25.0,21.0,21.1,1.74,75.0,49.96,19.95,55.56,36.6625,75.0,32.3804265722365,0.0008315064297504,34.46,31.33333333333333,8.945701033149838,0.01717091525457557,1.3454468439973812,10.0,9.969063758850098,8.473704195022583,Normal,Degradation Risk
/content/dacon_01/agv01_0902_2013/agv01_0902_201504.json,agv01,2024-09-02 20:15:04,0,47.0,25.0,20.0,21.1,1.88,75.04,49.91,20.02,56.27,36.7125,75.04,32.327046854504566,0.0008134976778551,35.17,30.666666666666668,8.727064887087902,0.01732184594099993,1.409617417520519,10.0,9.871598243713379,8.390858507156372,Normal,Degradation Risk
/content/dacon_01/agv01_0902_2013/agv01_0902_201505.json,agv01,2024-09-02 20:15:05,0,46.0,25.0,21.0,21.1,2.01,74.86,50.0,19.98,56.9,36.7125,74.86,32.22850433493101,0.000714398778969,35.8,30.666666666666668,8.880026495983746,0.017260650192350593,1.3835990750545966,10.0,9.701327323913574,8.246128225326538,Normal,Degradation Risk
/content/dacon_01/agv01_0902_2013/agv01_0902_201506.json,agv01,2024-09-02 20:15:06,0,47.0,25.0,21.0,21.1,1.76,75.1,49.95,20.0,57.52,36.7025,75.1,32.40275747010841,0.0006340464961327,36.42,31.0,9.281017922233382,0.01684314219484495,1.2060889325835964,10.0,9.789233207702637,8.320848226547241,Normal,Degradation Risk
/content/dacon_01/agv01_0902_2013/agv01_0902_201507.json,agv01,2024-09-02 20:15:07,0,47.0,25.0,21.0,21.1,2.02,75.03,49.94,20.05,57.97,36.76,75.03,32.27174718955679,0.0008624386893324,36.87,31.0,9.400165670783773,0.01673443069695469,1.1598685162226492,10.0,9.663736343383789,8.21417589187622,Normal,Degradation Risk
/content/dacon_01/agv01_0902_2013/agv01_0902_201508.json,agv01,2024-09-02 20:15:08,0,48.0,25.0,23.0,21.1,1.98,74.92,50.0,19.95,58.48,36.7125,74.92,32.26814050525172,0.0008466591675107,37.38,32.0,10.15344170771851,0.016561528807412778,1.0863565374594755,10.0,9.8097505569458,8.630425451560734,Normal,Sensor Risk
/content/dacon_01/agv01_0902_2013/agv01_0902_201509.json,agv01,2024-09-02 20:15:09,0,47.0,26.0,21.0,21.1,1.8,75.1,49.91,19.97,59.07,36.69499999999999,75.1,32.38809915179751,0.0006205831937577,37.97,31.33333333333333,9.913247542646651,0.01678277605532202,1.1804233115867317,10.0,9.841903686523438,8.426260411249654,Normal,Sensor Risk
/content/dacon_01/agv01_0902_2013/agv01_0902_201510.json,agv01,2024-09-02 20:15:10,0,48.0,26.0,21.0,21.1,2.0,74.88,49.99,20.04,59.62,36.7275,74.88,32.2282436950366,0.0006309128169447,38.52,31.666666666666668,10.250103013088728,0.016806962984859404,1.1907067680325187,10.0,9.727123260498047,8.712587561125419,Normal,Sensor Risk
/content/dacon_01/agv01_0902_2013/agv01_0902_201511.json,agv01,2024-09-02 20:15:11,0,48.0,26.0,22.0,21.1,1.84,74.96,49.99,19.95,60.03,36.685,74.96,32.332815631594265,0.0007343466524248,38.93,32.0,10.580031335327726,0.01684081955636901,1.2051014260226776,10.0,9.521254539489746,8.993026635028567,Normal,Sensor Risk
/content/dacon_01/agv01_0902_2013/agv01_0902_201512.json,agv01,2024-09-02 20:15:12,0,48.0,25.0,21.0,21.1,1.7,75.1,49.9,19.95,60.27,36.6625,75.1,32.42610509553478,0.0009332529662979,39.17,31.33333333333333,10.245752648646532,0.016757965065793325,1.1698745261445425,10.0,9.477922439575195,8.708889751349552,Normal,Sensor Risk
/content/dacon_01/agv01_0902_2013/agv01_0902_201513.json,agv01,2024-09-02 20:15:13,0,47.0,26.0,23.0,21.2,2.2,74.9,50.0,19.95,62.02,36.7625,74.9,32.18139667054037,0.0009544560666997,40.82000000000001,32.0,11.172708300488328,0.016902426032211593,1.231294395664667,10.0,9.609696388244629,9.496802055415078,Normal,Sensor Risk
/content/dacon_01/agv01_0902_2013/agv01_0902_201514.json,agv01,2024-09-02 20:15:14,0,49.0,26.0,21.0,21.24,1.84,74.97,49.97,19.97,62.52,36.6875,74.97,32.330572089999684,0.0009753983949738,41.28,32.0,11.337336008045362,0.0169545601749584,1.253460052758371,10.0,9.5184965133667,9.636735606838558,Normal,Sensor Risk
/content/dacon_01/agv01_0902_2013/agv01_0902_201515.json,agv01,2024-09-02 20:15:15,0,49.0,26.0,22.0,21.4,1.88,75.16,49.94,20.01,63.22,36.7475,75.16,32.380285540227504,0.0010779351298669,41.82,32.333333333333336,11.839715510755441,0.01683245486045027,1.2015450429758066,10.0,9.610360145568848,10.063758184142126,Normal,Sensor Risk
/content/dacon_01/agv01_0902_2013/agv01_0902_201516.json,agv01,2024-09-02 20:15:16,0,49.0,26.0,21.0,21.4,2.08,74.84,50.0,19.99,63.65,36.7275,74.84,32.19376272406401,0.0010779351298669,42.25,32.0,11.716891042010424,0.017078598768510315,1.3061970267680856,10.0,9.64368724822998,9.95935738570886,Normal,Sensor Risk
/content/dacon_01/agv01_0902_2013/agv01_0902_201517.json,agv01,2024-09-02 20:15:17,0,49.0,27.0,21.0,21.4,1.69,75.01,49.99,19.96,64.12,36.6625,75.01,32.40474386567498,0.0011856170278473,42.720000000000006,32.333333333333336,12.072330996339556,0.017074331801892963,1.304382858281038,10.0,9.739129066467285,10.261481346888623,Normal,Sensor Risk
/content/dacon_01/agv01_0902_2013/agv01_0902_201518.json,agv01,2024-09-02 20:15:18,0,47.0,26.0,21.0,21.7,2.1,74.87,49.93,19.98,64.54,36.72,74.87,32.19057108326391,0.0010157621771274,42.84,31.33333333333333,11.699792283289996,0.017469477420967414,1.4723852811274398,10.0,9.51922607421875,9.944823440796497,Normal,Sensor Risk
/content/dacon_01/agv01_0902_2013/agv01_0902_201519.json,agv01,2024-09-02 20:15:19,0,50.0,26.0,22.0,21.7,1.91,74.89,50.0,19.95,64.86,36.6875,74.89,32.28142951708717,0.0008576612692622,43.16,32.666666666666664,12.620568033929786,0.01700165561693754,1.2734834263593497,10.0,9.69234561920166,10.727482828840317,Normal,Sensor Risk
/content/dacon_01/agv01_0902_2013/agv01_0902_201520.json,agv01,2024-09-02 20:15:20,0,49.0,26.0,22.0,21.7,1.77,75.07,49.92,19.95,65.27,36.6775,75.07,32.3918234281431,0.0008951086193295,43.56999999999999,32.333333333333336,12.542989087331256,0.017170993537829353,1.3454801273634844,10.0,9.57369613647461,10.661540724231568,Normal,Sensor Risk
/content/dacon_01/agv01_0902_2013/agv01_0902_201521.json,agv01,2024-09-02 20:15:21,0,49.0,26.0,23.0,21.78,2.04,74.89,49.92,20.01,65.58,36.715,74.89,32.21343042893756,0.0007140467411841,43.8,32.666666666666664,12.856671124563897,0.017214720476990294,1.3640713286019097,10.0,9.533533096313477,10.928170455879313,Normal,Sensor Risk
/content/dacon_01/agv01_0902_2013/agv01_0902_201522.json,agv01,2024-09-02 20:15:22,0,50.0,27.0,22.0,21.9,1.83,74.94,49.99,19.95,65.9,36.6775,74.94,32.328517210042286,0.0006215183559547,44.00000000000001,33.0,13.217892319063594,0.017198791190423092,1.3572987399451686,10.0,9.51518726348877,11.235208471204055,Normal,Sensor Risk
/content/dacon_01/agv01_0902_2013/agv01_0902_201523.json,agv01,2024-09-02 20:15:23,0,49.0,27.0,23.0,21.9,1.84,75.08,49.9,19.98,66.27,36.7,75.08,32.36274813217609,0.0005038624398939,44.37,33.0,13.331608148465605,0.01731786525132289,1.4079249642120184,10.0,9.354437828063965,11.331866926195763,Normal,Sensor Risk
/content/dacon_01/agv01_0902_2013/agv01_0902_201524.json,agv01,2024-09-02 20:15:24,0,50.0,26.0,22.0,21.9,2.07,74.86,49.99,19.99,66.63,36.7275,74.86,32.20386972088913,0.0005601145791042,44.73,32.666666666666664,13.200428429850557,0.01735046165102485,1.4217838401849465,10.0,9.577622413635254,11.220364165372974,Normal,Sensor Risk
/content/dacon_01/agv01_0902_2013/agv01_0902_201525.json,agv01,2024-09-02 20:15:25,0,50.0,27.0,22.0,22.1,1.72,74.99,49.98,19.95,66.93,36.66,74.99,32.38641175966653,0.0006993738573832,44.830000000000005,33.0,13.608352820417261,0.017510637720600863,1.4898852348905622,10.0,9.777554512023926,11.567099897354671,Normal,Sensor Risk
/content/dacon_01/agv01_0902_2013/agv01_0902_201526.json,agv01,2024-09-02 20:15:26,0,50.0,27.0,22.0,22.13,1.9,75.09,49.91,20.05,67.24,36.7375,75.09,32.3344660024975,0.0008121538757099,45.11,33.0,13.720110404309661,0.017608088389676,1.5313179314012157,10.0,9.678093910217285,11.662093843663213,Normal,Sensor Risk
/content/dacon_01/agv01_0902_2013/agv01_0902_201527.json,agv01,2024-09-02 20:15:27,0,50.0,27.0,22.0,22.2,2.14,74.86,50.0,19.98,67.58,36.745,74.86,32.18187636957588,0.0009371994793479,45.38,33.0,13.827615770015143,0.017670533792540088,1.5578675841630492,10.0,9.551431655883789,11.75347340451287,Normal,Sensor Risk
/content/dacon_01/agv01_0902_2013/agv01_0902_201528.json,agv01,2024-09-02 20:15:28,0,51.0,27.0,22.0,22.33,1.7,75.02,49.94,19.95,67.83,36.6525,75.02,32.3999664351678,0.0010870362898131,45.5,33.333333333333336,14.189108252838631,0.017814173620412307,1.6189383336156105,10.0,9.666250228881836,12.060742014912837,Normal,Sensor Risk
/content/dacon_01/agv01_0902_2013/agv01_0902_201529.json,agv01,2024-09-02 20:15:29,0,51.0,27.0,24.0,22.4,1.94,75.03,49.91,20.05,68.08,36.7325,75.03,32.296382021314194,0.0011294953962967,45.68,34.0,14.711654008285066,0.018066940524663015,1.7264061892101379,10.0,9.636395454406738,12.504905907042305,Normal,Sensor Risk
/content/dacon_01/agv01_0902_2013/agv01_0902_201530.json,agv01,2024-09-02 20:15:30,0,51.0,28.0,21.0,22.58,2.07,74.87,50.0,19.96,68.37,36.725,74.87,32.21439067663188,0.0011238134693422,45.790000000000006,33.333333333333336,14.4505168760652,0.018135629328062328,1.7556103226648745,10.0,9.77865219116211,12.28293934465542,Normal,Sensor Risk
/content/dacon_01/agv01_0902_2013/agv01_0902_201531.json,agv01,2024-09-02 20:15:31,0,51.0,26.0,23.0,22.62,1.79,75.1,49.94,19.97,68.65,36.7,75.1,32.39577441580923,0.0009389851939896,46.03,33.333333333333336,14.568266180312653,0.018429897831136043,1.8807232407824184,10.0,10.012690544128418,12.383026253265754,Normal,Sensor Risk
/content/dacon_01/agv01_0902_2013/agv01_0902_201532.json,agv01,2024-09-02 20:15:32,0,52.0,27.0,23.0,22.7,2.0,74.94,49.93,20.04,68.82,36.7275,74.94,32.24372329100141,0.0009102769348234,46.11999999999999,34.0,15.056027037741938,0.018226204761135092,1.7941199036194324,10.0,9.91443920135498,12.797622982080647,Normal,Sensor Risk
/content/dacon_01/agv01_0902_2013/agv01_0902_201533.json,agv01,2024-09-02 20:15:33,0,52.0,28.0,22.0,22.8,1.92,74.89,50.0,19.95,69.07,36.69,74.89,32.277838630655964,0.0008324277598636,46.27,34.0,15.169657431175347,0.018417954953278696,1.8756455369716243,10.0,9.792925834655762,12.894208816499045,Normal,Sensor Risk
/content/dacon_01/agv01_0902_2013/agv01_0902_201534.json,agv01,2024-09-02 20:15:34,0,52.0,28.0,23.0,22.9,1.82,75.12,49.9,19.97,69.29,36.7025,75.12,32.38746503921952,0.0004784516111333,46.39000000000001,34.333333333333336,15.50783584582213,0.018287943865504537,1.8203692623817256,10.0,9.961976051330566,13.181660468948811,Normal,Sensor Risk
/content/dacon_01/agv01_0902_2013/agv01_0902_201535.json,agv01,2024-09-02 20:15:35,0,52.0,28.0,23.0,22.98,2.03,74.9,50.0,20.03,69.63,36.74,74.9,32.228462575804016,0.0005286216168545,46.64999999999999,34.333333333333336,15.620472206575611,0.018545732151090878,1.9299720378379441,10.0,10.398215293884277,13.27740137558927,Normal,Sensor Risk
/content/dacon_01/agv01_0902_2013/agv01_0902_201536.json,agv01,2024-09-02 20:15:36,0,52.0,28.0,23.0,23.02,1.78,74.95,49.97,19.95,69.78,36.6625,74.95,32.34768757835197,0.0007495517834342,46.760000000000005,34.333333333333336,15.69001057374487,0.018451562200696246,1.8899341908723604,10.0,10.292222023010254,13.336508987683139,Normal,Sensor Risk
/content/dacon_01/agv01_0902_2013/agv01_0902_201537.json,agv01,2024-09-02 20:15:37,0,53.0,29.0,24.0,23.2,1.89,75.21,49.91,19.98,70.06,36.7475,75.21,32.39758054238001,0.0008875441981217,46.86,35.333333333333336,16.5119098076855,0.018786517476093535,2.0323457351120187,10.0,10.947174072265625,14.035123336532676,Normal,Sensor Risk
/content/dacon_01/agv01_0902_2013/agv01_0902_201538.json,agv01,2024-09-02 20:15:38,0,53.0,28.0,22.0,23.28,2.08,74.95,50.0,20.0,70.25,36.7575,74.95,32.23545498877491,0.0010196687880141,46.97,34.333333333333336,15.955586878563292,0.01884558386837988,2.0574587479707858,10.0,11.011676788330078,13.562248846778798,Normal,Sensor Risk
/content/dacon_01/agv01_0902_2013/agv01_0902_201539.json,agv01,2024-09-02 20:15:39,0,53.0,28.0,23.0,23.4,1.79,75.14,49.97,19.95,70.46,36.7125,75.14,32.41911203287345,0.0009612994234635,47.06,34.666666666666664,16.30123028155141,0.018749436047148058,2.0165799778703244,10.0,11.74974250793457,13.856045739318697,Normal,Sensor Risk
/content/dacon_01/agv01_0902_2013/agv01_0902_201540.json,agv01,2024-09-02 20:15:40,0,53.0,28.0,23.0,23.47,1.9,75.22,49.92,19.99,70.6,36.7575,75.22,32.39758054238001,0.0010025834130087,47.13,34.666666666666664,16.384028102195295,0.018733305434598557,2.009721792281274,10.0,12.834301948547363,13.926423886866,Normal,Sensor Risk
/content/dacon_01/agv01_0902_2013/agv01_0902_201541.json,agv01,2024-09-02 20:15:41,0,54.0,29.0,22.0,23.5,2.08,75.07,50.0,19.97,70.82,36.78,75.07,32.28807106863668,0.0011514785723723,47.31999999999999,35.0,16.654870959144727,0.01875707589690813,2.0198281810843213,10.0,15.1159086227417,14.156640315273018,Normal,Sensor Risk
/content/dacon_01/agv01_0902_2013/agv01_0902_201542.json,agv01,2024-09-02 20:15:42,1,55.0,29.0,23.0,23.7,1.71,75.34,49.95,19.98,71.01,36.745,75.34,32.51903288844857,0.0006023386013183,47.31,35.666666666666664,17.245873330590943,0.018801720080569528,2.0388093633600675,40.0,18.399444580078125,15.639527893066406,Normal,Degradation Risk
/content/dacon_01/agv01_0902_2013/agv01_0902_201543.json,agv01,2024-09-02 20:15:43,1,54.0,28.0,24.0,23.74,1.97,75.33,49.93,20.05,71.22,36.82,75.33,32.40703421584065,0.0009783406433909,47.48,35.333333333333336,17.119545271856047,0.018894613102683564,2.0783043040283635,40.0,23.416332244873047,19.90388240814209,Normal,Degradation Risk
/content/dacon_01/agv01_0902_2013/agv01_0902_201544.json,agv01,2024-09-02 20:15:44,1,54.0,29.0,24.0,23.9,1.94,75.22,50.0,19.96,71.37,36.78,75.22,32.39927982738711,0.0009944138047032,47.470000000000006,35.666666666666664,17.440158374210057,0.019121133122244633,2.174612880594674,40.0,28.00617027282715,23.805244731903077,Normal,Degradation Risk
/content/dacon_01/agv01_0902_2013/agv01_0902_201545.json,agv01,2024-09-02 20:15:45,1,55.0,29.0,24.0,24.01,1.74,75.5,49.93,19.98,71.69,36.7875,75.5,32.568912964154435,0.0007059786912697,47.67999999999999,36.0,17.81672550496525,0.018995670121230563,2.121270297176147,40.0,32.7733154296875,27.857318115234374,Normal,Degradation Risk
/content/dacon_01/agv01_0902_2013/agv01_0902_201546.json,agv01,2024-09-02 20:15:46,1,55.0,28.0,24.0,24.1,2.05,75.37,49.95,20.05,71.82,36.855,75.37,32.39691497658381,0.0010334905599637,47.71999999999999,35.666666666666664,17.681455948866912,0.01928661607633356,2.24497058136291,40.0,37.765628814697266,32.10078449249267,Normal,Degradation Risk
/content/dacon_01/agv01_0902_2013/agv01_0902_201547.json,agv01,2024-09-02 20:15:47,1,55.0,29.0,23.0,24.33,2.0,75.41,50.0,19.95,71.96,36.84,75.41,32.45472846905363,0.0011189646151856,47.63,35.666666666666664,17.842900679691788,0.019280718991699718,2.2424633423644456,40.0,41.80950164794922,35.538076400756836,Normal,Degradation Risk
/content/dacon_01/agv01_0902_2013/agv01_0902_201548.json,agv01,2024-09-02 20:15:48,1,54.0,29.0,24.0,24.4,1.78,75.6,49.95,19.95,72.05,36.82,75.6,32.60206435181674,0.0007900352974662,47.65,35.666666666666664,17.91810767402333,0.019550330053202666,2.3570927583877856,40.0,44.36067199707031,37.70657119750977,Normal,Degradation Risk
/content/dacon_01/agv01_0902_2013/agv01_0902_201549.json,agv01,2024-09-02 20:15:49,1,55.0,29.0,23.0,24.7,2.14,75.41,50.0,19.95,72.17,36.875,75.41,32.40466890228423,0.0010212328784186,47.47,35.666666666666664,18.08883950759965,0.019309946896732478,2.2548900494394974,40.0,45.339813232421875,38.538841247558594,Normal,Degradation Risk
/content/dacon_01/agv01_0902_2013/agv01_0902_201550.json,agv01,2024-09-02 20:15:50,1,55.0,31.0,24.0,24.76,1.74,75.64,49.96,19.98,72.46,36.83,75.64,32.628431364889934,0.0008171811183692,47.69999999999999,36.66666666666666,18.844326361615163,0.019658265833114443,2.402983365955367,40.0,45.40460205078125,38.593911743164064,Normal,Degradation Risk
/content/dacon_01/agv01_0902_2013/agv01_0902_201551.json,agv01,2024-09-02 20:15:51,1,56.0,30.0,24.0,24.8,1.96,75.67,49.92,20.05,72.58,36.9,75.67,32.54412082081801,0.0008125287506809,47.78,36.66666666666666,18.90062682489324,0.019707829225433446,2.424056027759345,40.0,44.99203109741211,38.24322643280029,Normal,Degradation Risk
/content/dacon_01/agv01_0902_2013/agv01_0902_201552.json,agv01,2024-09-02 20:15:52,1,56.0,30.0,24.0,25.03,2.07,75.58,50.0,19.98,72.76,36.9075,75.58,32.4918834736718,0.0010117895571872,47.73,36.66666666666666,19.061483325951183,0.01992743423128755,2.5174245766479917,40.0,44.482261657714844,37.80992240905761,Normal,Degradation Risk
/content/dacon_01/agv01_0902_2013/agv01_0902_201553.json,agv01,2024-09-02 20:15:53,1,56.0,30.0,25.0,25.12,1.76,75.82,49.93,19.98,72.88,36.8725,75.82,32.68868445910093,0.0009704234793751,47.75999999999999,37.0,19.37236369058333,0.020190742116141122,2.629374097216071,40.0,43.880943298339844,37.298801803588866,Normal,Degradation Risk
/content/dacon_01/agv01_0902_2013/agv01_0902_201554.json,agv01,2024-09-02 20:15:54,1,57.0,30.0,25.0,25.3,1.99,75.75,49.93,20.04,73.1,36.9275,75.75,32.56822620796738,0.0009247754161646,47.8,37.333333333333336,19.725578293546796,0.020173946407696795,2.6222331355658364,40.0,43.217037200927734,36.73448162078857,Normal,Degradation Risk
/content/dacon_01/agv01_0902_2013/agv01_0902_201555.json,agv01,2024-09-02 20:15:55,1,57.0,30.0,25.0,25.38,1.96,75.78,50.0,19.95,73.22,36.9225,75.78,32.615785927471784,0.000992828919748,47.84,37.333333333333336,19.803370622131926,0.020291294973852316,2.6721257383937687,40.0,42.65113067626953,36.2534610748291,Normal,Degradation Risk
/content/dacon_01/agv01_0902_2013/agv01_0902_201556.json,agv01,2024-09-02 20:15:56,1,57.0,31.0,25.0,25.6,1.79,75.94,49.91,19.98,73.33,36.905,75.94,32.72297918384979,0.0005276185530714,47.73,37.66666666666666,20.164487480314666,0.020628412289655777,2.8154565083795697,40.0,42.22071838378906,35.8876106262207,Normal,Degradation Risk
/content/dacon_01/agv01_0902_2013/agv01_0902_201557.json,agv01,2024-09-02 20:15:57,1,57.0,31.0,25.0,25.77,2.04,75.91,49.99,20.03,73.43,36.9925,75.91,32.6236645959136,0.0010797837630805,47.66000000000001,37.66666666666666,20.28343155932943,0.020714953884444682,2.852251039053053,40.0,41.9312858581543,35.64159297943115,Normal,Degradation Risk
/content/dacon_01/agv01_0902_2013/agv01_0902_201558.json,agv01,2024-09-02 20:15:58,1,58.0,31.0,24.0,25.9,1.86,75.98,50.0,19.95,73.66,36.9475,75.98,32.73098162801314,0.0010953234175819,47.76,37.66666666666666,20.420281180828972,0.02085186302247141,2.910460129039114,40.0,41.676300048828125,35.4248550415039,Normal,Degradation Risk
/content/dacon_01/agv01_0902_2013/agv01_0902_201559.json,agv01,2024-09-02 20:15:59,1,59.0,31.0,24.0,26.16,1.82,76.2,49.9,20.04,73.69,36.99,76.2,32.804083079194065,0.0009879809048781,47.53,38.0,20.79084729868115,0.020855404373044152,2.9119657903640785,40.0,41.342620849609375,35.14122772216797,Normal,Degradation Risk
/content/dacon_01/agv01_0902_2013/agv01_0902_201600.json,agv01,2024-09-02 20:16:00,1,58.0,31.0,25.0,26.27,2.17,76.02,50.0,20.02,73.9,37.0525,76.02,32.624115185958175,0.0014658767456006,47.63000000000001,38.0,20.893050511634986,0.021073978030294125,3.0048958450472245,40.0,41.26606369018555,35.07615413665771,Normal,Degradation Risk
/content/dacon_01/agv01_0902_2013/agv01_0902_201601.json,agv01,2024-09-02 20:16:01,1,59.0,31.0,25.0,26.5,1.79,76.17,49.98,19.95,74.01,36.9725,76.17,32.828914465757165,0.0013349663008796,47.510000000000005,38.333333333333336,21.262770006886864,0.021198468214142396,3.0578248198289573,40.0,41.23759841918945,35.05195865631104,Normal,Degradation Risk
/content/dacon_01/agv01_0902_2013/agv01_0902_201602.json,agv01,2024-09-02 20:16:02,1,59.0,31.0,26.0,26.61,1.86,76.39,49.92,20.03,74.14,37.05,76.39,32.86988997040706,0.0011415796152233,47.53,38.66666666666666,21.582600670151024,0.021168952735348048,3.045275846211239,40.0,41.1759033203125,34.999517822265624,Normal,Degradation Risk
/content/dacon_01/agv01_0902_2013/agv01_0902_201603.json,agv01,2024-09-02 20:16:03,1,59.0,32.0,27.0,26.7,2.13,76.2,50.0,19.97,74.29,37.075,76.2,32.718777992665515,0.0013890574719566,47.59,39.333333333333336,22.07070522589371,0.0215246724083138,3.1965157031843625,40.0,41.2267951965332,35.04277591705322,Normal,Degradation Risk
/content/dacon_01/agv01_0902_2013/agv01_0902_201604.json,agv01,2024-09-02 20:16:04,1,59.0,31.0,26.0,26.92,1.74,76.41,49.96,19.96,74.35,37.0175,76.41,32.93801084360337,0.0010741782436763,47.42999999999999,38.66666666666666,21.80017724163027,0.022000053117385097,3.3986313462363746,40.0,40.952537536621094,34.80965690612793,Normal,Degradation Risk
/content/dacon_01/agv01_0902_2013/agv01_0902_201605.json,agv01,2024-09-02 20:16:05,1,59.0,33.0,26.0,27.04,1.98,76.49,49.94,20.05,74.44,37.115,76.49,32.86616142275618,0.0013150564861849,47.4,39.333333333333336,22.314282699534612,0.021946400017708437,3.3758198805290953,40.0,41.01100158691406,34.85935134887695,Normal,Degradation Risk
/content/dacon_01/agv01_0902_2013/agv01_0902_201606.json,agv01,2024-09-02 20:16:06,1,60.0,33.0,25.0,27.4,2.1,76.41,50.0,19.97,74.52,37.12,76.41,32.81321583346157,0.0015452397157573,47.12,39.333333333333336,22.515881661587073,0.02249980526578264,3.6111088929953143,40.0,40.962215423583984,34.81788311004639,Normal,Degradation Risk
/content/dacon_01/agv01_0902_2013/agv01_0902_201607.json,agv01,2024-09-02 20:16:07,1,60.0,32.0,26.0,27.49,1.74,76.73,49.94,19.99,74.63,37.1,76.73,33.05795012802014,0.001082476659891,47.14,39.333333333333336,22.61808329646472,0.022375833562808634,3.558400358574987,40.0,40.859092712402344,34.73022880554199,Normal,Degradation Risk
/content/dacon_01/agv01_0902_2013/agv01_0902_201608.json,agv01,2024-09-02 20:16:08,1,60.0,32.0,24.0,27.6,2.01,76.66,49.95,20.05,74.81,37.1675,76.66,32.92470437731117,0.0013535667710951,47.21,38.66666666666666,22.30368956679905,0.02265079546315197,3.6753047685399305,40.0,40.73147964477539,34.62175769805908,Normal,Degradation Risk
/content/dacon_01/agv01_0902_2013/agv01_0902_201609.json,agv01,2024-09-02 20:16:09,1,62.0,32.0,26.0,27.8,2.01,76.66,50.0,19.96,75.01,37.157500000000006,76.66,32.94681610818664,0.001440612493945,47.21000000000001,40.0,23.2954987142612,0.022731181395215506,3.70948212164098,40.0,40.815635681152344,34.693290328979494,Normal,Degradation Risk
/content/dacon_01/agv01_0902_2013/agv01_0902_201610.json,agv01,2024-09-02 20:16:10,1,61.0,32.0,28.0,27.9,1.77,76.93,49.92,19.99,75.14,37.1525,76.93,33.12466993546251,0.0007342844882532,47.24,40.333333333333336,23.608351386917942,0.023063654208996195,3.8508382079783368,40.0,40.685768127441406,34.582902908325195,Normal,Degradation Risk
/content/dacon_01/agv01_0902_2013/agv01_0902_201611.json,agv01,2024-09-02 20:16:11,1,61.0,34.0,27.0,28.2,2.01,76.81,49.93,20.02,75.21,37.1925,76.81,32.987337343289774,0.0008975279001255,47.00999999999999,40.66666666666666,23.97985675127841,0.022944792253652178,3.8003021637503145,40.0,40.78471374511719,34.667006683349605,Normal,Degradation Risk
/content/dacon_01/agv01_0902_2013/agv01_0902_201612.json,agv01,2024-09-02 20:16:12,1,62.0,32.0,28.0,28.28,1.89,76.94,50.0,19.95,75.3,37.19499999999999,76.94,33.103202765492846,0.0009318678514642,47.02,40.66666666666666,24.059032789848217,0.023172274531046987,3.8970198594860337,40.0,40.771244049072266,34.65555744171142,Normal,Degradation Risk
/content/dacon_01/agv01_0902_2013/agv01_0902_201613.json,agv01,2024-09-02 20:16:13,1,62.0,33.0,27.0,28.5,1.81,77.15,49.9,19.98,75.35,37.21,77.15,33.197753940088575,0.0006245423105307,46.85,40.66666666666666,24.202536664207724,0.02334421584151524,3.9701234328312554,40.0,40.71283721923828,34.60591163635254,Normal,Degradation Risk
/content/dacon_01/agv01_0902_2013/agv01_0902_201614.json,agv01,2024-09-02 20:16:14,1,62.0,34.0,27.0,28.67,2.07,77.05,49.99,20.01,75.4,37.28,77.05,33.07160917363008,0.0012388301777095,46.73,41.0,24.5099359938161,0.023557877226030276,4.060964956903624,40.0,40.84834671020508,34.72109470367432,Normal,Degradation Risk
/content/dacon_01/agv01_0902_2013/agv01_0902_201615.json,agv01,2024-09-02 20:16:15,1,62.0,33.0,26.0,28.8,1.79,77.25,49.98,19.95,75.56,37.2425,77.25,33.26035816103008,0.0011877563320053,46.760000000000005,40.333333333333336,24.22313105749999,0.023727075872452444,4.132902443159545,40.0,40.80802917480469,34.686824798583984,Normal,Degradation Risk
/content/dacon_01/agv01_0902_2013/agv01_0902_201616.json,agv01,2024-09-02 20:16:16,1,64.0,34.0,27.0,29.07,1.89,77.45,49.9,20.04,75.68,37.32,77.45,33.27940604437926,0.0013790707961961,46.61000000000001,41.66666666666666,25.250441914223106,0.023750655395780158,4.14292765122815,40.0,40.71786117553711,34.61018199920654,Normal,Degradation Risk
/content/dacon_01/agv01_0902_2013/agv01_0902_201617.json,agv01,2024-09-02 20:16:17,1,63.0,34.0,28.0,29.19,2.06,77.26,50.0,19.98,75.77,37.325,77.26,33.165891615734786,0.0014811559483042,46.58,41.66666666666666,25.318905183283977,0.024629351447488845,4.516519204586135,40.0,40.74928665161133,34.63689365386963,Normal,Degradation Risk
/content/dacon_01/agv01_0902_2013/agv01_0902_201618.json,agv01,2024-09-02 20:16:18,1,64.0,34.0,28.0,29.5,1.69,77.55,49.96,19.95,75.8,37.2875,77.55,33.41373008709643,0.0011966847571522,46.3,42.0,25.719776765818366,0.024431506449676572,4.432402268003725,40.0,40.816226959228516,34.69379291534424,Normal,Degradation Risk
/content/dacon_01/agv01_0902_2013/agv01_0902_201619.json,agv01,2024-09-02 20:16:19,1,63.0,34.0,28.0,29.5,1.84,77.78,49.9,20.03,75.97,37.3875,77.78,33.431643069602984,0.0013263631639686,46.47,41.66666666666666,25.582791231068057,0.02497804777013719,4.664772972854574,40.0,40.75312423706055,34.64015560150146,Normal,Degradation Risk
/content/dacon_01/agv01_0902_2013/agv01_0902_201620.json,agv01,2024-09-02 20:16:20,1,63.0,34.0,30.0,29.8,1.78,77.64,50.0,19.95,75.96,37.3425,77.64,33.423002433453924,0.0013189227252285,46.16,42.333333333333336,26.136447418063078,0.025356590865045138,4.8257165694083515,40.0,40.81452941894531,34.69235000610352,Normal,Degradation Risk
/content/dacon_01/agv01_0902_2013/agv01_0902_201621.json,agv01,2024-09-02 20:16:21,1,64.0,33.0,28.0,30.03,1.78,77.83,49.9,20.03,76.03,37.385,77.83,33.47305035397879,0.0010481484882067,46.0,41.66666666666666,25.872367013943364,0.025464110074259676,4.871430065341525,40.0,40.835025787353516,34.709771919250485,Normal,Degradation Risk
/content/dacon_01/agv01_0902_2013/agv01_0902_201622.json,agv01,2024-09-02 20:16:22,1,64.0,34.0,27.0,30.1,2.06,77.72,49.92,20.01,76.04,37.4275,77.72,33.33555396769841,0.0013501300351558,45.940000000000005,41.66666666666666,25.904006710649387,0.02588089593992878,5.048633182016727,40.0,40.835750579833984,34.710387992858884,Normal,Degradation Risk
/content/dacon_01/agv01_0902_2013/agv01_0902_201623.json,agv01,2024-09-02 20:16:23,1,64.0,35.0,29.0,30.4,1.8,77.89,49.98,19.95,76.16,37.405,77.89,33.513971713301906,0.0013425565537971,45.76,42.66666666666666,26.732696040199333,0.02599569425136261,5.097441503629234,40.0,40.7584228515625,34.644659423828124,Normal,Degradation Risk
/content/dacon_01/agv01_0902_2013/agv01_0902_201624.json,agv01,2024-09-02 20:16:24,1,65.0,35.0,29.0,30.58,1.88,78.15,49.91,20.03,76.3,37.4925,78.15,33.56791958105239,0.0013504016515294,45.72,43.0,27.097881790000493,0.026394661601471855,5.2670687959979565,40.0,40.869667053222656,34.73921699523925,Normal,Degradation Risk
/content/dacon_01/agv01_0902_2013/agv01_0902_201625.json,agv01,2024-09-02 20:16:25,1,64.0,35.0,28.0,30.8,2.09,78.01,50.0,19.98,76.64,37.52,78.01,33.457071997810374,0.0017846513148404,45.84,42.333333333333336,26.8788434766407,0.026871391487049274,5.469758062825445,40.0,40.998844146728516,34.84901752471924,Normal,Degradation Risk
/content/dacon_01/agv01_0902_2013/agv01_0902_201626.json,agv01,2024-09-02 20:16:26,1,65.0,35.0,30.0,31.02,1.74,78.28,49.98,19.95,77.03,37.4875,78.28,33.692423851661374,0.0014535161932362,46.010000000000005,43.333333333333336,27.746077625380583,0.027213993103016938,5.615420569949977,40.0,40.969642639160156,34.82419624328613,Normal,Degradation Risk
/content/dacon_01/agv01_0902_2013/agv01_0902_201627.json,agv01,2024-09-02 20:16:27,1,65.0,35.0,28.0,31.1,1.92,78.46,49.91,20.05,77.38,37.585,78.46,33.675607888598925,0.0017281881380799,46.28,42.66666666666666,27.487962899872223,0.027248163920103638,5.6299488344279025,40.0,40.90652084350586,34.77054271697998,Normal,Degradation Risk
/content/dacon_01/agv01_0902_2013/agv01_0902_201628.json,agv01,2024-09-02 20:16:28,1,66.0,36.0,28.0,31.3,2.12,78.37,50.0,19.98,77.86,37.6175,78.37,33.59189622016993,0.0020208781455573,46.56,43.333333333333336,28.133428190789836,0.027695592240626277,5.820180076454495,40.0,40.92121124267578,34.783029556274414,Normal,Degradation Risk
/content/dacon_01/agv01_0902_2013/agv01_0902_201629.json,agv01,2024-09-02 20:16:29,1,66.0,35.0,29.0,31.4,1.77,78.67,49.94,19.96,78.62,37.585,78.67,33.83281493855731,0.0014632304898823,47.220000000000006,43.333333333333336,28.41531845237423,0.028073336526291088,5.980784046597751,40.0,40.89495086669922,34.760708236694335,Normal,Degradation Risk
/content/dacon_01/agv01_0902_2013/agv01_0902_201630.json,agv01,2024-09-02 20:16:30,1,65.0,35.0,30.0,31.6,1.98,78.72,49.96,20.05,79.27,37.6775,78.72,33.765795686364825,0.001809117471885,47.67,43.333333333333336,28.705401656476823,0.02883129293002671,6.303041224945812,40.0,40.85295486450195,34.72501163482666,Normal,Degradation Risk
/content/dacon_01/agv01_0902_2013/agv01_0902_201631.json,agv01,2024-09-02 20:16:31,1,67.0,35.0,28.0,31.79,2.09,78.76,50.0,19.95,79.82,37.7,78.76,33.76560478751516,0.0020235814569361,48.03,43.333333333333336,28.96023103081663,0.029608885962839337,6.633647227378522,40.0,40.85327911376953,34.7252872467041,Normal,Degradation Risk
/content/dacon_01/agv01_0902_2013/agv01_0902_201632.json,agv01,2024-09-02 20:16:32,1,67.0,36.0,28.0,31.9,1.78,79.05,49.93,20.04,80.31,37.7,79.05,33.96820768503003,0.0014578262415186,48.41,43.66666666666666,29.38059983018505,0.029982308046587792,6.792413544871903,40.0,40.89940643310547,34.76449546813965,Normal,Degradation Risk
/content/dacon_01/agv01_0902_2013/agv01_0902_201633.json,agv01,2024-09-02 20:16:33,1,67.0,36.0,30.0,32.26,2.01,79.08,49.96,20.04,80.64,37.7725,79.08,33.903012034331105,0.0017673287120948,48.38,44.333333333333336,30.07937477567934,0.030206449276615584,6.8877107413652965,40.0,41.021644592285156,34.86839790344238,Normal,Degradation Risk
/content/dacon_01/agv01_0902_2013/agv01_0902_201634.json,agv01,2024-09-02 20:16:34,1,67.0,36.0,29.0,32.37,1.92,79.19,50.0,19.95,81.13,37.765,79.19,33.99982401915241,0.0018073181330643,48.76,44.0,30.073112195422375,0.03060162029835454,7.055723964557134,40.0,41.00368881225586,34.85313549041748,Normal,Degradation Risk
/content/dacon_01/agv01_0902_2013/agv01_0902_201635.json,agv01,2024-09-02 20:16:35,1,68.0,36.0,31.0,32.6,1.78,79.54,49.91,20.01,81.53,37.81,79.54,34.17018095747616,0.0013845485763527,48.93,45.0,30.955019088364665,0.031010748488202764,7.22967129898605,40.0,40.95647048950195,34.812999916076656,Normal,Degradation Risk
/content/dacon_01/agv01_0902_2013/agv01_0902_201636.json,agv01,2024-09-02 20:16:36,1,68.0,36.0,30.0,32.73,2.09,79.4,49.96,20.02,81.94,37.86750000000001,79.4,34.00852772957591,0.0017131555184934,49.21,44.66666666666666,30.915885349227718,0.03148170213653166,7.429904706996325,40.0,40.954551696777344,34.81136894226074,Normal,Degradation Risk
/content/dacon_01/agv01_0902_2013/agv01_0902_201637.json,agv01,2024-09-02 20:16:37,1,68.0,36.0,31.0,32.9,1.86,79.61,49.98,19.95,82.35,37.85,79.61,34.18929949560242,0.0016281850560797,49.45,45.0,31.343548272599882,0.03199199228466711,7.646862651366834,40.0,41.0593147277832,34.90041751861572,Normal,Degradation Risk
/content/dacon_01/agv01_0902_2013/agv01_0902_201638.json,agv01,2024-09-02 20:16:38,1,68.0,37.0,29.0,33.13,1.88,79.92,49.9,20.03,82.72,37.9325,79.92,34.285339310945524,0.0016797415310002,49.59,44.66666666666666,31.386249494036893,0.03208537713422469,7.686566700268016,40.0,41.090511322021484,34.92693462371826,Normal,Degradation Risk
/content/dacon_01/agv01_0902_2013/agv01_0902_201639.json,agv01,2024-09-02 20:16:39,1,69.0,37.0,30.0,33.2,2.06,79.8,50.0,19.98,83.03,37.96,79.8,34.193749916224945,0.0019347457775468,49.83,45.333333333333336,31.91500169324346,0.032961408025927966,8.059025118608,40.0,41.19212341308594,35.01330490112304,Normal,Degradation Risk
/content/dacon_01/agv01_0902_2013/agv01_0902_201640.json,agv01,2024-09-02 20:16:40,1,70.0,37.0,30.0,33.4,1.76,80.1,49.97,19.94,83.26,37.9425,80.1,34.42469498775552,0.0015782808824329,49.86000000000001,45.66666666666666,32.31420818694517,0.03311467464868791,8.124188852487851,40.0,41.27942657470703,35.08751258850098,Normal,Degradation Risk
/content/dacon_01/agv01_0902_2013/agv01_0902_201641.json,agv01,2024-09-02 20:16:41,1,70.0,37.0,31.0,33.53,1.87,80.36,49.89,20.04,83.55,38.04,80.36,34.46579850615196,0.0018051454203972,50.02,46.0,32.69771943630589,0.03351893634253779,8.296067119011093,40.0,41.378665924072266,35.17186603546143,Normal,Degradation Risk
/content/dacon_01/agv01_0902_2013/agv01_0902_201642.json,agv01,2024-09-02 20:16:42,1,69.0,37.0,31.0,33.8,2.07,80.31,49.95,19.96,83.94,38.0725,80.31,34.39633737769183,0.0021066201259895,50.14,45.66666666666666,32.733602498793786,0.03424475769791989,8.604661572224243,40.0,41.4111328125,35.199462890625,Normal,Degradation Risk
/content/dacon_01/agv01_0902_2013/agv01_0902_201643.json,agv01,2024-09-02 20:16:43,1,70.0,37.0,32.0,34.03,1.7,80.64,49.92,19.95,84.29,38.0525,80.64,34.65899342162147,0.0016254127962578,50.260000000000005,46.333333333333336,33.39070484626937,0.03455543432239914,8.736750663219382,40.0,41.483795166015625,35.26122589111328,Normal,Degradation Risk
/content/dacon_01/agv01_0902_2013/agv01_0902_201644.json,agv01,2024-09-02 20:16:44,1,70.0,37.0,30.0,34.1,1.98,80.8,49.93,20.04,84.58,38.1875,80.8,34.61226312065325,0.0023167095111293,50.48,45.66666666666666,33.114616145011546,0.03441817506410663,8.67839271405306,40.0,41.568580627441406,35.3332935333252,Normal,Degradation Risk
/content/dacon_01/agv01_0902_2013/agv01_0902_201645.json,agv01,2024-09-02 20:16:45,1,70.0,37.0,30.0,34.4,2.06,80.85,49.99,19.94,84.95,38.21,80.85,34.6292429409981,0.0026171057031657,50.55,45.66666666666666,33.378777886439856,0.03511185137658,8.973320192787746,40.0,41.47275161743164,35.25183887481689,Normal,Degradation Risk
/content/dacon_01/agv01_0902_2013/agv01_0902_201646.json,agv01,2024-09-02 20:16:46,1,70.0,38.0,31.0,34.5,1.77,81.21,49.91,19.94,85.21,38.2075,81.21,34.86907165861077,0.0021342035378794,50.71,46.333333333333336,33.94756292182197,0.03595832500442989,9.333211871929887,40.0,41.49741744995117,35.2728048324585,Normal,Degradation Risk
/content/dacon_01/agv01_0902_2013/agv01_0902_201647.json,agv01,2024-09-02 20:16:47,1,70.0,38.0,31.0,34.7,2.0,81.3,49.97,20.03,85.48,38.325,81.3,34.816994413648054,0.0026311107087102,50.78,46.333333333333336,34.13971891598156,0.03595725626830539,9.332757481827525,40.0,41.57175827026367,35.33599452972412,Normal,Degradation Risk
/content/dacon_01/agv01_0902_2013/agv01_0902_201648.json,agv01,2024-09-02 20:16:48,1,71.0,38.0,30.0,34.89,1.94,81.44,49.99,19.94,85.83,38.3275,81.44,34.91347340211225,0.002666652058487,50.94,46.333333333333336,34.34747551921737,0.0367730548115386,9.679607162557303,40.0,41.6112060546875,35.36952514648437,Normal,Degradation Risk
/content/dacon_01/agv01_0902_2013/agv01_0902_201649.json,agv01,2024-09-02 20:16:49,1,71.0,38.0,30.0,35.0,1.74,81.76,49.9,20.0,86.13,38.35,81.76,35.09437371811423,0.0019208985677356,51.13,46.333333333333336,34.508129555721155,0.03683744236172817,9.70698255003681,40.0,41.660423278808594,35.411359786987305,Normal,Degradation Risk
/content/dacon_01/agv01_0902_2013/agv01_0902_201650.json,agv01,2024-09-02 20:16:50,1,72.0,37.0,31.0,35.15,1.95,81.82,49.89,20.04,86.35,38.425,81.82,35.03810354456987,0.0022096540627434,51.2,46.66666666666666,34.86349056222123,0.03734757456346367,9.923873340991994,40.0,41.70828628540039,35.45204334259033,Normal,Degradation Risk
/content/dacon_01/agv01_0902_2013/agv01_0902_201651.json,agv01,2024-09-02 20:16:51,1,71.0,37.0,33.0,35.39,1.71,81.92,49.93,19.94,86.57,38.375,81.92,35.18454442886346,0.001893244938798,51.17999999999999,47.0,35.26092927365557,0.03698288824310789,9.768821171763296,40.0,41.77836608886719,35.511611175537105,Normal,Degradation Risk
/content/dacon_01/agv01_0902_2013/agv01_0902_201652.json,agv01,2024-09-02 20:16:52,1,71.0,38.0,32.0,35.6,1.97,82.13,49.92,20.04,86.74,38.51499999999999,82.13,35.162503229055424,0.0019044640297782,51.13999999999999,47.0,35.4364017822502,0.03809264211595523,10.240650619950603,40.0,41.73469924926758,35.47449436187744,Normal,Degradation Risk
/content/dacon_01/agv01_0902_2013/agv01_0902_201653.json,agv01,2024-09-02 20:16:53,1,72.0,39.0,32.0,35.75,2.11,82.18,49.99,19.94,87.03,38.555,82.18,35.15990187699619,0.0024030596903247,51.28,47.66666666666666,36.02105413780486,0.03813951599214967,10.260579791346489,40.0,41.813846588134766,35.54176959991455,Normal,Degradation Risk
/content/dacon_01/agv01_0902_2013/agv01_0902_201654.json,agv01,2024-09-02 20:16:54,1,72.0,38.0,32.0,35.9,1.73,82.53,49.92,19.94,87.22,38.53,82.53,35.42861461210886,0.0022513532365948,51.32,47.333333333333336,35.97476646888815,0.03832683925684129,10.340223246327477,40.0,41.691707611083984,35.437951469421385,Normal,Degradation Risk
/content/dacon_01/agv01_0902_2013/agv01_0902_201655.json,agv01,2024-09-02 20:16:55,1,72.0,39.0,32.0,36.13,1.98,82.68,49.95,20.02,87.48,38.657500000000006,82.68,35.39348562942057,0.0025877873307576,51.35,47.66666666666666,36.39178499986813,0.03916118952209867,10.69496048571306,40.0,41.60203552246094,35.3617301940918,Normal,Degradation Risk
/content/dacon_01/agv01_0902_2013/agv01_0902_201656.json,agv01,2024-09-02 20:16:56,1,72.0,39.0,32.0,36.22,1.94,82.87,49.99,19.94,87.72,38.685,82.87,35.50440019678312,0.0028884964875015,51.5,47.66666666666666,36.52672374931209,0.039311694262015556,10.758949961327467,40.0,41.720314025878906,35.46226692199707,Normal,Degradation Risk
/content/dacon_01/agv01_0902_2013/agv01_0902_201657.json,agv01,2024-09-02 20:16:57,1,71.0,39.0,32.0,36.4,1.78,83.31,49.89,19.99,87.93,38.74250000000001,83.31,35.72306199548596,0.0024233868237583,51.53000000000001,47.333333333333336,36.50613790910786,0.03980398985349775,10.968257234730459,40.0,41.69409942626953,35.4399845123291,Normal,Degradation Risk
/content/dacon_01/agv01_0902_2013/agv01_0902_201658.json,agv01,2024-09-02 20:16:58,1,73.0,39.0,33.0,36.47,2.03,83.33,49.9,20.01,88.22,38.8175,83.33,35.642795789144635,0.0028342085264843,51.75,48.333333333333336,37.25389888148747,0.039982465728787366,11.04413908187967,40.0,41.62422561645508,35.380591773986815,Normal,Degradation Risk
/content/dacon_01/agv01_0902_2013/agv01_0902_201659.json,agv01,2024-09-02 20:16:59,1,72.0,39.0,31.0,36.6,1.84,83.6,49.99,19.94,88.4,38.8425,83.6,35.842200802034085,0.0029658396820757,51.8,47.333333333333336,36.77370985160794,0.041017141415254775,11.48404784916892,40.0,41.528961181640625,35.29961700439453,Normal,Degradation Risk
/content/dacon_01/agv01_0902_2013/agv01_0902_201700.json,agv01,2024-09-02 20:17:00,1,74.0,39.0,33.0,36.8,1.84,84.0,49.89,20.03,88.65,38.940000000000005,84.0,35.98288574679172,0.0027373401273358,51.85000000000001,48.66666666666666,37.81514538690172,0.04128859942369479,11.59946252395591,40.0,41.668880462646484,35.41854839324951,Normal,Degradation Risk
/content/dacon_01/agv01_0902_2013/agv01_0902_201701.json,agv01,2024-09-02 20:17:01,1,73.0,39.0,33.0,36.9,2.14,84.01,49.99,20.0,88.81,39.035,84.01,35.89955849310685,0.003296547915369,51.91,48.333333333333336,37.7103769573489,0.041771514398881195,11.804781479661806,40.0,41.72376251220703,35.46519813537598,Normal,Degradation Risk
/content/dacon_01/agv01_0902_2013/agv01_0902_201702.json,agv01,2024-09-02 20:17:02,1,73.0,39.0,32.0,37.17,1.79,84.34,49.97,19.94,88.89,39.010000000000005,84.34,36.16593148254307,0.0029719017277534,51.72,48.0,37.69122287397494,0.04243970736626791,12.088874310332272,40.0,41.730491638183594,35.47091789245605,Normal,Degradation Risk
/content/dacon_01/agv01_0902_2013/agv01_0902_201703.json,agv01,2024-09-02 20:17:03,1,73.0,39.0,33.0,37.27,1.84,84.75,49.89,20.03,89.11,39.127500000000005,84.75,36.29653828764758,0.00305128891206,51.84,48.333333333333336,38.05328326073729,0.04283838833945905,12.258379845015305,40.0,41.71881103515625,35.46098937988281,Normal,Degradation Risk
/content/dacon_01/agv01_0902_2013/agv01_0902_201704.json,agv01,2024-09-02 20:17:04,1,75.0,39.0,32.0,37.5,2.09,84.75,49.95,19.95,89.3,39.185,84.75,36.231104040589216,0.0031789462722858,51.8,48.66666666666666,38.43328892191535,0.044079108975589684,12.78589188838229,40.0,41.830650329589844,35.55605278015137,Normal,Degradation Risk
/content/dacon_01/agv01_0902_2013/agv01_0902_201705.json,agv01,2024-09-02 20:17:05,1,74.0,39.0,32.0,37.7,1.76,85.25,49.93,19.97,89.46,39.2275,85.25,36.54804543337441,0.0028310106324921,51.75999999999999,48.333333333333336,38.41687750986892,0.04393954269827825,12.726553073514763,40.0,41.918827056884766,35.63100299835205,Normal,Degradation Risk
/content/dacon_01/agv01_0902_2013/agv01_0902_201706.json,agv01,2024-09-02 20:17:06,1,74.0,40.0,32.0,37.8,1.99,85.49,49.93,20.04,89.6,39.3625,85.49,36.55808654274272,0.0033364039792597,51.8,48.66666666666666,38.745682355877236,0.04464554953190892,13.026723068753205,40.0,41.928062438964844,35.63885307312012,Normal,Degradation Risk
/content/dacon_01/agv01_0902_2013/agv01_0902_201707.json,agv01,2024-09-02 20:17:07,1,74.0,40.0,34.0,38.1,2.09,85.66,49.99,19.96,89.72,39.425,85.66,36.615492622659055,0.0038869706944864,51.62,49.333333333333336,39.373513784859554,0.044778895146667726,13.083417070341518,40.0,42.070213317871094,35.75968132019043,Normal,Degradation Risk
/content/dacon_01/agv01_0902_2013/agv01_0902_201708.json,agv01,2024-09-02 20:17:08,1,75.0,41.0,34.0,38.17,1.7,86.09,49.92,19.97,89.78,39.42,86.09,36.920815267271664,0.00325353210469,51.61,50.0,39.87720472205918,0.04563688935090122,13.448206905129584,40.0,42.077903747558594,35.766218185424805,Normal,Degradation Risk
/content/dacon_01/agv01_0902_2013/agv01_0902_201709.json,agv01,2024-09-02 20:17:09,1,74.0,40.0,34.0,38.4,1.98,86.27,49.9,20.02,89.98,39.5425,86.27,36.89085918851263,0.0033956591997485,51.580000000000005,49.333333333333336,39.65321789553468,0.04637274303345986,13.761066761250138,40.0,42.03266906738281,35.72776870727539,Normal,Degradation Risk
/content/dacon_01/agv01_0902_2013/agv01_0902_201710.json,agv01,2024-09-02 20:17:10,1,75.0,40.0,34.0,38.51,1.94,86.57,49.99,19.94,90.15,39.61,86.57,37.05367188282424,0.003416334439979,51.64000000000001,49.66666666666666,39.994894051323605,0.04691724872733796,13.992571987195578,40.0,42.146881103515625,35.82484893798828,Normal,Degradation Risk
/content/dacon_01/agv01_0902_2013/agv01_0902_201711.json,agv01,2024-09-02 20:17:11,1,75.0,40.0,32.0,38.6,1.78,87.08,49.89,19.96,90.32,39.6775,87.08,37.31082271495318,0.0031229732763447,51.71999999999999,49.0,39.71819581982818,0.047272537139317526,14.143628486725113,40.0,42.10148239135742,35.78626003265381,Normal,Degradation Risk
/content/dacon_01/agv01_0902_2013/agv01_0902_201712.json,agv01,2024-09-02 20:17:12,1,74.0,41.0,33.0,38.83,2.03,87.19,49.91,20.01,90.45,39.785,87.19,37.265892806515,0.003633517896846,51.620000000000005,49.333333333333336,40.09796130480326,0.04817723302616875,14.528274282080728,40.0,42.086822509765625,35.77379913330078,Normal,Degradation Risk
/content/dacon_01/agv01_0902_2013/agv01_0902_201713.json,agv01,2024-09-02 20:17:13,2,74.0,39.0,34.0,38.93,1.86,87.57,49.98,19.94,90.57,39.8375,87.57,37.50316819950016,0.0039087250494819,51.63999999999999,49.0,40.015604996513254,0.04922359653032104,14.97315231030585,70.0,42.213443756103516,35.88142719268799,Normal,Degradation Risk
/content/dacon_01/agv01_0902_2013/agv01_0902_201714.json,agv01,2024-09-02 20:17:14,2,75.0,40.0,33.0,39.2,1.84,88.06,49.89,19.97,90.76,39.940000000000005,88.06,37.70476450883451,0.0037494880064394,51.56,49.333333333333336,40.46149783821358,0.04976231069685673,15.202195176608319,70.0,44.58064651489258,37.89354953765869,Normal,Degradation Risk
/content/dacon_01/agv01_0902_2013/agv01_0902_201715.json,agv01,2024-09-02 20:17:15,2,75.0,40.0,34.0,39.31,2.06,88.16,49.98,19.99,90.86,40.0475,88.16,37.67767099578564,0.0040809101284022,51.55,49.66666666666666,40.76809775418297,0.04997843951410733,15.294085768816016,70.0,51.221954345703125,43.53866119384765,Caution,Degradation Risk
/content/dacon_01/agv01_0902_2013/agv01_0902_201716.json,agv01,2024-09-02 20:17:16,2,75.0,41.0,35.0,39.5,1.77,88.64,49.97,19.94,91.05,40.08,88.64,37.98754795982494,0.003918935650086,51.55,50.333333333333336,41.38024678377676,0.0510345606764693,15.743112420083879,70.0,43.20271682739258,36.72230930328369,Normal,Degradation Risk
/content/dacon_01/agv01_0902_2013/agv01_0902_201717.json,agv01,2024-09-02 20:17:17,2,76.0,40.0,34.0,39.63,1.91,89.1,49.9,20.04,91.22,40.2375,89.1,38.11318264940186,0.0041908021678781,51.59,50.0,41.33494873309065,0.051395002422664246,15.896359941333332,70.0,42.742855072021484,36.33142681121826,Normal,Degradation Risk
/content/dacon_01/agv01_0902_2013/agv01_0902_201718.json,agv01,2024-09-02 20:17:18,2,76.0,40.0,33.0,39.7,2.08,89.25,49.99,19.97,91.33,40.3225,89.25,38.14041546269085,0.0045056570141289,51.63,49.66666666666666,41.21189957852121,0.05229978648509091,16.281043225932397,70.0,43.09153747558594,36.62780685424804,Normal,Degradation Risk
/content/dacon_01/agv01_0902_2013/agv01_0902_201719.json,agv01,2024-09-02 20:17:19,2,76.0,40.0,33.0,40.0,1.71,89.81,49.93,19.94,91.43,40.3475,89.81,38.50405032807155,0.0040911088655767,51.43000000000001,49.66666666666666,41.44383457395968,0.05304537058259133,16.59804012218855,70.0,42.76118469238281,36.347006988525386,Normal,Degradation Risk
/content/dacon_01/agv01_0902_2013/agv01_0902_201720.json,agv01,2024-09-02 20:17:20,2,76.0,41.0,33.0,40.04,1.93,90.22,49.88,20.03,91.52,40.515,90.22,38.586386632248086,0.0043682829882231,51.48,50.0,41.742199175919865,0.05379694416179784,16.917583541522895,70.0,44.03763961791992,37.43199367523193,Normal,Degradation Risk
/content/dacon_01/agv01_0902_2013/agv01_0902_201721.json,agv01,2024-09-02 20:17:21,2,76.0,41.0,33.0,40.3,1.96,90.34,49.89,20.03,91.62,40.555,90.34,38.62873757536825,0.0043680567914568,51.32000000000001,50.0,41.91497528045664,0.05428757987093259,17.126185089637413,70.0,66.10079956054688,56.18567962646484,Caution,Degradation Risk
/content/dacon_01/agv01_0902_2013/agv01_0902_201722.json,agv01,2024-09-02 20:17:22,2,76.0,40.0,34.0,40.55,2.0,90.46,49.9,20.03,91.73,40.5975,90.46,38.66779226091571,0.0036068609016551,51.18000000000001,50.0,42.07516581961506,0.05430775075545403,17.134761060891996,70.0,66.2318115234375,56.29703979492187,Caution,Degradation Risk
/content/dacon_01/agv01_0902_2013/agv01_0902_201723.json,agv01,2024-09-02 20:17:23,2,76.0,40.0,34.0,40.6,2.12,90.66,49.98,19.96,91.84,40.68,90.66,38.73276993279291,0.0034893235492829,51.24,50.0,42.14942131944779,0.05518876520373654,17.50933831729898,70.0,66.10295104980469,56.18750839233398,Caution,Degradation Risk
/content/dacon_01/agv01_0902_2013/agv01_0902_201724.json,agv01,2024-09-02 20:17:24,2,77.0,41.0,33.0,40.8,1.65,91.18,49.93,19.93,91.91,40.67250000000001,91.18,39.114002927340486,0.0030327390411097,51.11,50.333333333333336,42.5256062230751,0.056015954336897864,17.861030887872904,70.0,53.001888275146484,45.05160503387451,Caution,Degradation Risk
/content/dacon_01/agv01_0902_2013/agv01_0902_201725.json,agv01,2024-09-02 20:17:25,2,77.0,41.0,34.0,40.87,1.94,91.66,49.9,20.02,92.03,40.88,91.66,39.20642804439088,0.0031944818973425,51.16,50.66666666666666,42.85305152557739,0.05696766720051323,18.2656666960997,70.0,66.10316467285156,56.187689971923824,Caution,Degradation Risk
/content/dacon_01/agv01_0902_2013/agv01_0902_201726.json,agv01,2024-09-02 20:17:26,2,77.0,41.0,34.0,41.1,1.99,91.89,49.98,19.95,92.12,40.95249999999999,91.89,39.30778580637684,0.0038934191829716,51.02,50.66666666666666,43.02811481870781,0.05759710869941536,18.533283725748976,70.0,66.11261749267578,56.19572486877441,Caution,Degradation Risk
/content/dacon_01/agv01_0902_2013/agv01_0902_201727.json,agv01,2024-09-02 20:17:27,2,77.0,41.0,33.0,41.32,1.7,92.58,49.92,19.95,92.18,41.0375,92.58,39.69739569543574,0.0043518891056264,50.86000000000001,50.333333333333336,43.024485286102305,0.0587657334373319,19.030143055299657,70.0,66.24739837646484,56.31028861999511,Caution,Degradation Risk
/content/dacon_01/agv01_0902_2013/agv01_0902_201728.json,agv01,2024-09-02 20:17:28,2,76.0,41.0,34.0,41.5,2.02,92.96,49.9,20.03,92.3,41.2275,92.96,39.74093554929644,0.0052321026985888,50.8,50.333333333333336,43.19960160855777,0.05910739368216768,19.17540532356712,70.0,66.32386016845703,56.375281143188474,Caution,Degradation Risk
/content/dacon_01/agv01_0902_2013/agv01_0902_201729.json,agv01,2024-09-02 20:17:29,2,78.0,42.0,35.0,41.58,2.06,93.31,49.98,19.93,92.39,41.32,93.31,39.90336410212386,0.0057503237424954,50.81,51.66666666666666,44.1406868348428,0.05969509979167644,19.425277890926903,70.0,66.45960235595703,56.490662002563475,Caution,Degradation Risk
/content/dacon_01/agv01_0902_2013/agv01_0902_201730.json,agv01,2024-09-02 20:17:30,2,77.0,41.0,35.0,41.62,1.82,94.03,49.91,19.96,92.59,41.43,94.03,40.28475063014954,0.0052964691545495,50.970000000000006,51.0,43.86549006218665,0.05999823606267672,19.55416108112893,70.0,66.45660400390625,56.48811340332031,Caution,Degradation Risk
/content/dacon_01/agv01_0902_2013/agv01_0902_201731.json,agv01,2024-09-02 20:17:31,2,78.0,41.0,35.0,41.8,2.03,94.29,49.98,20.01,92.61,41.5775,94.29,40.32522566582858,0.005719222003913,50.81,51.333333333333336,44.203401128264176,0.06122988723622609,20.077817098732208,70.0,66.53106689453125,56.55140686035156,Caution,Degradation Risk
/content/dacon_01/agv01_0902_2013/agv01_0902_201732.json,agv01,2024-09-02 20:17:32,2,78.0,41.0,35.0,41.93,1.83,94.89,49.98,19.93,92.61,41.6575,94.89,40.66643609907315,0.0055381195257861,50.68,51.333333333333336,44.32791841730905,0.06228799402439522,20.527687970283353,70.0,66.69401550292969,56.68991317749023,Caution,Degradation Risk
/content/dacon_01/agv01_0902_2013/agv01_0902_201733.json,agv01,2024-09-02 20:17:33,2,78.0,41.0,36.0,42.1,1.88,95.5,49.88,20.03,92.67,41.8225,95.5,40.8921902690477,0.005345940957048,50.57,51.66666666666666,44.69855896122629,0.06299334819825113,20.82758047687416,70.0,66.84402465820312,56.817420959472656,Caution,Degradation Risk
/content/dacon_01/agv01_0902_2013/agv01_0902_201734.json,agv01,2024-09-02 20:17:34,2,79.0,41.0,35.0,42.23,2.09,95.76,49.96,20.0,92.71,41.9525,95.76,40.94833441871191,0.0056910662939768,50.48,51.66666666666666,44.80692134665536,0.06381577551695998,21.177248486560796,70.0,67.05352020263672,56.99549217224121,Caution,Degradation Risk
/content/dacon_01/agv01_0902_2013/agv01_0902_201735.json,agv01,2024-09-02 20:17:35,2,78.0,41.0,36.0,42.3,1.82,96.44,49.96,19.93,92.81,42.0375,96.44,41.34645037162602,0.005561791177307,50.510000000000005,51.66666666666666,44.93674999113994,0.06394380499932185,21.231682250202024,70.0,67.0797119140625,57.017755126953126,Caution,Degradation Risk
/content/dacon_01/agv01_0902_2013/agv01_0902_201736.json,agv01,2024-09-02 20:17:36,2,78.0,41.0,35.0,42.4,1.84,97.14,49.88,20.01,92.85,42.2175,97.14,41.628157437804845,0.0057334880083041,50.45,51.333333333333336,44.86325769002517,0.0646677682432583,21.539486697883746,70.0,67.18658447265625,57.10859680175781,Caution,Degradation Risk
/content/dacon_01/agv01_0902_2013/agv01_0902_201737.json,agv01,2024-09-02 20:17:37,2,77.0,41.0,35.0,42.45,2.11,97.4,49.97,19.97,92.91,42.3625,97.4,41.6680864091453,0.0061227023930074,50.46,51.0,44.72831304046939,0.06487219675576109,21.62640272008285,70.0,67.18466186523438,57.10696258544922,Caution,Degradation Risk
/content/dacon_01/agv01_0902_2013/agv01_0902_201738.json,agv01,2024-09-02 20:17:38,2,78.0,41.0,34.0,42.6,1.76,98.08,49.92,19.93,93.0,42.4225,98.08,42.08452318449939,0.0056330549270233,50.4,51.0,44.89161523449441,0.06536323819223404,21.83517676960582,70.0,67.12933349609375,57.059933471679685,Caution,Degradation Risk
/content/dacon_01/agv01_0902_2013/agv01_0902_201739.json,agv01,2024-09-02 20:17:39,2,78.0,41.0,35.0,42.77,1.97,98.77,49.9,20.0,93.05,42.66,98.77,42.30800318300703,0.0061805961629991,50.28,51.333333333333336,45.27746176226341,0.0658387867082534,22.037363758441472,70.0,67.0497817993164,56.99231452941894,Caution,Degradation Risk
/content/dacon_01/agv01_0902_2013/agv01_0902_201740.json,agv01,2024-09-02 20:17:40,2,79.0,42.0,35.0,42.9,1.99,99.18,49.98,19.96,93.13,42.7775,99.18,42.49461328607819,0.0064633089399438,50.23,52.0,45.82766358474149,0.06726918463058716,22.645520106345344,70.0,67.0947494506836,57.03053703308105,Caution,Degradation Risk
/content/dacon_01/agv01_0902_2013/agv01_0902_201741.json,agv01,2024-09-02 20:17:41,2,79.0,41.0,35.0,42.99,1.72,100.0,49.91,19.93,93.2,42.89,100.0,42.94555855964619,0.0061392686843265,50.21,51.66666666666666,45.76266188169156,0.06833501137507669,23.09867323968426,70.0,67.24254608154297,57.15616416931152,Caution,Degradation Risk
/content/dacon_01/agv01_0902_2013/agv01_0902_201742.json,agv01,2024-09-02 20:17:42,2,80.0,42.0,35.0,43.07,1.98,100.53,49.89,20.02,93.33,43.105,100.53,43.08073699462441,0.0066118369276216,50.26,52.333333333333336,46.315490638699764,0.06887059759327945,23.326386209176277,70.0,67.40703582763672,57.29598045349121,Caution,Degradation Risk
/content/dacon_01/agv01_0902_2013/agv01_0902_201743.json,agv01,2024-09-02 20:17:43,2,79.0,42.0,35.0,43.3,1.98,101.1,49.97,19.92,93.46,43.24250000000001,101.1,43.35620860960976,0.0069606087663054,50.16,52.0,46.32262141267281,0.06994825555971375,23.784569574045058,70.0,67.58161926269531,57.444376373291014,Caution,Degradation Risk
/content/dacon_01/agv01_0902_2013/agv01_0902_201744.json,agv01,2024-09-02 20:17:44,2,78.0,42.0,35.0,43.41,1.8,101.96,49.87,19.98,93.5,43.4025,101.96,43.78047843122168,0.0066415418853972,50.09,51.66666666666666,46.26375470107961,0.07039730690626891,23.97549087131368,70.0,67.76371765136719,57.59916000366211,Caution,Degradation Risk
/content/dacon_01/agv01_0902_2013/agv01_0902_201745.json,agv01,2024-09-02 20:17:45,2,79.0,42.0,34.0,43.5,2.02,102.49,49.93,20.0,93.53,43.61,102.49,43.94677462567645,0.0072482664306825,50.03,51.66666666666666,46.379483348803674,0.07045299608299947,23.999168007451416,70.0,67.7770004272461,57.61045036315918,Caution,Degradation Risk
/content/dacon_01/agv01_0902_2013/agv01_0902_201746.json,agv01,2024-09-02 20:17:46,2,79.0,42.0,35.0,43.58,1.8,103.17,49.94,19.92,93.61,43.7075,103.17,44.33477444399599,0.0071360747198045,50.03,52.0,46.71753169683294,0.07113574380443465,24.289449022492498,70.0,67.78180694580078,57.614535903930665,Caution,Degradation Risk
/content/dacon_01/agv01_0902_2013/agv01_0902_201747.json,agv01,2024-09-02 20:17:47,2,80.0,42.0,35.0,43.62,1.83,104.1,49.87,19.98,93.66,43.94499999999999,104.1,44.72778442981499,0.007159332725215,50.04,52.333333333333336,47.05377613462978,0.07190729039045891,24.617484282239424,70.0,67.85063171386719,57.67303695678711,Caution,Degradation Risk
/content/dacon_01/agv01_0902_2013/agv01_0902_201748.json,agv01,2024-09-02 20:17:48,2,79.0,42.0,36.0,43.86,1.77,104.31,49.87,19.95,93.9,43.975,104.31,44.84612915291575,0.0066782254447875,50.040000000000006,52.333333333333336,47.25719509376355,0.07284023997858512,25.01414258650174,70.0,67.95426940917969,57.761128997802736,Caution,Degradation Risk
/content/dacon_01/agv01_0902_2013/agv01_0902_201749.json,agv01,2024-09-02 20:17:49,2,78.0,42.0,37.0,44.1,1.7,104.52,49.87,19.92,94.14,44.0025,104.52,44.96763159948127,0.0055129655427563,50.04,52.333333333333336,47.451450876771375,0.07352777481938573,25.30645892121493,70.0,68.08673095703125,57.87372131347656,Caution,Degradation Risk
/content/dacon_01/agv01_0902_2013/agv01_0902_201750.json,agv01,2024-09-02 20:17:50,2,78.0,42.0,36.0,44.1,1.86,105.04,49.87,20.01,94.5,44.195,105.04,45.13493140942316,0.0048436757847958,50.4,52.0,47.38487321026865,0.0740335703220672,25.521505895832387,70.0,68.13314819335938,57.91317596435547,Caution,Degradation Risk
/content/dacon_01/agv01_0902_2013/agv01_0902_201751.json,agv01,2024-09-02 20:17:51,2,79.0,41.0,36.0,44.2,2.13,105.35,49.95,19.97,94.82,44.35,105.35,45.2005634183174,0.0050238000810956,50.61999999999999,52.0,47.55726607838933,0.07442424755899145,25.687608515185595,70.0,68.07587432861328,57.864493179321286,Caution,Degradation Risk
/content/dacon_01/agv01_0902_2013/agv01_0902_201752.json,agv01,2024-09-02 20:17:52,2,79.0,41.0,35.0,44.4,2.12,105.69,49.94,19.98,94.91,44.4325,105.69,45.35447892252025,0.0047103133126116,50.51,51.66666666666666,47.50609511228959,0.0754726776148364,26.13336517061685,70.0,68.05825805664062,57.84951934814453,Caution,Degradation Risk
/content/dacon_01/agv01_0902_2013/agv01_0902_201753.json,agv01,2024-09-02 20:17:53,2,80.0,42.0,35.0,44.6,2.11,106.03,49.93,19.98,95.06,44.5125,106.03,45.51031998349386,0.0050734780419122,50.46,52.333333333333336,48.105402724928325,0.07564775241575378,26.207800997091056,70.0,68.02337646484375,57.81986999511719,Caution,Degradation Risk
/content/dacon_01/agv01_0902_2013/agv01_0902_201754.json,agv01,2024-09-02 20:17:54,2,80.0,41.0,37.0,44.68,1.81,106.74,49.96,19.92,95.11,44.6075,106.74,45.93544555496696,0.00498405822416,50.43,52.66666666666666,48.43856108894852,0.07668047621263918,26.646879887587865,70.0,68.08087921142578,57.868747329711915,Caution,Degradation Risk
/content/dacon_01/agv01_0902_2013/agv01_0902_201755.json,agv01,2024-09-02 20:17:55,2,80.0,42.0,35.0,44.9,1.86,107.75,49.88,19.95,95.1,44.86,107.75,46.36759141181837,0.0051359583507739,50.2,52.333333333333336,48.44381187109312,0.07725840248679641,26.892594402941544,70.0,68.09354400634766,57.87951240539551,Caution,Degradation Risk
/content/dacon_01/agv01_0902_2013/agv01_0902_201756.json,agv01,2024-09-02 20:17:56,2,80.0,42.0,37.0,45.07,2.06,108.29,49.97,19.98,95.14,45.075,108.29,46.54799136375274,0.0061926885790412,50.07,53.0,49.027010781921426,0.0784834993864845,27.413463767130125,70.0,68.26290893554688,58.02347259521484,Caution,Degradation Risk
/content/dacon_01/agv01_0902_2013/agv01_0902_201757.json,agv01,2024-09-02 20:17:57,2,80.0,43.0,36.0,45.2,1.73,109.32,49.94,19.92,95.18,45.227500000000006,109.32,47.125924482532255,0.0071698154785004,49.98,53.0,49.221170389823094,0.07851858395871579,27.42838052909043,70.0,68.36724853515625,58.112161254882814,Caution,Degradation Risk
/content/dacon_01/agv01_0902_2013/agv01_0902_201758.json,agv01,2024-09-02 20:17:58,2,80.0,42.0,36.0,45.47,1.88,110.27,49.86,19.99,95.26,45.5,110.27,47.49605948567383,0.0083855016156864,49.790000000000006,52.66666666666666,49.28491444921436,0.07891734612156741,27.597920582844438,70.0,68.38291931152344,58.12548141479492,Caution,Degradation Risk
/content/dacon_01/agv01_0902_2013/agv01_0902_201759.json,agv01,2024-09-02 20:17:59,2,80.0,42.0,35.0,45.59,2.02,110.98,49.95,19.93,95.35,45.72,110.98,47.78972902203987,0.0090539657758771,49.75999999999999,52.333333333333336,49.243018835250844,0.07978875192447678,27.96841257137792,70.0,68.40567779541016,58.14482612609863,Caution,Degradation Risk
/content/dacon_01/agv01_0902_2013/agv01_0902_201800.json,agv01,2024-09-02 20:18:00,2,80.0,42.0,36.0,45.9,1.71,111.95,49.88,19.91,95.41,45.8625,111.95,48.32760934496967,0.008531578126795,49.51,52.66666666666666,49.717205488446865,0.0803206737026123,28.194567546095474,70.0,68.48196411132812,58.209669494628905,Caution,Degradation Risk
/content/dacon_01/agv01_0902_2013/agv01_0902_201801.json,agv01,2024-09-02 20:18:01,2,80.0,42.0,38.0,46.12,2.0,112.9,49.89,19.98,95.39,46.1925,112.9,48.66084762585489,0.0090885861797187,49.27,53.333333333333336,50.34412018103751,0.08100548437662611,28.485725658122313,70.0,68.53267669677734,58.25277519226074,Caution,Degradation Risk
/content/dacon_01/agv01_0902_2013/agv01_0902_201802.json,agv01,2024-09-02 20:18:02,2,80.0,42.0,37.0,46.4,2.0,113.71,49.96,19.93,95.39,46.4,113.71,49.04192288236668,0.0094653442238459,48.99,53.0,50.36580931952011,0.08190362909088442,28.86758611861664,70.0,68.58421325683594,58.29658126831055,Caution,Degradation Risk
/content/dacon_01/agv01_0902_2013/agv01_0902_201803.json,agv01,2024-09-02 20:18:03,2,80.0,42.0,36.0,46.71,1.74,114.92,49.88,19.95,95.45,46.6225,114.92,49.66897379988169,0.0093004043895438,48.74,52.66666666666666,50.45222041753282,0.08282448170219972,29.259101201455657,70.0,68.75374603271484,58.440684127807614,Caution,Degradation Risk
/content/dacon_01/agv01_0902_2013/agv01_0902_201804.json,agv01,2024-09-02 20:18:04,2,81.0,42.0,36.0,46.8,2.02,115.7,49.88,20.01,95.46,46.9025,115.7,49.93197664489828,0.0097333195558867,48.66,53.0,50.79359049628731,0.08375041577282266,29.65277674725837,70.0,69.01828002929688,58.66553802490234,Caution,Degradation Risk
/content/dacon_01/agv01_0902_2013/agv01_0902_201805.json,agv01,2024-09-02 20:18:05,2,80.0,42.0,37.0,47.0,1.88,116.65,49.95,19.91,95.48,47.0975,116.65,50.42971833816512,0.0098239819772035,48.48,53.0,50.9982774086673,0.08448956673278701,29.967038493128456,70.0,69.28585815429688,58.89297943115234,Caution,Degradation Risk
/content/dacon_01/agv01_0902_2013/agv01_0902_201806.json,agv01,2024-09-02 20:18:06,2,81.0,40.0,37.0,47.13,1.81,117.93,49.86,19.93,95.49,47.38250000000001,117.93,51.03456434940279,0.0095246395134941,48.35999999999999,52.66666666666666,50.983907361798124,0.08544442189681808,30.373010300181175,70.0,69.63268280029297,59.18778038024902,Caution,Degradation Risk
/content/dacon_01/agv01_0902_2013/agv01_0902_201807.json,agv01,2024-09-02 20:18:07,2,81.0,44.0,36.0,47.3,2.01,118.74,49.93,19.98,95.58,47.665,118.74,51.34077034871993,0.0100189176203584,48.28,53.66666666666666,51.808702913514594,0.08588443035178678,30.560086868765662,70.0,70.02644348144531,59.52247695922851,Caution,Degradation Risk
/content/dacon_01/agv01_0902_2013/agv01_0902_201808.json,agv01,2024-09-02 20:18:08,2,81.0,43.0,36.0,47.52,1.79,119.92,49.93,19.9,95.65,47.885000000000005,119.92,51.96515659554968,0.0100605146747113,48.13,53.333333333333336,51.851437595594554,0.08657013491865732,30.851625033508395,70.0,70.36339569091797,59.80888633728027,Caution,Degradation Risk
/content/dacon_01/agv01_0902_2013/agv01_0902_201809.json,agv01,2024-09-02 20:18:09,2,81.0,42.0,38.0,47.6,1.86,121.13,49.85,19.99,95.65,48.2075,121.13,52.487163113152405,0.0103324239557318,48.05,53.66666666666666,52.22597144720563,0.0873558531508586,31.18568559324229,70.0,70.6583023071289,60.05955696105957,Warning,Degradation Risk
/content/dacon_01/agv01_0902_2013/agv01_0902_201810.json,agv01,2024-09-02 20:18:10,2,81.0,42.0,36.0,48.0,2.09,122.01,49.93,19.93,95.65,48.49,122.01,52.83905626207444,0.0108109320704693,47.650000000000006,53.0,52.109274513319036,0.0877834280211705,31.367475826242696,70.0,71.03959655761719,60.38365707397461,Warning,Degradation Risk
/content/dacon_01/agv01_0902_2013/agv01_0902_201811.json,agv01,2024-09-02 20:18:11,2,81.0,43.0,37.0,48.13,1.79,123.4,49.91,19.91,95.68,48.752500000000005,123.4,53.575352775320106,0.0107377750973324,47.55,53.66666666666666,52.739453335033396,0.08841401377907708,31.635579355743754,70.0,71.37178802490234,60.66601982116699,Warning,Degradation Risk
/content/dacon_01/agv01_0902_2013/agv01_0902_201812.json,agv01,2024-09-02 20:18:12,2,81.0,43.0,36.0,48.4,1.91,124.7,49.85,20.0,95.74,49.115,124.7,54.12832807320027,0.0112235718013737,47.34,53.333333333333336,52.82310083750528,0.08874557354312904,31.776547244517467,70.0,71.47366333007812,60.7526138305664,Warning,Degradation Risk
/content/dacon_01/agv01_0902_2013/agv01_0902_201813.json,agv01,2024-09-02 20:18:13,2,80.0,43.0,37.0,48.65,2.14,125.66,49.95,19.94,95.78,49.4225,125.66,54.51998800134375,0.0117372377293854,47.13,53.333333333333336,53.065577110486146,0.08910072076187732,31.92754371350687,70.0,71.5552978515625,60.82200317382812,Warning,Degradation Risk
/content/dacon_01/agv01_0902_2013/agv01_0902_201814.json,agv01,2024-09-02 20:18:14,2,81.0,43.0,37.0,48.8,1.74,127.03,49.89,19.9,95.78,49.64000000000001,127.03,55.28155870933211,0.0112947562468753,46.98,53.66666666666666,53.48251853223676,0.09036008336706128,32.46298168548448,70.0,71.80026245117188,61.03022308349609,Warning,Degradation Risk
/content/dacon_01/agv01_0902_2013/agv01_0902_201815.json,agv01,2024-09-02 20:18:15,2,81.0,42.0,36.0,49.07,1.92,128.31,49.85,19.97,95.8,50.0125,128.31,55.81506748480498,0.0115095502619379,46.73,53.0,53.341250485991154,0.09109599238416023,32.77586506796188,70.0,72.1042251586914,61.288591384887695,Warning,Degradation Risk
/content/dacon_01/agv01_0902_2013/agv01_0902_201816.json,agv01,2024-09-02 20:18:16,2,80.0,44.0,36.0,49.17,1.96,129.58,49.94,19.9,95.89,50.345000000000006,129.58,56.4102694551267,0.0117526976201018,46.72,53.333333333333336,53.756307870922186,0.09203057131088829,33.17321611135512,70.0,72.43504333496094,61.569786834716794,Warning,Degradation Risk
/content/dacon_01/agv01_0902_2013/agv01_0902_201817.json,agv01,2024-09-02 20:18:17,2,81.0,42.0,36.0,49.4,1.78,131.03,49.85,19.93,95.92,50.6475,131.03,57.13603554967157,0.0116018678962021,46.52,53.0,53.817767500465735,0.09261769761600261,33.422842165686944,70.0,72.81951904296875,61.89659118652344,Warning,Degradation Risk
/content/dacon_01/agv01_0902_2013/agv01_0902_201818.json,agv01,2024-09-02 20:18:18,2,81.0,44.0,37.0,49.53,1.99,132.25,49.91,19.96,96.01,51.0275,132.25,57.64318194721731,0.0121457050918231,46.48,54.0,54.66388580004748,0.09258643809722647,33.409551685828646,70.0,73.02432250976562,62.07067413330078,Warning,Degradation Risk
/content/dacon_01/agv01_0902_2013/agv01_0902_201819.json,agv01,2024-09-02 20:18:19,2,82.0,43.0,37.0,49.7,1.97,133.69,49.94,19.89,96.0,51.3725,133.69,58.33803126320485,0.0127152772099582,46.3,54.0,54.90060208846027,0.09316640442670446,33.656133563035986,70.0,73.13264465332031,62.16274795532227,Warning,Degradation Risk
/content/dacon_01/agv01_0902_2013/agv01_0902_201820.json,agv01,2024-09-02 20:18:20,2,81.0,44.0,37.0,50.01,1.79,135.36,49.85,19.96,95.94,51.74,135.36,59.16318506188343,0.0127238491912453,45.93,54.0,55.21103736159296,0.09444622377768089,34.200269044718354,70.0,73.34424591064453,62.34260902404785,Warning,Degradation Risk
/content/dacon_01/agv01_0902_2013/agv01_0902_201821.json,agv01,2024-09-02 20:18:21,2,82.0,44.0,38.0,50.14,2.17,136.67,49.93,19.95,95.93,52.17999999999999,136.67,59.675219871121264,0.0133727525986109,45.790000000000006,54.66666666666666,55.83190861477492,0.09605655413882452,34.88492652083801,70.0,73.6934814453125,62.639459228515626,Warning,Degradation Risk
/content/dacon_01/agv01_0902_2013/agv01_0902_201822.json,agv01,2024-09-02 20:18:22,2,82.0,43.0,37.0,50.5,1.84,137.86,49.94,19.89,96.0,52.38250000000001,137.86,60.33980354348751,0.0129954478375061,45.5,54.0,55.73351701956137,0.09646486751744773,35.05852742536018,70.0,73.95104217529297,62.85838584899902,Warning,Degradation Risk
/content/dacon_01/agv01_0902_2013/agv01_0902_201823.json,agv01,2024-09-02 20:18:23,2,82.0,43.0,37.0,50.6,1.86,138.4,49.94,19.89,96.02,52.52250000000001,138.4,60.58928198672325,0.0114337904013823,45.42,54.0,55.82360137382919,0.09677916918886692,35.192157762517354,70.0,74.209716796875,63.07825927734375,Warning,Degradation Risk
/content/dacon_01/agv01_0902_2013/agv01_0902_201824.json,agv01,2024-09-02 20:18:24,2,82.0,43.0,37.0,50.7,1.89,138.94,49.94,19.89,96.05,52.66499999999999,138.94,60.836125506697634,0.0095169180575268,45.35,54.0,55.91166414677095,0.0973324823069615,35.427407604462516,70.0,74.38079833984375,63.22367858886719,Warning,Degradation Risk
/content/dacon_01/agv01_0902_2013/agv01_0902_201825.json,agv01,2024-09-02 20:18:25,2,82.0,43.0,36.0,51.01,1.77,140.52,49.84,19.96,96.06,53.02250000000001,140.52,61.60597502136732,0.0083371017329372,45.05,53.66666666666666,56.00796242568661,0.09813769446607139,35.76975631619239,70.0,74.54702758789062,63.36497344970703,Warning,Degradation Risk
/content/dacon_01/agv01_0902_2013/agv01_0902_201826.json,agv01,2024-09-02 20:18:26,2,82.0,43.0,39.0,51.1,2.1,141.91,49.88,19.97,96.11,53.465,141.91,62.17086268234233,0.0088705372296533,45.01,54.66666666666666,56.8395528321281,0.09849151437991034,35.92018846046235,70.0,74.74356079101562,63.53202667236328,Warning,Degradation Risk
/content/dacon_01/agv01_0902_2013/agv01_0902_201827.json,agv01,2024-09-02 20:18:27,2,82.0,44.0,37.0,51.4,1.89,143.5,49.92,19.88,96.17,53.7975,143.5,62.99830387928446,0.0105801936090774,44.77,54.333333333333336,56.98410585948169,0.10003919142818347,36.578207887585656,70.0,75.00801086425781,63.75680923461914,Warning,Degradation Risk
/content/dacon_01/agv01_0902_2013/agv01_0902_201828.json,agv01,2024-09-02 20:18:28,2,82.0,43.0,37.0,51.53,1.82,145.46,49.83,19.95,96.19,54.265,145.46,63.937976456354434,0.0126997293091395,44.66,54.0,57.07316262033745,0.10111443263317726,37.03536372802331,70.0,75.41075897216797,64.09914512634278,Warning,Degradation Risk
/content/dacon_01/agv01_0902_2013/agv01_0902_201829.json,agv01,2024-09-02 20:18:29,2,81.0,43.0,37.0,51.8,2.12,146.96,49.9,19.91,96.25,54.7225,146.96,64.57539798561059,0.0143111272196645,44.45,53.66666666666666,57.19197219775094,0.1020050634030419,37.414029515965716,70.0,75.82740783691406,64.45329666137695,Warning,Degradation Risk
/content/dacon_01/agv01_0902_2013/agv01_0902_201830.json,agv01,2024-09-02 20:18:30,2,82.0,43.0,36.0,51.99,1.74,148.75,49.9,19.88,96.28,55.0675,148.75,65.53649434984044,0.0143180171541757,44.29,53.66666666666666,57.477506323613916,0.10213504220851763,37.46929206522477,70.0,76.18362426757812,64.7560806274414,Warning,Degradation Risk
/content/dacon_01/agv01_0902_2013/agv01_0902_201831.json,agv01,2024-09-02 20:18:31,2,82.0,43.0,37.0,52.1,1.9,150.61,49.84,19.94,96.29,55.572500000000005,150.61,66.37117917439768,0.0145449664549311,44.190000000000005,54.0,57.93484325149781,0.10314785038370997,37.89990351350429,70.0,76.55630493164062,65.07285919189452,Warning,Degradation Risk
/content/dacon_01/agv01_0902_2013/agv01_0902_201832.json,agv01,2024-09-02 20:18:32,2,82.0,43.0,36.0,52.28,2.07,152.26,49.92,19.9,96.3,56.0375,152.26,67.11831164692191,0.0150700531063769,44.02,53.66666666666666,57.99432255849145,0.10427616468870896,38.37962422359615,70.0,76.90676879882812,65.37075347900391,Warning,Degradation Risk
/content/dacon_01/agv01_0902_2013/agv01_0902_201833.json,agv01,2024-09-02 20:18:33,2,82.0,43.0,37.0,52.34,1.7,154.4,49.86,19.88,96.31,56.46,154.4,68.24601966415331,0.0149080137458098,43.97,54.0,58.44892289726161,0.10513284785421513,38.74385664948988,70.0,77.30337524414062,65.70786895751952,Warning,Degradation Risk
/content/dacon_01/agv01_0902_2013/agv01_0902_201834.json,agv01,2024-09-02 20:18:34,2,81.0,43.0,37.0,52.5,1.93,156.32,49.82,19.97,96.3,57.01,156.32,69.08916991830196,0.0154227264527006,43.8,53.66666666666666,58.51964886554454,0.105521560959604,38.90912418719012,70.0,77.58623504638672,65.9482997894287,Warning,Degradation Risk
/content/dacon_01/agv01_0902_2013/agv01_0902_201835.json,agv01,2024-09-02 20:18:35,2,82.0,43.0,37.0,52.75,2.08,158.11,49.92,19.87,96.32,57.495000000000005,158.11,69.92191287429142,0.0160342822426743,43.56999999999999,54.0,59.04965604164872,0.1060045235913722,39.11446340484712,70.0,77.87086486816406,66.19023513793945,Warning,Degradation Risk
/content/dacon_01/agv01_0902_2013/agv01_0902_201836.json,agv01,2024-09-02 20:18:36,2,82.0,43.0,37.0,53.0,1.73,160.28,49.85,19.86,96.45,57.92999999999999,160.28,71.060007036307,0.0157473622295658,43.45,54.0,59.42755604254623,0.10729368227692827,39.66256965265066,70.0,78.10086059570312,66.38573150634765,Warning,Degradation Risk
/content/dacon_01/agv01_0902_2013/agv01_0902_201837.json,agv01,2024-09-02 20:18:37,2,82.0,43.0,38.0,53.16,1.92,162.3,49.81,19.92,96.47,58.4875,162.3,71.97144867932006,0.0160215335386964,43.31,54.333333333333336,59.92997811405899,0.10860437705705869,40.21983231240079,70.0,78.41304779052734,66.65109062194824,Warning,Degradation Risk
/content/dacon_01/agv01_0902_2013/agv01_0902_201838.json,agv01,2024-09-02 20:18:38,2,83.0,43.0,37.0,53.24,1.91,164.46,49.9,19.86,96.49,59.0325,164.46,73.0201457932444,0.0164252994903035,43.24999999999999,54.333333333333336,60.198826870772095,0.10984959723350925,40.74925740665067,70.0,78.74915313720703,66.93678016662598,Warning,Degradation Risk
/content/dacon_01/agv01_0902_2013/agv01_0902_201839.json,agv01,2024-09-02 20:18:39,2,83.0,42.0,37.0,53.6,1.75,166.67,49.81,19.86,96.48,59.5225,166.67,74.12982997192606,0.0162836732188434,42.88,54.0,60.39247783038768,0.10991471653181759,40.77694390844077,70.0,79.02943420410156,67.17501907348633,Warning,Degradation Risk
/content/dacon_01/agv01_0902_2013/agv01_0902_201840.json,agv01,2024-09-02 20:18:40,2,82.0,43.0,37.0,53.67,2.0,168.71,49.83,19.92,96.48,60.11500000000001,168.71,75.03698310388907,0.0167687007180728,42.81,54.0,60.639761661572,0.1106975638979794,41.109783873975935,70.0,79.25650024414062,67.36802520751952,Warning,Degradation Risk
/content/dacon_01/agv01_0902_2013/agv01_0902_201841.json,agv01,2024-09-02 20:18:41,2,83.0,43.0,37.0,53.8,1.88,171.08,49.89,19.85,96.47,60.675,171.08,76.2214162817774,0.0172202272138216,42.67,54.333333333333336,61.15611378850932,0.11180066367661491,41.57878422854441,70.0,79.40567779541016,67.49482612609863,Warning,Degradation Risk
/content/dacon_01/agv01_0902_2013/agv01_0902_201842.json,agv01,2024-09-02 20:18:42,2,83.0,43.0,37.0,54.0,1.78,173.64,49.8,19.92,96.52,61.285,173.64,77.47571555009995,0.0174304523092757,42.52,54.333333333333336,61.53230528380107,0.11318028037064963,42.16535013237518,70.0,79.59911346435547,67.65924644470215,Warning,Degradation Risk
/content/dacon_01/agv01_0902_2013/agv01_0902_201843.json,agv01,2024-09-02 20:18:43,2,83.0,42.0,36.0,54.1,2.16,175.75,49.88,19.9,96.55,61.9225,175.75,78.39891256686325,0.0179684358098723,42.45,53.66666666666666,61.39425843831426,0.11457386928213742,42.75785654591007,70.0,79.76490783691406,67.80017166137695,Warning,Degradation Risk
/content/dacon_01/agv01_0902_2013/agv01_0902_201844.json,agv01,2024-09-02 20:18:44,3,84.0,43.0,37.0,54.46,1.8,178.19,49.89,19.85,96.57,62.4325,178.19,79.6799482826974,0.0180437222679614,42.10999999999999,54.66666666666666,62.455455206370665,0.11622752775323417,43.46093565470916,95.0,79.95374298095703,67.96068153381347,Warning,Degradation Risk
/content/dacon_01/agv01_0902_2013/agv01_0902_201845.json,agv01,2024-09-02 20:18:45,3,83.0,43.0,38.0,54.54,1.87,180.92,49.8,19.92,96.6,63.1275,180.92,80.97749620522153,0.0182101176201802,42.06,54.66666666666666,62.781106884191516,0.11739969786081778,43.95930235436646,95.0,80.13298034667969,68.11303329467773,Warning,Degradation Risk
/content/dacon_01/agv01_0902_2013/agv01_0902_201846.json,agv01,2024-09-02 20:18:46,3,83.0,43.0,37.0,54.7,2.12,183.31,49.89,19.87,96.64,63.7975,183.31,82.07800248341005,0.0186168788993389,41.94,54.333333333333336,62.91126987184415,0.11875357656607591,44.534925344332244,95.0,80.2779312133789,68.23624153137207,Warning,Degradation Risk
/content/dacon_01/agv01_0902_2013/agv01_0902_201847.json,agv01,2024-09-02 20:18:47,3,83.0,43.0,37.0,54.9,1.71,186.17,49.85,19.86,96.7,64.3975,186.17,83.5732873490886,0.0186302337978632,41.8,54.333333333333336,63.31769012769498,0.12062495231137955,45.3305704029904,95.0,80.3922119140625,68.33338012695312,Warning,Degradation Risk
/content/dacon_01/agv01_0902_2013/agv01_0902_201848.json,agv01,2024-09-02 20:18:48,3,83.0,44.0,37.0,55.0,1.89,188.92,49.8,19.92,96.66,65.1325,188.92,84.85716366341735,0.0190638061233012,41.66,54.66666666666666,63.84836939617815,0.12193282103114901,45.88663151838617,95.0,80.50060272216797,68.42551231384277,Warning,Degradation Risk
/content/dacon_01/agv01_0902_2013/agv01_0902_201849.json,agv01,2024-09-02 20:18:49,3,83.0,44.0,36.0,55.2,2.1,191.48,49.86,19.83,96.69,65.8175,191.48,86.06291434177673,0.0196295617705101,41.49,54.333333333333336,64.01551738891851,0.1237701088103283,46.66778353796619,95.0,80.59759521484375,68.50795593261718,Warning,Degradation Risk
/content/dacon_01/agv01_0902_2013/agv01_0902_201850.json,agv01,2024-09-02 20:18:50,3,83.0,44.0,37.0,55.27,1.76,194.43,49.81,19.83,96.76,66.4575,194.43,87.58612956208687,0.019348000369436,41.49,54.66666666666666,64.57141210630533,0.12465614841965801,47.04449732123915,95.0,80.6722412109375,68.57140502929687,Warning,Degradation Risk
/content/dacon_01/agv01_0902_2013/agv01_0902_201851.json,agv01,2024-09-02 20:18:51,3,83.0,44.0,37.0,55.5,1.97,197.3,49.81,19.92,96.88,67.25,197.3,88.91712133591972,0.0197080352108083,41.38,54.66666666666666,65.01528435722926,0.1263396709322311,47.76027360060478,95.0,80.74468994140625,68.6329864501953,Warning,Degradation Risk
/content/dacon_01/agv01_0902_2013/agv01_0902_201852.json,agv01,2024-09-02 20:18:52,3,82.0,44.0,37.0,55.72,1.91,200.29,49.87,19.82,96.89,67.9725,200.29,90.403795043866,0.0200947858619066,41.17,54.333333333333336,65.22800763537234,0.12743891505058505,48.2276346600939,95.0,80.80288696289062,68.68245391845703,Warning,Degradation Risk
/content/dacon_01/agv01_0902_2013/agv01_0902_201853.json,agv01,2024-09-02 20:18:53,3,84.0,44.0,35.0,55.9,1.7,202.34,49.87,19.82,96.92,68.4325,202.34,91.45524711573417,0.0190342473106213,41.02,54.333333333333336,65.52022795457985,0.12910948480019063,48.93790386698789,95.0,80.85110473632812,68.7234390258789,Warning,Degradation Risk
/content/dacon_01/agv01_0902_2013/agv01_0902_201854.json,agv01,2024-09-02 20:18:54,3,83.0,45.0,38.0,56.2,2.1,202.99,49.87,19.82,97.02,68.69500000000001,202.99,91.67549163580564,0.0168778710966835,40.81999999999999,55.333333333333336,66.36287269899378,0.13035902039280625,49.469163728817925,95.0,80.88656616210938,68.75358123779297,Warning,Degradation Risk
/content/dacon_01/agv01_0902_2013/agv01_0902_201855.json,agv01,2024-09-02 20:18:55,3,83.0,44.0,37.0,56.23,1.7,205.28,49.83,19.83,97.04,69.16,205.28,92.89170002391674,0.0146452539800711,40.81000000000001,54.66666666666666,66.16715301669626,0.1318623714484571,50.10833725762897,95.0,80.91758728027344,68.77994918823242,Warning,Degradation Risk
/content/dacon_01/agv01_0902_2013/agv01_0902_201856.json,agv01,2024-09-02 20:18:56,3,83.0,43.0,37.0,56.5,1.93,208.5,49.78,19.92,97.04,70.03250000000001,208.5,94.39743194776716,0.0140119744598847,40.540000000000006,54.333333333333336,66.41222550450168,0.13415703216687078,51.083948631499034,95.0,80.94026947021484,68.79922904968261,Warning,Degradation Risk
/content/dacon_01/agv01_0902_2013/agv01_0902_201857.json,agv01,2024-09-02 20:18:57,3,83.0,44.0,38.0,56.54,1.99,211.44,49.86,19.82,97.07,70.7775,211.44,95.8329582746284,0.0152038623837993,40.53,55.0,67.16885135916209,0.13609026437208904,51.90589294448955,95.0,80.96229553222656,68.81795120239258,Warning,Degradation Risk
/content/dacon_01/agv01_0902_2013/agv01_0902_201858.json,agv01,2024-09-02 20:18:58,3,83.0,44.0,37.0,56.6,1.76,214.88,49.78,19.84,97.14,71.56499999999998,214.88,97.57388499661847,0.0176948020725773,40.54,54.66666666666666,67.3892949035612,0.13715096180695524,52.35686527054464,95.0,80.98162078857422,68.83437767028808,Warning,Degradation Risk
/content/dacon_01/agv01_0902_2013/agv01_0902_201859.json,agv01,2024-09-02 20:18:59,3,83.0,44.0,37.0,56.8,1.98,218.28,49.78,19.87,97.06,72.47749999999999,218.28,99.18163821158296,0.0204511552500984,40.260000000000005,54.66666666666666,67.84838292781166,0.13934036707368197,53.28772562087401,95.0,80.99834442138672,68.84859275817871,Warning,Degradation Risk
/content/dacon_01/agv01_0902_2013/agv01_0902_201900.json,agv01,2024-09-02 20:19:00,3,82.0,44.0,37.0,56.9,1.91,221.72,49.85,19.8,97.11,73.32000000000001,221.72,100.89132668371448,0.021715183946701,40.21,54.333333333333336,68.067440004646,0.14077057136634863,53.89579964405596,95.0,81.0140151977539,68.86191291809082,Warning,Degradation Risk
/content/dacon_01/agv01_0902_2013/agv01_0902_201901.json,agv01,2024-09-02 20:19:01,3,83.0,43.0,37.0,57.0,1.78,225.6,49.76,19.87,97.12,74.2525,225.6,102.81969311210116,0.0219990108433625,40.120000000000005,54.333333333333336,68.51494821816729,0.14280578437491698,54.76110271194491,95.0,81.02293395996094,68.86949386596679,Warning,Degradation Risk
/content/dacon_01/agv01_0902_2013/agv01_0902_201902.json,agv01,2024-09-02 20:19:02,3,84.0,44.0,36.0,57.1,2.1,228.9,49.78,19.88,97.24,75.16499999999999,228.9,104.36118994466604,0.0226131154559649,40.13999999999999,54.66666666666666,69.14705861116684,0.14440440644923616,55.44078222434958,95.0,81.03305053710938,68.87809295654297,Warning,Degradation Risk
/content/dacon_01/agv01_0902_2013/agv01_0902_201903.json,agv01,2024-09-02 20:19:03,3,84.0,45.0,38.0,57.4,1.88,232.51,49.83,19.79,97.25,76.0025,232.51,106.19728099940538,0.022588255482447,39.85,55.66666666666666,70.29090624343482,0.14680246676003125,56.460355573761966,95.0,81.03936767578125,69.21217501037057,Warning,Degradation Risk
/content/dacon_01/agv01_0902_2013/agv01_0902_201904.json,agv01,2024-09-02 20:19:04,3,85.0,44.0,37.0,57.51,1.82,236.62,49.74,19.86,97.26,77.01,236.62,108.22609605204592,0.0226322346399437,39.75000000000001,55.333333333333336,70.55509757814143,0.14914045590396402,57.45438871447936,95.0,81.04249572753906,69.64043882814887,Warning,Degradation Risk
/content/dacon_01/agv01_0902_2013/agv01_0902_201905.json,agv01,2024-09-02 20:19:05,3,85.0,44.0,38.0,57.6,2.17,240.4,49.81,19.82,97.31,78.05,240.4,110.00534441562375,0.0231657485800856,39.71,55.66666666666666,71.21005450673998,0.15116804619277985,58.3164508622485,95.0,81.0491943359375,70.1409921713871,Warning,Degradation Risk
/content/dacon_01/agv01_0902_2013/agv01_0902_201906.json,agv01,2024-09-02 20:19:06,3,84.0,45.0,38.0,57.8,1.7,244.32,49.8,19.78,97.26,78.9,244.32,112.04999003421048,0.0229812115879005,39.46000000000001,55.66666666666666,71.69018631308967,0.15442449820438153,59.70098304841718,95.0,81.05004119873047,70.76991438042857,Warning,Degradation Risk
/content/dacon_01/agv01_0902_2013/agv01_0902_201907.json,agv01,2024-09-02 20:19:07,3,84.0,44.0,37.0,57.87,1.87,248.45,49.75,19.86,97.32,79.9825,248.45,114.03446887527764,0.0233333597561069,39.45,55.0,71.74534221233422,0.15676621943313088,60.69660294414635,95.0,81.05430603027344,71.13642080474719,Warning,Degradation Risk
/content/dacon_01/agv01_0902_2013/agv01_0902_201908.json,agv01,2024-09-02 20:19:08,3,84.0,44.0,38.0,58.1,2.11,252.51,49.82,19.8,97.27,81.06,252.51,115.98409402442503,0.0238806009859107,39.17,55.333333333333336,72.4730574212371,0.1596009195874344,61.90182064358978,95.0,81.05404663085938,71.77647077242833,Warning,Degradation Risk
/content/dacon_01/agv01_0902_2013/agv01_0902_201909.json,agv01,2024-09-02 20:19:09,3,84.0,44.0,36.0,58.16,1.74,257.05,49.78,19.77,97.32,82.08500000000001,257.05,118.31433063383884,0.0238684670101961,39.16,54.66666666666666,72.55664588216908,0.16266297901842824,63.20370374306991,95.0,81.05754852294922,72.25843205775742,Warning,Degradation Risk
/content/dacon_01/agv01_0902_2013/agv01_0902_201910.json,agv01,2024-09-02 20:19:10,3,84.0,44.0,37.0,58.2,1.94,261.35,49.71,19.86,97.38,83.215,261.35,120.3801546490672,0.0242093217924824,39.17999999999999,55.0,73.23833537833059,0.1652777605166201,64.31541954024647,95.0,81.06060028076172,72.85310755085204,Warning,Degradation Risk
/content/dacon_01/agv01_0902_2013/agv01_0902_201911.json,agv01,2024-09-02 20:19:11,3,84.0,44.0,38.0,58.51,2.09,265.53,49.81,19.77,97.39,84.29999999999998,265.53,122.41524687173025,0.0247145744267346,38.88,55.333333333333336,74.03499206895985,0.169009498603186,65.90202713427662,95.0,81.0589370727539,73.64683509314864,Warning,Degradation Risk
/content/dacon_01/agv01_0902_2013/agv01_0902_201912.json,agv01,2024-09-02 20:19:12,3,84.0,44.0,37.0,58.61,1.73,270.44,49.73,19.75,97.44,85.41250000000001,270.44,124.93030226890512,0.0245701138582842,38.83,55.0,74.38281941990661,0.1726451854632502,67.44779702698679,95.0,81.0587158203125,74.29212532252674,Warning,Degradation Risk
/content/dacon_01/agv01_0902_2013/agv01_0902_201913.json,agv01,2024-09-02 20:19:13,3,84.0,44.0,36.0,58.7,1.85,273.53,49.7,19.85,97.45,86.2325,273.53,126.41468753669407,0.0235998915156111,38.75,54.66666666666666,74.52072754454655,0.17524863802130666,68.5546961457057,95.0,81.06246948242188,74.72222623320862,Warning,Degradation Risk
/content/dacon_01/agv01_0903_1018/agv01_0903_101857.json,agv01,2024-09-03 10:18:57,0,42.0,22.0,18.0,24.4,1.78,74.89,49.96,19.96,40.29,36.6475,74.89,32.32092549726879,0.2553870842125678,15.89,27.33333333333333,7.358938621352947,0.027720573718139886,5.830801347565636,10.0,9.935455322265625,8.445137023925781,Normal,Degradation Risk
/content/dacon_01/agv01_0903_1018/agv01_0903_101858.json,agv01,2024-09-03 10:18:58,0,40.0,21.0,18.0,24.4,1.92,74.88,49.97,19.96,40.37,36.6825,74.88,32.268044435116714,0.3617908346067455,15.97,26.33333333333333,8.179937335213966,0.027720573718139886,5.830801347565636,10.0,9.935455322265625,8.445137023925781,Normal,Degradation Risk
/content/dacon_01/agv01_0903_1018/agv01_0903_101859.json,agv01,2024-09-03 10:18:59,0,41.0,22.0,17.0,24.4,1.84,75.0,50.03,19.97,40.57,36.71,75.0,32.35063626370688,0.436830300307734,16.17,26.666666666666668,9.460080723220083,0.027720573718139886,5.830801347565636,10.0,9.935455322265625,8.445137023925781,Normal,Degradation Risk
/content/dacon_01/agv01_0903_1018/agv01_0903_101900.json,agv01,2024-09-03 10:19:00,0,40.0,22.0,17.0,24.4,1.85,75.04,49.95,19.98,40.52,36.705,75.04,32.35016177187785,0.4781906138779698,16.120000000000005,26.33333333333333,9.796042802706108,0.027720573718139886,5.830801347565636,10.0,9.935455322265625,8.457002675252774,Normal,Degradation Risk
/content/dacon_01/agv01_0903_1018/agv01_0903_101901.json,agv01,2024-09-03 10:19:01,0,40.0,22.0,18.0,24.4,2.09,74.83,50.04,20.01,40.46,36.7425,74.83,32.188266366281155,0.4498577103851693,16.060000000000002,26.666666666666668,9.587393746034689,0.027720573718139886,5.830801347565636,10.0,9.935455322265625,8.445137023925781,Normal,Degradation Risk
/content/dacon_01/agv01_0903_1018/agv01_0903_101902.json,agv01,2024-09-03 10:19:02,0,40.0,23.0,20.0,24.4,1.76,75.04,50.02,19.99,40.43,36.70250000000001,75.04,32.390356975495045,0.0008602578127263,16.03,27.666666666666668,4.211643566412874,0.027720573718139886,5.830801347565636,10.0,9.935455322265625,8.445137023925781,Normal,Degradation Risk
/content/dacon_01/agv01_0903_1018/agv01_0903_101903.json,agv01,2024-09-03 10:19:03,0,40.0,22.0,17.0,24.46,1.89,75.04,49.97,20.05,40.32,36.7375,75.04,32.326467355197764,0.0006191293664218,15.86,26.33333333333333,3.3757620500970167,0.027720573718139886,5.830801347565636,10.0,9.935455322265625,8.445137023925781,Normal,Degradation Risk
/content/dacon_01/agv01_0903_1018/agv01_0903_101904.json,agv01,2024-09-03 10:19:04,0,40.0,22.0,18.0,24.5,2.09,74.84,50.05,19.98,40.25,36.74,74.84,32.19878983233169,0.0005156234361639,15.75,26.666666666666668,3.563988943460723,0.027720573718139886,5.830801347565636,10.0,9.935455322265625,8.445137023925781,Normal,Degradation Risk
/content/dacon_01/agv01_0903_1018/agv01_0903_101905.json,agv01,2024-09-03 10:19:05,0,40.0,21.0,18.0,24.66,1.72,75.06,49.99,19.98,40.21,36.6875,75.06,32.41024465093304,0.0006439880673205,15.55,26.33333333333333,3.450598280010359,0.027720573718139886,5.830801347565636,10.0,9.935455322265625,8.445137023925781,Normal,Degradation Risk
/content/dacon_01/agv01_0903_1018/agv01_0903_101906.json,agv01,2024-09-03 10:19:06,0,41.0,22.0,18.0,24.74,2.03,75.01,50.01,20.05,40.15,36.775000000000006,75.01,32.2698058046011,0.0008519174783096,15.41,27.0,3.8896485441497592,0.027720573718139886,5.830801347565636,10.0,9.935455322265625,8.445137023925781,Normal,Degradation Risk
/content/dacon_01/agv01_0903_1018/agv01_0903_101907.json,agv01,2024-09-03 10:19:07,0,40.0,22.0,18.0,25.1,1.99,74.93,50.05,19.97,40.17,36.735,74.93,32.271904705693046,0.0008407247555748,15.07,26.666666666666668,3.863265443144503,0.027720573718139886,5.830801347565636,10.0,9.935455322265625,8.445137023925781,Normal,Degradation Risk
/content/dacon_01/agv01_0903_1018/agv01_0903_101908.json,agv01,2024-09-03 10:19:08,0,40.0,22.0,18.0,25.19,1.77,75.1,49.96,20.01,40.36,36.71,75.1,32.39880759122676,0.0008083909241661,15.169999999999998,26.666666666666668,3.9780550643411936,0.027720573718139886,5.830801347565636,10.0,9.935455322265625,8.445137023925781,Normal,Degradation Risk
/content/dacon_01/agv01_0903_1018/agv01_0903_101909.json,agv01,2024-09-03 10:19:09,0,41.0,22.0,18.0,25.3,2.11,74.92,50.02,20.02,40.42,36.767500000000005,74.92,32.21212543437642,0.0009076060778967,15.12,27.0,4.242480091347951,0.027720573718139886,5.830801347565636,10.0,9.935455322265625,8.445137023925781,Normal,Degradation Risk
/content/dacon_01/agv01_0903_1018/agv01_0903_101910.json,agv01,2024-09-03 10:19:10,0,39.0,22.0,17.0,25.37,1.92,74.93,50.05,19.95,40.4,36.7125,74.93,32.300493675277885,0.0009398956658735,15.029999999999998,26.0,3.6493515659800573,0.027720573718139886,5.830801347565636,10.0,9.935455322265625,8.445137023925781,Normal,Degradation Risk
/content/dacon_01/agv01_0903_1018/agv01_0903_101911.json,agv01,2024-09-03 10:19:11,0,41.0,22.0,17.0,25.4,1.79,75.09,49.95,20.02,40.25,36.712500000000006,75.09,32.384587254844966,0.0007976194177651,14.85,26.666666666666668,4.054530646899705,0.027720573718139886,5.830801347565636,10.0,9.935455322265625,8.445137023925781,Normal,Degradation Risk
/content/dacon_01/agv01_0903_1018/agv01_0903_101912.json,agv01,2024-09-03 10:19:12,0,40.0,22.0,18.0,25.3,2.17,74.86,50.03,19.99,40.18,36.7625,74.86,32.17350812392083,0.0007133663881093,14.88,26.666666666666668,3.9598558288674983,0.027720573718139886,5.830801347565636,10.0,9.935455322265625,8.445137023925781,Normal,Degradation Risk
/content/dacon_01/agv01_0903_1018/agv01_0903_101913.json,agv01,2024-09-03 10:19:13,0,40.0,22.0,19.0,25.3,1.78,74.97,50.04,19.95,40.35,36.685,74.97,32.36518963330819,0.0008906971940639,15.05,27.0,4.22812336882038,0.027720573718139886,5.830801347565636,10.0,9.935455322265625,8.445137023925781,Normal,Degradation Risk
/content/dacon_01/agv01_0903_1018/agv01_0903_101914.json,agv01,2024-09-03 10:19:14,0,39.0,22.0,18.0,25.3,1.89,75.14,49.95,20.03,40.38,36.7525,75.14,32.36670138171843,0.0009094831208519,15.080000000000002,26.33333333333333,3.8369896608837193,0.027720573718139886,5.830801347565636,10.0,9.935455322265625,8.445137023925781,Normal,Degradation Risk
/content/dacon_01/agv01_0903_1018/agv01_0903_101915.json,agv01,2024-09-03 10:19:15,0,41.0,22.0,18.0,25.3,2.13,74.87,50.04,19.99,40.41,36.7575,74.87,32.193168400557695,0.0008570775151437,15.109999999999996,27.0,4.2340457677069665,0.027720573718139886,5.830801347565636,10.0,9.935455322265625,8.445137023925781,Normal,Degradation Risk
/content/dacon_01/agv01_0903_1018/agv01_0903_101916.json,agv01,2024-09-03 10:19:16,0,40.0,22.0,19.0,25.3,1.78,75.01,50.01,19.95,40.45,36.6875,75.01,32.376846022016,0.0009720129146077,15.150000000000002,27.0,4.260589523708433,0.027720573718139886,5.830801347565636,10.0,9.935455322265625,8.445137023925781,Normal,Degradation Risk
/content/dacon_01/agv01_0903_1018/agv01_0903_101917.json,agv01,2024-09-03 10:19:17,0,40.0,22.0,19.0,25.3,1.91,75.1,49.95,20.04,40.56,36.75,75.1,32.341986127426786,0.0009825131654824,15.260000000000002,27.0,4.2998647848432725,0.027720573718139886,5.830801347565636,10.0,9.935455322265625,8.445137023925781,Normal,Degradation Risk
/content/dacon_01/agv01_0903_1018/agv01_0903_101918.json,agv01,2024-09-03 10:19:18,0,40.0,23.0,17.0,25.28,2.04,74.86,50.05,19.97,40.65,36.73,74.86,32.22635050182795,0.000898330382236,15.369999999999996,26.666666666666668,4.080665068664455,0.027720573718139886,5.830801347565636,10.0,9.935455322265625,8.445137023925781,Normal,Degradation Risk
/content/dacon_01/agv01_0903_1018/agv01_0903_101919.json,agv01,2024-09-03 10:19:19,0,40.0,22.0,17.0,25.2,1.77,75.02,49.98,19.95,40.71,36.67999999999999,75.02,32.38027485985874,0.0009340896979941,15.510000000000002,26.33333333333333,3.864259479248133,0.027720573718139886,5.830801347565636,10.0,9.935455322265625,8.445137023925781,Normal,Degradation Risk
/content/dacon_01/agv01_0903_1018/agv01_0903_101920.json,agv01,2024-09-03 10:19:20,0,40.0,23.0,18.0,25.14,2.0,74.97,50.02,20.05,40.83,36.760000000000005,74.97,32.26615047796478,0.0009683980252729,15.689999999999998,27.0,4.278418675550183,0.027720573718139886,5.830801347565636,10.0,9.935455322265625,8.445137023925781,Normal,Degradation Risk
/content/dacon_01/agv01_0903_1018/agv01_0903_101921.json,agv01,2024-09-03 10:19:21,0,40.0,23.0,18.0,25.1,1.97,74.96,50.05,19.95,40.88,36.7325,74.96,32.294381735321494,0.0008903906898222,15.78,27.0,4.269531377244238,0.027720573718139886,5.830801347565636,10.0,9.935455322265625,8.445137023925781,Normal,Degradation Risk
/content/dacon_01/agv01_0903_1018/agv01_0903_101922.json,agv01,2024-09-03 10:19:22,0,40.0,22.0,16.0,25.1,1.79,75.11,49.95,20.02,41.02,36.7175,75.11,32.39248819814043,0.000764862105934,15.920000000000002,26.0,3.696218586312821,0.027720573718139886,5.830801347565636,10.0,9.935455322265625,8.445137023925781,Normal,Degradation Risk
/content/dacon_01/agv01_0903_1018/agv01_0903_101923.json,agv01,2024-09-03 10:19:23,0,41.0,22.0,18.0,25.09,2.02,74.93,50.04,20.03,41.07,36.755,74.93,32.24938087261005,0.0007875264666747,15.98,27.0,4.311994776612937,0.027720573718139886,5.830801347565636,10.0,9.935455322265625,8.445137023925781,Normal,Degradation Risk
/content/dacon_01/agv01_0903_1018/agv01_0903_101924.json,agv01,2024-09-03 10:19:24,0,40.0,22.0,18.0,25.0,1.86,74.97,50.04,19.95,41.2,36.705,74.97,32.33644229039428,0.0008315006930565,16.200000000000003,26.666666666666668,4.097669716894933,0.027720573718139886,5.830801347565636,10.0,9.935455322265625,8.445137023925781,Normal,Degradation Risk
/content/dacon_01/agv01_0903_1018/agv01_0903_101925.json,agv01,2024-09-03 10:19:25,0,40.0,22.0,19.0,25.0,1.84,75.09,49.95,20.04,41.18,36.73,75.09,32.3631796954502,0.0005769569633732,16.18,27.0,4.3091736935881455,0.027720573718139886,5.830801347565636,10.0,9.935455322265625,8.445137023925781,Normal,Degradation Risk
/content/dacon_01/agv01_0903_1018/agv01_0903_101926.json,agv01,2024-09-03 10:19:26,0,40.0,21.0,17.0,25.0,2.2,74.88,50.05,20.0,41.2,36.7825,74.88,32.17166286760239,0.0007570719964405,16.200000000000003,26.0,3.670967324746111,0.027720573718139886,5.830801347565636,10.0,9.935455322265625,8.445137023925781,Normal,Degradation Risk
/content/dacon_01/agv01_0903_1018/agv01_0903_101927.json,agv01,2024-09-03 10:19:27,0,40.0,22.0,18.0,25.0,1.76,74.97,50.05,19.95,41.23,36.6825,74.97,32.37375621806445,0.0009748026262317,16.229999999999997,26.666666666666668,4.107796961062928,0.027720573718139886,5.830801347565636,10.0,9.935455322265625,8.445137023925781,Normal,Degradation Risk
/content/dacon_01/agv01_0903_1018/agv01_0903_101928.json,agv01,2024-09-03 10:19:28,0,40.0,22.0,18.0,25.0,2.2,74.9,50.05,20.05,41.31,36.8,74.9,32.17087191855391,0.0012307729797119,16.310000000000002,26.666666666666668,4.126082886665278,0.027720573718139886,5.830801347565636,10.0,9.935455322265625,8.445137023925781,Normal,Degradation Risk
/content/dacon_01/agv01_0903_1018/agv01_0903_101929.json,agv01,2024-09-03 10:19:29,0,41.0,21.0,18.0,25.0,1.98,74.92,50.05,19.96,41.4,36.7275,74.92,32.27328035697642,0.001227473183451,16.4,26.666666666666668,4.152671131099498,0.027720573718139886,5.830801347565636,10.0,9.935455322265625,8.445137023925781,Normal,Degradation Risk
/content/dacon_01/agv01_0903_1018/agv01_0903_101930.json,agv01,2024-09-03 10:19:30,0,41.0,22.0,18.0,24.98,1.74,75.08,49.96,19.95,41.56,36.6825,75.08,32.41200844851591,0.001337560492038,16.580000000000002,27.0,4.412064621391228,0.027720573718139886,5.830801347565636,10.0,9.935455322265625,8.445137023925781,Normal,Degradation Risk
/content/dacon_01/agv01_0903_1018/agv01_0903_101931.json,agv01,2024-09-03 10:19:31,0,41.0,21.0,17.0,24.9,2.06,74.98,49.97,20.05,41.51,36.765,74.98,32.241725036563004,0.0013771486813442,16.61,26.33333333333333,3.931168938486216,0.027720573718139886,5.830801347565636,10.0,9.935455322265625,8.445137023925781,Normal,Degradation Risk
/content/dacon_01/agv01_0903_1018/agv01_0903_101932.json,agv01,2024-09-03 10:19:32,0,41.0,22.0,17.0,25.01,1.92,74.96,50.04,19.95,41.71,36.7175,74.96,32.31095209058377,0.0012651208360133,16.7,26.666666666666668,4.2471374798695125,0.027720573718139886,5.830801347565636,10.0,9.935455322265625,8.445137023925781,Normal,Degradation Risk
/content/dacon_01/agv01_0903_1018/agv01_0903_101933.json,agv01,2024-09-03 10:19:33,0,40.0,21.0,17.0,25.1,1.82,75.11,49.95,20.04,41.72,36.73,75.11,32.37826946168268,0.0011052112338801,16.619999999999997,26.0,3.892295509260032,0.027720573718139886,5.830801347565636,10.0,9.935455322265625,8.445137023925781,Normal,Degradation Risk
/content/dacon_01/agv01_0903_1018/agv01_0903_101934.json,agv01,2024-09-03 10:19:34,0,41.0,22.0,19.0,25.01,2.13,74.9,49.99,19.99,41.82,36.752500000000005,74.9,32.19814733283061,0.0007839887706198,16.81,27.33333333333333,4.681429967512809,0.027720573718139886,5.830801347565636,10.0,9.935455322265625,8.445137023925781,Normal,Degradation Risk
/content/dacon_01/agv01_0903_1018/agv01_0903_101935.json,agv01,2024-09-03 10:19:35,0,41.0,23.0,19.0,25.0,1.76,74.97,50.04,19.95,41.87,36.68,74.97,32.37238020288282,0.0009577351996209,16.869999999999997,27.666666666666668,4.907670968212941,0.027720573718139886,5.830801347565636,10.0,9.935455322265625,8.445137023925781,Normal,Degradation Risk
/content/dacon_01/agv01_0903_1018/agv01_0903_101936.json,agv01,2024-09-03 10:19:36,0,41.0,23.0,19.0,25.0,1.9,75.11,49.96,20.04,41.9,36.7525,75.11,32.35089012170557,0.0008472347114119,16.9,27.666666666666668,4.928459377793722,0.027720573718139886,5.830801347565636,10.0,9.935455322265625,8.445137023925781,Normal,Degradation Risk
/content/dacon_01/agv01_0903_1018/agv01_0903_101937.json,agv01,2024-09-03 10:19:37,0,41.0,22.0,20.0,24.96,2.08,74.84,50.01,19.98,41.91,36.7275,74.84,32.19687083656837,0.0007314536465497,16.949999999999996,27.666666666666668,4.882009962993403,0.027720573718139886,5.830801347565636,10.0,9.935455322265625,8.445137023925781,Normal,Degradation Risk
/content/dacon_01/agv01_0903_1018/agv01_0903_101938.json,agv01,2024-09-03 10:19:38,0,41.0,22.0,18.0,24.9,1.7,74.98,50.01,19.96,42.04,36.6625,74.98,32.39205908346468,0.0010289990048652,17.14,27.0,4.488179513607406,0.027720573718139886,5.830801347565636,10.0,9.935455322265625,8.445137023925781,Normal,Degradation Risk
/content/dacon_01/agv01_0903_1018/agv01_0903_101939.json,agv01,2024-09-03 10:19:39,0,40.0,22.0,18.0,24.82,1.96,75.05,49.98,20.05,42.19,36.76,75.05,32.30663812077429,0.0011318185000741,17.369999999999997,26.666666666666668,4.28825702842793,0.027720573718139886,5.830801347565636,10.0,9.935455322265625,8.445137023925781,Normal,Degradation Risk
/content/dacon_01/agv01_0903_1018/agv01_0903_101940.json,agv01,2024-09-03 10:19:40,0,42.0,22.0,18.0,24.8,2.13,74.87,50.05,19.97,42.22,36.755,74.87,32.198018054946594,0.0011419291627871,17.419999999999998,27.33333333333333,4.684930271229878,0.027720573718139886,5.830801347565636,10.0,9.935455322265625,8.445137023925781,Normal,Degradation Risk
/content/dacon_01/agv01_0903_1018/agv01_0903_101941.json,agv01,2024-09-03 10:19:41,0,41.0,23.0,18.0,24.7,1.77,75.06,50.01,19.99,42.28,36.7075,75.06,32.39328364028568,0.0010232997326894,17.580000000000002,27.33333333333333,4.667544129376349,0.027720573718139886,5.830801347565636,10.0,9.935455322265625,8.445137023925781,Normal,Degradation Risk
/content/dacon_01/agv01_0903_1018/agv01_0903_101942.json,agv01,2024-09-03 10:19:42,0,41.0,23.0,19.0,24.7,2.0,75.0,49.99,20.05,42.26,36.760000000000005,75.0,32.27389140879461,0.0010533837617169,17.56,27.666666666666668,4.864782524541107,0.027720573718139886,5.830801347565636,10.0,9.935455322265625,8.445137023925781,Normal,Degradation Risk
/content/dacon_01/agv01_0903_1018/agv01_0903_101943.json,agv01,2024-09-03 10:19:43,0,42.0,24.0,19.0,24.7,1.94,74.88,50.05,19.95,42.29,36.705,74.88,32.27359550261896,0.0010866205545455,17.59,28.33333333333333,5.2780504586215,0.027720573718139886,5.830801347565636,10.0,9.935455322265625,8.445137023925781,Normal,Degradation Risk
/content/dacon_01/agv01_0903_1018/agv01_0903_101944.json,agv01,2024-09-03 10:19:44,0,41.0,23.0,18.0,24.63,1.77,75.14,49.98,20.03,42.43,36.73,75.14,32.41389722531577,0.0007016359268496,17.8,27.33333333333333,4.676403513054378,0.027720573718139886,5.830801347565636,10.0,9.935455322265625,8.445137023925781,Normal,Degradation Risk
/content/dacon_01/agv01_0903_1018/agv01_0903_101945.json,agv01,2024-09-03 10:19:45,0,41.0,23.0,18.0,24.6,2.04,74.9,49.99,19.99,42.45,36.73,74.9,32.23042144723936,0.000626391715705,17.85,27.33333333333333,4.641375481511688,0.027720573718139886,5.830801347565636,10.0,9.935455322265625,8.445137023925781,Normal,Degradation Risk
/content/dacon_01/agv01_0903_1018/agv01_0903_101946.json,agv01,2024-09-03 10:19:46,0,41.0,22.0,18.0,24.6,1.83,74.89,50.04,19.95,42.77,36.6775,74.89,32.31567769674651,0.0007674902498288,18.17,27.0,4.521478927875278,0.027720573718139886,5.830801347565636,10.0,9.935455322265625,8.445137023925781,Normal,Degradation Risk
/content/dacon_01/agv01_0903_1018/agv01_0903_101947.json,agv01,2024-09-03 10:19:47,0,41.0,23.0,18.0,24.6,1.83,75.14,49.95,19.99,43.09,36.7275,75.14,32.395133765222624,0.0007576957471543,18.49,27.33333333333333,4.842340342688022,0.027720573718139886,5.830801347565636,10.0,9.935455322265625,8.445137023925781,Normal,Degradation Risk
/content/dacon_01/agv01_0903_1018/agv01_0903_101948.json,agv01,2024-09-03 10:19:48,0,41.0,23.0,19.0,24.6,2.09,74.89,50.01,20.02,43.41,36.752500000000005,74.89,32.20608469942702,0.0007041361462347,18.809999999999995,27.666666666666668,5.11239966257298,0.027720573718139886,5.830801347565636,10.0,9.935455322265625,8.445137023925781,Normal,Degradation Risk
/content/dacon_01/agv01_0903_1018/agv01_0903_101949.json,agv01,2024-09-03 10:19:49,0,42.0,22.0,19.0,24.6,1.74,74.96,50.01,19.95,43.52,36.66499999999999,74.96,32.37150444449562,0.0009363905595882,18.92,27.666666666666668,5.152636343808695,0.027720573718139886,5.830801347565636,10.0,9.935455322265625,8.445137023925781,Normal,Degradation Risk
/content/dacon_01/agv01_0903_1018/agv01_0903_101950.json,agv01,2024-09-03 10:19:50,0,42.0,22.0,19.0,24.6,1.89,75.1,49.98,19.99,43.6,36.74,75.1,32.361871598121965,0.0009681581875302,19.0,27.666666666666668,5.1890101073867685,0.027720573718139886,5.830801347565636,10.0,9.935455322265625,8.445137023925781,Normal,Degradation Risk
/content/dacon_01/agv01_0903_1018/agv01_0903_101951.json,agv01,2024-09-03 10:19:51,0,42.0,23.0,20.0,24.51,2.06,74.84,50.05,19.99,43.67,36.735,74.84,32.20781944393835,0.0009808232244056,19.16,28.33333333333333,5.55272028327787,0.027720573718139886,5.830801347565636,10.0,9.935455322265625,8.445137023925781,Normal,Degradation Risk
/content/dacon_01/agv01_0903_1018/agv01_0903_101952.json,agv01,2024-09-03 10:19:52,0,41.0,23.0,19.0,24.48,1.73,75.06,49.99,19.98,43.73,36.69,75.06,32.40664849481765,0.000915157965801,19.25,27.666666666666668,5.158296447122987,0.027720573718139886,5.830801347565636,10.0,9.935455322265625,8.445137023925781,Normal,Degradation Risk
/content/dacon_01/agv01_0903_1018/agv01_0903_101953.json,agv01,2024-09-03 10:19:53,0,43.0,23.0,19.0,24.4,1.98,75.01,50.0,20.05,43.92,36.760000000000005,75.01,32.28638825676646,0.00102769714225,19.520000000000003,28.33333333333333,5.582396231791979,0.027720573718139886,5.830801347565636,10.0,9.935455322265625,8.445137023925781,Normal,Degradation Risk
/content/dacon_01/agv01_0903_1018/agv01_0903_101954.json,agv01,2024-09-03 10:19:54,0,42.0,23.0,19.0,24.4,2.09,74.9,50.05,19.97,43.99,36.7525,74.9,32.22419626616,0.0010276971422499,19.590000000000003,28.0,5.382167240975519,0.027720573718139886,5.830801347565636,10.0,9.935455322265625,8.445137023925781,Normal,Degradation Risk
/content/dacon_01/agv01_0903_1018/agv01_0903_101955.json,agv01,2024-09-03 10:19:55,0,43.0,23.0,19.0,24.4,1.76,75.1,49.98,19.99,44.07,36.7075,75.1,32.40856818291525,0.000733899915328,19.67,28.33333333333333,5.628539806896934,0.027720573718139886,5.830801347565636,10.0,9.935455322265625,8.445137023925781,Normal,Degradation Risk
/content/dacon_01/agv01_0903_1018/agv01_0903_101956.json,agv01,2024-09-03 10:19:56,0,42.0,23.0,18.0,24.32,2.01,74.99,50.01,20.03,44.14,36.76,74.99,32.272541476204395,0.0008014120243297,19.82,27.666666666666668,5.1798455408882145,0.027720573718139886,5.830801347565636,10.0,9.935455322265625,8.445137023925781,Normal,Degradation Risk
/content/dacon_01/agv01_0903_1018/agv01_0903_101957.json,agv01,2024-09-03 10:19:57,0,42.0,22.0,20.0,24.3,1.95,74.95,50.05,19.95,44.44,36.725,74.95,32.29761343092294,0.0008075898436305,20.14,28.0,5.4560646449517565,0.02544820339547244,4.86466708874076,10.0,9.873581886291504,8.392544603347778,Normal,Degradation Risk
/content/dacon_01/agv01_0903_1018/agv01_0903_101958.json,agv01,2024-09-03 10:19:58,0,41.0,23.0,19.0,24.2,1.8,75.07,49.97,20.03,44.46,36.7175,75.07,32.37410217545294,0.0006316914245334,20.26,27.666666666666668,5.211603996965617,0.022781102440102622,3.730706845102939,10.0,9.948710441589355,8.456403875350953,Normal,Degradation Risk
/content/dacon_01/agv01_0903_1018/agv01_0903_101959.json,agv01,2024-09-03 10:19:59,0,42.0,23.0,19.0,24.1,2.04,74.84,49.99,19.95,44.55,36.705,74.84,32.21367049354461,0.0006318490840277,20.45,28.0,5.370168713910897,0.02018870031015598,2.628505991039696,10.0,10.074368476867676,8.563213205337524,Normal,Degradation Risk
/content/dacon_01/agv01_0903_1018/agv01_0903_102000.json,agv01,2024-09-03 10:20:00,0,42.0,23.0,18.0,24.1,1.71,75.0,49.99,19.95,44.63,36.6625,75.0,32.39532412247175,0.0008628768464681,20.53,27.666666666666668,5.202886565495868,0.018205632962295343,1.7853734772880923,10.0,10.137861251831055,8.617182064056395,Normal,Degradation Risk
/content/dacon_01/agv01_0903_1018/agv01_0903_102001.json,agv01,2024-09-03 10:20:01,0,41.0,23.0,20.0,24.1,1.93,75.0,49.96,19.99,44.71,36.720000000000006,75.0,32.30527820650985,0.0008623799640992,20.61,28.0,5.433101068748579,0.016797503964181174,1.1866851154695495,10.0,10.198651313781738,8.668853616714477,Normal,Degradation Risk
/content/dacon_01/agv01_0903_1018/agv01_0903_102002.json,agv01,2024-09-03 10:20:02,0,42.0,22.0,20.0,24.1,2.0,74.82,50.05,19.95,44.83,36.705,74.82,32.228400001654855,0.0006192558713909,20.73,28.0,5.444598797123814,0.01674112904982674,1.1627164271123624,10.0,10.292952537536621,8.749009656906127,Normal,Degradation Risk
/content/dacon_01/agv01_0903_1018/agv01_0903_102003.json,agv01,2024-09-03 10:20:03,0,42.0,24.0,19.0,24.1,1.72,75.04,49.97,19.95,44.83,36.67,75.04,32.40477228228377,0.0006670328227235,20.73,28.33333333333333,5.675667038054379,0.016816984288643824,1.1949674841700426,10.0,10.445732116699219,8.878872299194336,Normal,Degradation Risk
/content/dacon_01/agv01_0903_1018/agv01_0903_102004.json,agv01,2024-09-03 10:20:04,0,43.0,23.0,19.0,24.07,1.97,74.98,49.96,20.05,44.97,36.74,74.98,32.272666453207734,0.0008041711155419,20.9,28.33333333333333,5.6943930163488545,0.016576649007140336,1.0927851300226454,10.0,10.574376106262207,8.988219690322875,Normal,Degradation Risk
/content/dacon_01/agv01_0903_1018/agv01_0903_102005.json,agv01,2024-09-03 10:20:05,0,42.0,23.0,18.0,24.0,1.87,74.92,50.05,19.95,45.06,36.6975,74.92,32.314507964689795,0.0008021763310846,21.06,27.666666666666668,5.26039088146231,0.016408172974928983,1.0211548746515928,10.0,10.318673133850098,8.770872163772582,Normal,Degradation Risk
/content/dacon_01/agv01_0903_1018/agv01_0903_102006.json,agv01,2024-09-03 10:20:06,0,42.0,22.0,20.0,24.0,1.79,75.08,49.95,19.95,45.13,36.6925,75.08,32.39268062901453,0.0006542550078681,21.130000000000003,28.0,5.501963979215107,0.01662956040156082,1.115281247984536,10.0,10.408642768859863,8.847346353530883,Normal,Degradation Risk
/content/dacon_01/agv01_0903_1018/agv01_0903_102007.json,agv01,2024-09-03 10:20:07,0,42.0,23.0,19.0,24.0,2.01,74.9,49.98,20.03,45.13,36.73,74.9,32.2329014104119,0.0006981317621238,21.130000000000003,28.0,5.484473906854261,0.016504514126330992,1.062115842138113,10.0,10.473715782165527,8.902658414840698,Normal,Degradation Risk
/content/dacon_01/agv01_0903_1018/agv01_0903_102008.json,agv01,2024-09-03 10:20:08,0,42.0,24.0,19.0,24.0,1.83,74.94,50.04,19.95,45.19,36.69,74.94,32.335389281714235,0.0007204184873822,21.19,28.33333333333333,5.71353887967775,0.01645693244675536,1.0418857369163177,10.0,10.54881763458252,8.966494989395141,Normal,Degradation Risk
/content/dacon_01/agv01_0903_1018/agv01_0903_102009.json,agv01,2024-09-03 10:20:09,0,43.0,23.0,17.0,24.0,1.83,75.07,49.95,20.03,45.27,36.72,75.07,32.360591259534594,0.0005772974745909,21.270000000000003,27.666666666666668,5.329899292636413,0.016460811203498914,1.043534851822553,10.0,10.630702018737793,9.036096715927124,Normal,Degradation Risk
/content/dacon_01/agv01_0903_1018/agv01_0903_102010.json,agv01,2024-09-03 10:20:10,0,44.0,24.0,19.0,24.0,2.12,74.82,50.01,20.0,45.4,36.7375,74.82,32.17116345942952,0.0005594905071793,21.4,29.0,6.1734538801366465,0.01669182742161948,1.1417550584693459,10.0,10.412981986999512,8.851034688949584,Normal,Degradation Risk
/content/dacon_01/agv01_0903_1018/agv01_0903_102011.json,agv01,2024-09-03 10:20:11,0,43.0,24.0,19.0,24.0,1.76,74.94,50.02,19.95,45.42,36.6675,74.94,32.357801094429554,0.0007395318668501,21.42,28.666666666666668,5.985055704024076,0.016986119175628325,1.266877862090479,10.0,10.440447807312012,8.874380636215209,Normal,Degradation Risk
/content/dacon_01/agv01_0903_1018/agv01_0903_102012.json,agv01,2024-09-03 10:20:12,0,42.0,25.0,19.0,24.0,1.84,75.1,49.95,19.99,45.42,36.72,75.1,32.37573474069739,0.0007266814413701,21.42,28.666666666666668,6.0009526893814575,0.01666877777198641,1.1319551346003018,10.0,10.129254341125488,8.609866189956664,Normal,Degradation Risk
/content/dacon_01/agv01_0903_1018/agv01_0903_102013.json,agv01,2024-09-03 10:20:13,0,43.0,24.0,19.0,24.0,2.05,74.85,50.01,19.98,45.64,36.7225,74.85,32.21157905163918,0.0007017051180656,21.64,28.666666666666668,6.035701724020445,0.016589003214844095,1.0980377172370521,10.0,9.975958824157715,8.479565000534057,Normal,Degradation Risk
/content/dacon_01/agv01_0903_1018/agv01_0903_102014.json,agv01,2024-09-03 10:20:14,0,43.0,24.0,20.0,23.99,1.74,75.0,49.98,19.97,45.73,36.6725,75.0,32.37972552385211,0.0007950416424829,21.74,29.0,6.279844218258095,0.017038500612658925,1.2891486602684514,10.0,9.784041404724121,8.316435194015503,Normal,Degradation Risk
/content/dacon_01/agv01_0903_1018/agv01_0903_102015.json,agv01,2024-09-03 10:20:15,0,43.0,24.0,19.0,23.9,1.94,75.01,49.99,20.01,45.9,36.7375,75.01,32.30628563711197,0.0008597244892692,22.0,28.666666666666668,6.073727475520362,0.01667599106246213,1.135021979373766,10.0,9.8099946975708,8.33849549293518,Normal,Degradation Risk
/content/dacon_01/agv01_0903_1018/agv01_0903_102016.json,agv01,2024-09-03 10:20:16,0,44.0,23.0,19.0,23.9,2.02,74.88,50.05,19.96,46.11,36.7275,74.88,32.2431484970063,0.0008177352135289,22.21,28.666666666666668,6.117564492454294,0.01656737871147329,1.0888437168893959,10.0,9.69184684753418,8.238069820404052,Normal,Degradation Risk
/content/dacon_01/agv01_0903_1018/agv01_0903_102017.json,agv01,2024-09-03 10:20:17,0,43.0,24.0,20.0,23.9,1.73,75.08,49.98,19.99,46.12,36.695,75.08,32.411457336359724,0.0006574065168871,22.22,29.0,6.346572818056656,0.016890238126637837,1.2261125144366525,10.0,9.657317161560059,8.20871958732605,Normal,Degradation Risk
/content/dacon_01/agv01_0903_1018/agv01_0903_102018.json,agv01,2024-09-03 10:20:18,0,43.0,24.0,21.0,23.9,2.03,74.92,49.99,20.03,46.1,36.7425,74.92,32.23498655705216,0.0007380752178413,22.200000000000003,29.33333333333333,6.534445531698875,0.016964540351000902,1.257703282784561,10.0,9.520045280456543,8.092038488388061,Normal,Degradation Risk
/content/dacon_01/agv01_0903_1018/agv01_0903_102019.json,agv01,2024-09-03 10:20:19,0,43.0,24.0,19.0,23.9,1.96,74.91,50.05,19.95,46.16,36.7175,74.91,32.27824589926369,0.0007338922660958,22.26,28.666666666666668,6.133134390905788,0.016707362219128503,1.1483599238505127,10.0,9.634673118591309,8.189472150802612,Normal,Degradation Risk
/content/dacon_01/agv01_0903_1018/agv01_0903_102020.json,agv01,2024-09-03 10:20:20,0,43.0,24.0,20.0,23.9,1.77,75.1,49.97,19.99,46.12,36.7075,75.1,32.403609238272615,0.0004942285838529,22.22,29.0,6.346395936800253,0.016237890883566124,0.948756744606976,10.0,9.68906307220459,8.235703611373902,Normal,Degradation Risk
/content/dacon_01/agv01_0903_1018/agv01_0903_102021.json,agv01,2024-09-03 10:20:21,0,43.0,24.0,20.0,23.88,2.09,74.87,50.01,20.01,46.22,36.745,74.87,32.19992287775443,0.0005360479177382,22.34,29.0,6.340957455938682,0.015986176203851184,0.8417362589511593,10.0,9.605379104614258,8.16457223892212,Normal,Degradation Risk
/content/dacon_01/agv01_0903_1018/agv01_0903_102022.json,agv01,2024-09-03 10:20:22,0,45.0,24.0,20.0,23.8,1.86,74.97,50.04,19.98,46.27,36.7125,74.97,32.33126389425566,0.0005412474642898,22.47,29.666666666666668,6.740380675705435,0.016077455219876902,0.8805449793496687,10.0,9.800878524780273,8.330746746063232,Normal,Degradation Risk
/content/dacon_01/agv01_0903_1018/agv01_0903_102023.json,agv01,2024-09-03 10:20:23,0,45.0,23.0,20.0,23.87,1.82,75.1,49.95,20.05,46.33,36.73,75.1,32.37260055458422,0.0004298068287381,22.46,29.33333333333333,6.595933418615267,0.016105921485349627,0.8926478632940953,10.0,9.928173065185547,8.438947105407715,Normal,Degradation Risk
/content/dacon_01/agv01_0903_1018/agv01_0903_102024.json,agv01,2024-09-03 10:20:24,0,43.0,24.0,20.0,23.9,2.12,74.84,50.01,19.99,46.38,36.74,74.84,32.18079033626531,0.0004161169962874,22.480000000000004,29.0,6.390372899865756,0.016170006040377983,0.9198944275784604,10.0,9.78099536895752,8.313846063613891,Normal,Degradation Risk
/content/dacon_01/agv01_0903_1018/agv01_0903_102025.json,agv01,2024-09-03 10:20:25,0,45.0,25.0,20.0,23.9,1.72,75.0,50.03,19.98,46.29,36.6825,75.0,32.39205908346468,0.0006378331190793,22.39,30.0,7.009787741731035,0.01620987422014075,0.9368450160989891,10.0,9.687031745910645,8.233976984024048,Normal,Degradation Risk
/content/dacon_01/agv01_0903_1018/agv01_0903_102026.json,agv01,2024-09-03 10:20:26,0,45.0,24.0,20.0,23.9,1.88,75.07,49.95,20.05,46.39,36.7375,75.07,32.33918508043557,0.0006406462391518,22.49,29.666666666666668,6.835882096941589,0.01640946016097801,1.02170214220171,10.0,9.855937004089355,8.377546453475953,Normal,Degradation Risk
/content/dacon_01/agv01_0903_1018/agv01_0903_102027.json,agv01,2024-09-03 10:20:27,0,42.0,23.0,20.0,23.9,2.05,74.8,50.05,20.05,46.4,36.7375,74.8,32.18525477606166,0.0006099096817742,22.5,28.33333333333333,5.97775647124213,0.016467426923500884,1.0463476300378538,10.0,9.74199390411377,8.280694818496704,Normal,Degradation Risk
/content/dacon_01/agv01_0903_1018/agv01_0903_102028.json,agv01,2024-09-03 10:20:28,0,43.0,24.0,20.0,23.95,1.96,74.98,50.0,20.05,47.12,36.7475,74.98,32.281725867741336,0.0006409278220678,23.17,29.0,6.635554338655996,0.01616005243858313,0.9156624960148497,10.0,9.830952644348145,8.356309747695922,Normal,Degradation Risk
/content/dacon_01/agv01_0903_1018/agv01_0903_102029.json,agv01,2024-09-03 10:20:29,0,44.0,26.0,19.0,24.0,1.87,75.17,49.95,20.05,47.83,36.760000000000005,75.17,32.38230175059621,0.0007274943010088,23.83,29.666666666666668,7.292364531414028,0.016167461674961334,0.9188126502944183,10.0,9.968801498413086,8.473481273651123,Normal,Degradation Risk
/content/dacon_01/agv01_0903_1018/agv01_0903_102030.json,agv01,2024-09-03 10:20:30,0,45.0,25.0,21.0,24.3,1.82,74.93,50.05,19.95,49.07,36.6875,74.93,32.33641742164192,0.0008827611964689,24.77,30.33333333333333,8.180154012178182,0.01600603920560065,0.8501813289654218,10.0,9.820199966430664,8.347169971466064,Normal,Degradation Risk
/content/dacon_01/agv01_0903_1018/agv01_0903_102031.json,agv01,2024-09-03 10:20:31,0,44.0,25.0,20.0,24.3,1.78,75.09,49.95,20.01,50.33,36.7075,75.09,32.38990004615636,0.0007336092025212,26.03,29.666666666666668,8.122292022330978,0.015837448486568678,0.7785023126748429,10.0,9.703350067138672,8.247847557067871,Normal,Degradation Risk
/content/dacon_01/agv01_0903_1018/agv01_0903_102032.json,agv01,2024-09-03 10:20:32,0,45.0,25.0,20.0,24.3,2.14,74.89,50.02,20.01,51.4,36.765,74.89,32.191258130119735,0.0008342594651296,27.1,30.0,8.604636698324022,0.01585558953513187,0.7862152669997043,10.0,9.596566200256348,8.157081270217896,Normal,Degradation Risk
/content/dacon_01/agv01_0903_1018/agv01_0903_102033.json,agv01,2024-09-03 10:20:33,0,44.0,25.0,18.0,24.33,1.81,74.94,50.04,19.95,52.2,36.685,74.94,32.342577200959106,0.0009924779296811,27.870000000000005,29.0,8.221044195231356,0.01573520866834198,0.7350334334963424,10.0,9.536386489868164,8.105928516387939,Normal,Degradation Risk
/content/dacon_01/agv01_0903_1018/agv01_0903_102034.json,agv01,2024-09-03 10:20:34,0,44.0,24.0,20.0,24.4,1.87,75.11,49.96,20.03,53.07,36.7425,75.11,32.36338607644963,0.0009774450599584,28.67,29.33333333333333,8.720186340483309,0.015622069214556744,0.6869304015053521,10.0,9.476033210754395,8.054628229141235,Normal,Degradation Risk
/content/dacon_01/agv01_0903_1018/agv01_0903_102035.json,agv01,2024-09-03 10:20:35,0,44.0,24.0,19.0,24.4,2.11,74.86,50.05,19.99,53.79,36.7525,74.86,32.19777049734966,0.0009400161191045,29.39,29.0,8.683234163665217,0.015505798617763678,0.6374961144372426,10.0,9.484835624694824,8.0621102809906,Normal,Degradation Risk
/content/dacon_01/agv01_0903_1018/agv01_0903_102036.json,agv01,2024-09-03 10:20:36,0,45.0,25.0,19.0,24.4,1.73,74.98,50.01,19.95,54.4,36.6675,74.98,32.38298768901144,0.0010704381263919,30.0,29.666666666666668,9.280594120971253,0.015589615322252623,0.6731321148112984,10.0,9.412741661071777,8.00083041191101,Normal,Degradation Risk
/content/dacon_01/agv01_0903_1018/agv01_0903_102037.json,agv01,2024-09-03 10:20:37,0,45.0,25.0,20.0,24.3,1.92,75.02,49.97,20.04,54.91,36.7375,75.02,32.30951188633671,0.0010702923894104,30.61,30.0,9.58118245648291,0.015441363729811001,0.6101006005574682,10.0,9.400982856750488,8.144005088010474,Normal,Sensor Risk
/content/dacon_01/agv01_0903_1018/agv01_0903_102038.json,agv01,2024-09-03 10:20:38,0,45.0,25.0,19.0,24.3,2.12,74.88,50.05,19.96,55.47,36.7525,74.88,32.20728631329666,0.0010082962672444,31.17,29.666666666666668,9.511173094385873,0.015611957100081708,0.6826310757634001,10.0,9.421968460083008,8.08449713022799,Normal,Sensor Risk
/content/dacon_01/agv01_0903_1018/agv01_0903_102039.json,agv01,2024-09-03 10:20:39,0,45.0,25.0,21.0,24.3,1.77,75.09,49.99,20.01,55.93,36.715,75.09,32.39895214354934,0.0008889775534094,31.63,30.33333333333333,10.073187352824588,0.01559244120086786,0.6743335818935903,10.0,9.4977445602417,8.5622092499009,Normal,Sensor Risk
/content/dacon_01/agv01_0903_1018/agv01_0903_102040.json,agv01,2024-09-03 10:20:40,0,45.0,25.0,20.0,24.3,1.94,74.98,49.98,20.05,56.34,36.7375,74.98,32.286174930868896,0.0008785118327687,32.040000000000006,30.0,9.965841445529403,0.015717157375883938,0.7273586404021828,10.0,9.383652687072754,8.470965228699992,Normal,Sensor Risk
/content/dacon_01/agv01_0903_1018/agv01_0903_102041.json,agv01,2024-09-03 10:20:41,0,45.0,25.0,20.0,24.3,1.89,74.92,50.05,19.95,56.81,36.7025,74.92,32.307323602139085,0.0008391333989142,32.510000000000005,30.0,10.087879091595637,0.01537627732214966,0.5824280827472337,10.0,9.392860412597656,8.57469722785629,Normal,Sensor Risk
/content/dacon_01/agv01_0903_1018/agv01_0903_102042.json,agv01,2024-09-03 10:20:42,0,45.0,26.0,22.0,24.3,1.8,75.11,49.96,20.02,57.27,36.7225,75.11,32.39025612227645,0.0004916321291959,32.97,31.0,10.853161890507176,0.01563931175781181,0.694261342057521,10.0,9.366103172302246,9.2251876069311,Normal,Sensor Risk
/content/dacon_01/agv01_0903_1018/agv01_0903_102043.json,agv01,2024-09-03 10:20:43,0,45.0,24.0,20.0,24.28,2.01,74.9,49.98,20.02,57.65,36.727500000000006,74.9,32.234628765764725,0.0004750375084071,33.37,29.666666666666668,10.092223735170323,0.01565485325907566,0.7008690576463034,10.0,9.397831916809082,8.578390174894775,Normal,Sensor Risk
/content/dacon_01/agv01_0903_1018/agv01_0903_102044.json,agv01,2024-09-03 10:20:44,0,44.0,25.0,21.0,24.2,1.82,74.93,50.04,19.95,58.0,36.685,74.93,32.33504033294737,0.0005131810882314,33.8,30.0,10.358803969829754,0.015415445519592086,0.5990810626898355,10.0,9.38177490234375,8.804983374355292,Normal,Sensor Risk
/content/dacon_01/agv01_0903_1018/agv01_0903_102045.json,agv01,2024-09-03 10:20:45,0,45.0,26.0,21.0,24.2,1.83,75.07,49.95,20.03,58.47,36.72,75.07,32.360591259534594,0.0005161722131529,34.27,30.666666666666668,10.918162129281958,0.015265844525774971,0.535475829053753,10.0,9.349749565124512,9.280437809889664,Normal,Sensor Risk
/content/dacon_01/agv01_0903_1018/agv01_0903_102046.json,agv01,2024-09-03 10:20:46,0,46.0,26.0,22.0,24.2,2.19,74.88,50.05,20.0,58.85,36.78,74.88,32.17524617880439,0.0008733207469913,34.650000000000006,31.33333333333333,11.424497368781397,0.015479408910820816,0.6262761122643932,10.0,9.477478981018066,9.710822763464188,Normal,Sensor Risk
/content/dacon_01/agv01_0903_1018/agv01_0903_102047.json,agv01,2024-09-03 10:20:47,0,46.0,26.0,22.0,24.2,1.78,74.98,50.03,19.95,59.24,36.685,74.98,32.36775813470353,0.0009521859329937,35.040000000000006,31.33333333333333,11.542299979186092,0.015478557074810863,0.625913940683508,10.0,9.452299118041992,9.810954982308179,Normal,Sensor Risk
/content/dacon_01/agv01_0903_1018/agv01_0903_102048.json,agv01,2024-09-03 10:20:48,0,46.0,26.0,21.0,24.19,1.88,75.06,49.95,20.04,59.6,36.7325,75.06,32.3369544793569,0.0009624713466269,35.41,31.0,11.435504643416605,0.01559024210310783,0.6733986006261107,10.0,9.680264472961426,9.720178946904115,Normal,Sensor Risk
/content/dacon_01/agv01_0903_1018/agv01_0903_102049.json,agv01,2024-09-03 10:20:49,0,46.0,26.0,21.0,24.1,2.13,74.9,50.04,19.98,59.95,36.7625,74.9,32.206745023364284,0.0010667504195848,35.85,31.0,11.470425755125188,0.015479317977759262,0.6262374506320213,10.0,9.800885200500488,9.74986189185641,Normal,Sensor Risk
/content/dacon_01/agv01_0903_1018/agv01_0903_102050.json,agv01,2024-09-03 10:20:50,0,46.0,25.0,21.0,24.14,1.7,75.02,49.99,19.95,60.31,36.665,75.02,32.40681049820649,0.0011998732953261,36.17,30.666666666666668,11.394940515180961,0.015525599474767924,0.6459147626281053,10.0,9.924095153808594,9.685699437903816,Normal,Sensor Risk
/content/dacon_01/agv01_0903_1018/agv01_0903_102051.json,agv01,2024-09-03 10:20:51,0,46.0,26.0,21.0,24.2,1.92,75.03,49.96,20.05,60.62,36.74,75.03,32.3103750107196,0.0012100189796501,36.42,31.0,11.720006496797204,0.015300610683640803,0.5502572120998339,10.0,10.184643745422363,9.962005522277623,Normal,Sensor Risk
/content/dacon_01/agv01_0903_1018/agv01_0903_102052.json,agv01,2024-09-03 10:20:52,0,46.0,26.0,21.0,24.27,2.04,74.87,50.04,19.96,60.98,36.727500000000006,74.87,32.23065143100069,0.0009939026420618,36.71,31.0,11.835444707232513,0.015470704312008992,0.622575214115205,10.0,10.050023078918457,10.060128001147636,Normal,Sensor Risk
/content/dacon_01/agv01_0903_1018/agv01_0903_102053.json,agv01,2024-09-03 10:20:53,0,45.0,26.0,21.0,24.3,1.78,75.1,49.99,19.97,61.25,36.71,75.1,32.40618768075011,0.0009025496448232,36.95,30.666666666666668,11.738247137774621,0.015434989408657914,0.607390456888843,10.0,10.238067626953125,9.977510067108428,Normal,Sensor Risk
/content/dacon_01/agv01_0903_1018/agv01_0903_102054.json,agv01,2024-09-03 10:20:54,0,46.0,26.0,21.0,24.3,2.0,74.9,50.02,20.04,61.6,36.74,74.9,32.240252273620115,0.0009180463584158,37.3,31.0,12.022460888371997,0.015673013442305265,0.7085901473778673,10.0,10.006744384765625,10.219091755116198,Normal,Sensor Risk
/content/dacon_01/agv01_0903_1018/agv01_0903_102055.json,agv01,2024-09-03 10:20:55,0,46.0,26.0,20.0,24.3,2.01,74.9,50.04,19.95,61.9,36.725,74.9,32.25498256083857,0.0007684044442305,37.6,30.666666666666668,11.894202674240766,0.0155261930119454,0.6461671143664315,10.0,9.86420726776123,10.11007227310465,Normal,Sensor Risk
/content/dacon_01/agv01_0903_1018/agv01_0903_102056.json,agv01,2024-09-03 10:20:56,0,47.0,27.0,22.0,24.3,1.8,75.11,49.95,19.97,62.19,36.7075,75.11,32.39749617383006,0.0003826676456441,37.89,32.0,12.822803709392632,0.01546471885337806,0.6200304015111862,10.0,9.774757385253906,10.899383152983736,Normal,Sensor Risk
/content/dacon_01/agv01_0903_1018/agv01_0903_102057.json,agv01,2024-09-03 10:20:57,0,47.0,27.0,22.0,24.36,1.98,74.87,50.01,20.02,62.5,36.720000000000006,74.87,32.23768085124404,0.0003269716078734,38.14,32.0,12.913546544442761,0.015286619039754852,0.5443084429398728,10.0,9.663290023803711,10.976514562776346,Normal,Sensor Risk
/content/dacon_01/agv01_0903_1018/agv01_0903_102058.json,agv01,2024-09-03 10:20:58,0,47.0,27.0,21.0,24.4,1.79,74.99,50.04,19.95,62.91,36.6925,74.99,32.36948189782056,0.0004447653806232,38.51,31.666666666666668,12.851535885211684,0.015428932163441897,0.6048151230803868,10.0,9.550957679748535,10.92380550242993,Normal,Sensor Risk
/content/dacon_01/agv01_0903_1018/agv01_0903_102059.json,agv01,2024-09-03 10:20:59,0,46.0,27.0,20.0,24.4,1.86,75.11,49.95,20.05,63.22,36.7425,75.11,32.36217686847822,0.0005216048277982,38.82,31.0,12.532765509524204,0.015611457371243968,0.6824186081275369,10.0,9.738036155700684,10.652850683095572,Normal,Sensor Risk
/content/dacon_01/agv01_0903_1018/agv01_0903_102100.json,agv01,2024-09-03 10:21:00,0,47.0,27.0,22.0,24.4,2.14,74.9,50.04,20.02,63.43,36.775000000000006,74.9,32.19621665144318,0.0007860989502887,39.03,32.0,13.197672853432923,0.015706623735992763,0.7228800964485537,10.0,9.564655303955078,11.218021925417984,Normal,Sensor Risk
/content/dacon_01/agv01_0903_1018/agv01_0903_102101.json,agv01,2024-09-03 10:21:01,0,47.0,26.0,24.0,24.5,1.75,75.15,49.95,20.0,63.63,36.712500000000006,75.15,32.42610509553478,0.0008031521413267,39.13,32.333333333333336,13.537357318519964,0.015937830047043664,0.8211811241175754,10.0,9.515791893005371,11.506753720741969,Normal,Sensor Risk
/content/dacon_01/agv01_0903_1018/agv01_0903_102102.json,agv01,2024-09-03 10:21:02,0,48.0,27.0,22.0,24.56,2.02,74.97,49.99,20.04,63.87,36.755,74.97,32.25659054105584,0.0008228274401108,39.31,32.333333333333336,13.61598370177516,0.015950696500021105,0.8266515005289662,10.0,9.662978172302246,11.573586146508886,Normal,Sensor Risk
/content/dacon_01/agv01_0903_1018/agv01_0903_102103.json,agv01,2024-09-03 10:21:03,0,47.0,27.0,21.0,24.6,1.98,74.9,50.05,19.95,64.23,36.72,74.9,32.26712361935391,0.0008228274401108,39.63,31.666666666666668,13.311300098717224,0.01616056300527577,0.9158795715364992,10.0,9.803230285644531,11.31460508390964,Normal,Sensor Risk
/content/dacon_01/agv01_0903_1018/agv01_0903_102104.json,agv01,2024-09-03 10:21:04,0,48.0,27.0,22.0,24.68,1.76,75.14,49.98,19.98,64.51,36.715,75.14,32.426085692438015,0.0006854913159162,39.830000000000005,32.333333333333336,13.867874554359119,0.016193546520539132,0.9299030358259827,10.0,9.993742942810059,11.78769337120525,Normal,Sensor Risk
/content/dacon_01/agv01_0903_1018/agv01_0903_102105.json,agv01,2024-09-03 10:21:05,0,47.0,27.0,22.0,24.74,2.03,74.89,49.99,20.04,64.69,36.7375,74.89,32.221416661386364,0.0006814412209769,39.95,32.0,13.714403740321472,0.01587793233688835,0.7957146632907679,10.0,9.842860221862793,11.657243179273252,Normal,Sensor Risk
/content/dacon_01/agv01_0903_1018/agv01_0903_102106.json,agv01,2024-09-03 10:21:06,0,48.0,28.0,22.0,25.1,1.9,74.92,50.03,19.95,65.02,36.7,74.92,32.300979345318105,0.0005371872818206,39.92,32.666666666666664,14.407101313940885,0.01590638919206738,0.8078135462996799,10.0,9.597136497497559,12.246036116849751,Normal,Sensor Risk
/content/dacon_01/agv01_0903_1018/agv01_0903_102107.json,agv01,2024-09-03 10:21:07,0,47.0,28.0,23.0,25.19,1.86,75.18,49.97,20.01,65.25,36.755,75.18,32.39944906939005,0.0006124452677852,40.06,32.666666666666664,14.543314742259327,0.015782591624871903,0.7551790484655748,10.0,9.435826301574707,12.361817530920428,Normal,Sensor Risk
/content/dacon_01/agv01_0903_1018/agv01_0903_102108.json,agv01,2024-09-03 10:21:08,0,48.0,28.0,22.0,25.3,2.06,74.84,50.0,20.01,65.51,36.7275,74.84,32.197475444512726,0.0005178244852346,40.21000000000001,32.666666666666664,14.63546076568243,0.015897850577446623,0.8041832189601062,10.0,9.312071800231934,12.440141650830064,Normal,Sensor Risk
/content/dacon_01/agv01_0903_1018/agv01_0903_102109.json,agv01,2024-09-03 10:21:09,0,48.0,28.0,23.0,25.37,1.76,74.94,50.02,19.95,65.61,36.6675,74.94,32.357801094429554,0.0008365894167241,40.24,33.0,14.921373076419076,0.015901826706505164,0.8058737332493688,10.0,9.24402141571045,12.683167114956214,Normal,Sensor Risk
/content/dacon_01/agv01_0903_1018/agv01_0903_102110.json,agv01,2024-09-03 10:21:10,0,48.0,28.0,21.0,25.4,1.88,75.1,49.97,19.99,65.76,36.735,75.1,32.364097906991525,0.0008583915658544,40.36000000000001,32.333333333333336,14.577495746105098,0.01576531297773725,0.7478327577767668,10.0,9.485700607299805,12.390871384189333,Normal,Sensor Risk
/content/dacon_01/agv01_0903_1018/agv01_0903_102111.json,agv01,2024-09-03 10:21:11,0,49.0,28.0,23.0,25.4,2.08,74.89,50.05,19.98,65.92,36.75,74.89,32.22210111088351,0.0009052090751408,40.52,33.333333333333336,15.22580775473739,0.016016577456912023,0.8546618335374366,10.0,9.366975784301758,12.941936591526781,Normal,Sensor Risk
/content/dacon_01/agv01_0903_1018/agv01_0903_102112.json,agv01,2024-09-03 10:21:12,0,49.0,28.0,22.0,25.45,1.75,75.07,50.0,19.99,66.05,36.7025,75.07,32.40305271112584,0.0008963665487659,40.6,33.0,15.096649040976347,0.016148289959348586,0.9106614915377852,10.0,9.589529037475586,12.832151684829894,Normal,Sensor Risk
/content/dacon_01/agv01_0903_1018/agv01_0903_102113.json,agv01,2024-09-03 10:21:13,0,50.0,28.0,22.0,25.6,1.91,75.04,49.98,20.03,66.23,36.74,75.04,32.3240911189575,0.0008298375785362,40.63,33.333333333333336,15.427268776844631,0.016270317620032393,0.9625434855661575,10.0,9.465136528015137,13.113178460317936,Normal,Sensor Risk
/content/dacon_01/agv01_0903_1018/agv01_0903_102114.json,agv01,2024-09-03 10:21:14,0,49.0,29.0,23.0,25.66,2.02,74.92,50.05,19.96,66.37,36.7375,74.92,32.25892783401209,0.0008496693646548,40.71000000000001,33.666666666666664,15.692896719638593,0.016176245881085856,0.9225473947543429,10.0,9.417196273803711,13.338962211692804,Normal,Sensor Risk
/content/dacon_01/agv01_0903_1018/agv01_0903_102115.json,agv01,2024-09-03 10:21:15,0,50.0,30.0,24.0,25.7,1.73,75.12,49.98,19.99,66.5,36.705000000000005,75.12,32.427250371665295,0.0005371141519997,40.8,34.666666666666664,16.389882689868518,0.016455821344743184,1.041413334285328,10.0,9.748772621154785,13.93140028638824,Normal,Sensor Risk
/content/dacon_01/agv01_0903_1018/agv01_0903_102116.json,agv01,2024-09-03 10:21:16,0,50.0,30.0,22.0,25.79,2.07,74.99,50.01,20.04,66.84,36.7775,74.99,32.24928255015916,0.0007716479918917,41.05,34.0,16.102490042555186,0.016388131117570617,1.0126337613404182,10.0,10.214409828186035,13.687116536171906,Normal,Sensor Risk
/content/dacon_01/agv01_0903_1018/agv01_0903_102117.json,agv01,2024-09-03 10:21:17,0,50.0,29.0,23.0,25.84,1.92,74.97,50.05,19.95,66.92,36.7225,74.97,32.316271830147734,0.0007550564914135,41.08,34.0,16.147794614534256,0.016512639805779866,1.0655706035445067,10.0,10.276497840881348,13.725625422354117,Normal,Sensor Risk
/content/dacon_01/agv01_0903_1018/agv01_0903_102118.json,agv01,2024-09-03 10:21:18,0,49.0,29.0,24.0,26.0,1.76,75.15,49.95,20.0,67.04,36.715,75.15,32.422511212633324,0.0006959551080771,41.040000000000006,34.0,16.27998483989894,0.016138761687956103,0.9066103959360557,10.0,10.043227195739746,13.8379871139141,Normal,Sensor Risk
/content/dacon_01/agv01_0903_1018/agv01_0903_102119.json,agv01,2024-09-03 10:21:19,0,51.0,29.0,22.0,26.04,2.1,74.91,50.01,20.02,67.24,36.76,74.91,32.21039273278114,0.0007587186347543,41.2,34.0,16.331959459300638,0.01633325653182688,0.9893029614716649,10.0,10.49471664428711,13.882165540405541,Normal,Sensor Risk
/content/dacon_01/agv01_0903_1018/agv01_0903_102120.json,agv01,2024-09-03 10:21:20,0,51.0,29.0,22.0,26.1,1.87,74.99,50.04,19.95,67.41,36.7125,74.99,32.34074043163927,0.000802323970823,41.31,34.0,16.417866784771185,0.016426425327363926,1.0289151515816501,10.0,10.361512184143066,13.955186767055507,Normal,Sensor Risk
/content/dacon_01/agv01_0903_1018/agv01_0903_102121.json,agv01,2024-09-03 10:21:21,0,51.0,29.0,23.0,26.26,1.86,75.18,49.95,20.02,67.54,36.752500000000005,75.18,32.39500926068706,0.0007353977178354,41.28,34.333333333333336,16.762025838011304,0.016246317955072535,0.9523396476235726,10.0,10.642221450805664,14.247721962309608,Normal,Sensor Risk
/content/dacon_01/agv01_0903_1018/agv01_0903_102122.json,agv01,2024-09-03 10:21:22,0,51.0,30.0,22.0,26.3,2.17,74.91,50.05,20.0,67.66,36.7825,74.91,32.194255569381724,0.0007742299888432,41.36,34.333333333333336,16.788779154303196,0.016519608696435754,1.0685335378609324,10.0,11.274041175842285,14.270462281157716,Normal,Sensor Risk
/content/dacon_01/agv01_0903_1018/agv01_0903_102123.json,agv01,2024-09-03 10:21:23,0,51.0,30.0,24.0,26.4,1.74,75.07,50.03,19.98,67.8,36.705,75.07,32.412475478844044,0.0008558210509194,41.4,35.0,17.312206602821206,0.01683004220315819,1.2005192634884454,10.0,11.180651664733887,14.715375612398025,Normal,Sensor Risk
/content/dacon_01/agv01_0903_1018/agv01_0903_102124.json,agv01,2024-09-03 10:21:24,0,51.0,29.0,22.0,26.53,1.94,75.14,49.97,20.05,67.97,36.775,75.14,32.348024669212805,0.0008769588991723,41.44,34.0,16.807715334875603,0.016471190294503824,1.0479476868676496,10.0,10.82351016998291,14.286558034644262,Normal,Sensor Risk
/content/dacon_01/agv01_0903_1018/agv01_0903_102125.json,agv01,2024-09-03 10:21:25,0,51.0,29.0,24.0,26.7,2.14,74.91,50.05,19.99,68.14,36.7725,74.91,32.20674502336428,0.0009126808067268,41.44,34.666666666666664,17.335474589189563,0.01641263400670706,1.0230515530175766,10.0,11.256402015686035,14.735153400811127,Normal,Sensor Risk
/content/dacon_01/agv01_0903_1018/agv01_0903_102126.json,agv01,2024-09-03 10:21:26,0,52.0,30.0,22.0,26.77,1.73,75.11,50.02,19.95,68.24,36.7025,75.11,32.43564846995766,0.0009779971265948,41.47,34.666666666666664,17.419702196465927,0.016490346181827584,1.056092115976347,10.0,11.032383918762207,14.806746866996038,Normal,Sensor Risk
/content/dacon_01/agv01_0903_1018/agv01_0903_102127.json,agv01,2024-09-03 10:21:27,0,52.0,30.0,24.0,26.8,1.94,75.12,49.97,20.05,68.37,36.77,75.12,32.34011853204417,0.0010078250661195,41.57000000000001,35.333333333333336,17.88872895787862,0.016235306717494218,0.9476580454435269,10.0,11.4923734664917,15.205419614196826,Normal,Sensor Risk
/content/dacon_01/agv01_0903_1018/agv01_0903_102128.json,agv01,2024-09-03 10:21:28,0,52.0,30.0,24.0,27.0,2.02,74.96,50.05,19.96,68.54,36.7475,74.96,32.27471184999178,0.0009182718856963,41.540000000000006,35.333333333333336,18.020562468824092,0.016057063945088473,0.8718753056799792,10.0,11.616408348083496,15.317478098500478,Normal,Sensor Risk
/content/dacon_01/agv01_0903_1018/agv01_0903_102129.json,agv01,2024-09-03 10:21:29,0,52.0,30.0,23.0,27.03,1.79,75.16,49.98,20.01,68.98,36.735,75.16,32.418046928627064,0.0007713330370971,41.95,35.0,17.966119084251808,0.016539902923414677,1.0771619501162417,10.0,12.418042182922363,15.271201221614037,Normal,Sensor Risk
/content/dacon_01/agv01_0903_1018/agv01_0903_102130.json,agv01,2024-09-03 10:21:30,0,52.0,31.0,24.0,27.1,2.02,75.04,50.02,20.04,70.26,36.78,75.04,32.28833845214089,0.0007965015416319,43.16,35.666666666666664,18.757182862723315,0.016538939195327118,1.076752205845119,10.0,12.735344886779785,15.943605433314817,Normal,Sensor Risk
/content/dacon_01/agv01_0903_1018/agv01_0903_102131.json,agv01,2024-09-03 10:21:31,0,53.0,30.0,25.0,27.18,2.15,74.98,50.05,19.95,71.92,36.7825,74.98,32.237755685944805,0.000842390941013,44.74,36.0,19.455313432571558,0.0167895964136851,1.1833230950446936,10.0,12.75692081451416,16.537016417685823,Normal,Sensor Risk
/content/dacon_01/agv01_0903_1018/agv01_0903_102132.json,agv01,2024-09-03 10:21:32,0,52.0,31.0,24.0,27.4,1.88,75.19,49.97,20.05,73.62,36.7725,75.19,32.389334021145494,0.0005186178352109,46.220000000000006,35.666666666666664,19.841700072175726,0.01680886622088414,1.19151595899395,10.0,12.383788108825684,16.865445061349366,Normal,Sensor Risk
/content/dacon_01/agv01_0903_1018/agv01_0903_102133.json,agv01,2024-09-03 10:21:33,0,53.0,31.0,25.0,27.58,2.09,74.98,50.05,19.99,75.14,36.7775,74.98,32.25230263097505,0.0005365663123592,47.56,36.333333333333336,20.74571648129456,0.01691082825029202,1.2348667318532898,10.0,11.798428535461426,17.633859009100377,Normal,Sensor Risk
/content/dacon_01/agv01_0903_1018/agv01_0903_102134.json,agv01,2024-09-03 10:21:34,0,53.0,30.0,25.0,27.64,1.74,75.18,49.99,19.98,76.29,36.7225,75.18,32.45043643774302,0.0007076071270002,48.650000000000006,36.0,20.905174954245364,0.017220592625489563,1.3665679656075327,10.0,11.788978576660156,17.769398711108558,Normal,Sensor Risk
/content/dacon_01/agv01_0903_1018/agv01_0903_102135.json,agv01,2024-09-03 10:21:35,0,54.0,31.0,24.0,27.8,1.95,75.17,49.95,20.05,77.54,36.78,75.17,32.35358197582868,0.0006285713817913,49.74000000000001,36.333333333333336,21.535514996557623,0.01725293299216636,1.380317985081795,10.0,11.675979614257812,18.30518774707398,Normal,Sensor Risk
/content/dacon_01/agv01_0903_1018/agv01_0903_102136.json,agv01,2024-09-03 10:21:36,0,55.0,31.0,25.0,27.89,2.0,74.96,50.05,19.96,78.61,36.7425,74.96,32.281885916614804,0.0006696398366396,50.72,37.0,22.270556363797457,0.017473081286977908,1.4739175218816079,10.0,11.391036987304688,18.92997290922784,Normal,Sensor Risk
/content/dacon_01/agv01_0903_1018/agv01_0903_102137.json,agv01,2024-09-03 10:21:37,0,54.0,33.0,25.0,28.0,1.79,75.21,49.98,19.98,79.61,36.74,75.21,32.442968421523936,0.0006519176119984,51.61,37.333333333333336,22.83378283483729,0.017505782016357434,1.4878207552705365,10.0,10.963913917541504,19.408715409611695,Normal,Sensor Risk
/content/dacon_01/agv01_0903_1018/agv01_0903_102138.json,agv01,2024-09-03 10:21:38,0,54.0,32.0,25.0,28.16,2.01,75.14,50.04,20.05,80.65,36.81,75.14,32.33243675732881,0.0008850215858787,52.49000000000001,37.0,22.988155391993132,0.017466977101295113,1.4713222305897138,10.0,10.834449768066406,19.539932083194163,Normal,Sensor Risk
/content/dacon_01/agv01_0903_1018/agv01_0903_102139.json,agv01,2024-09-03 10:21:39,0,55.0,33.0,25.0,28.2,1.95,75.12,50.05,19.95,81.57,36.7675,75.12,32.36472192063451,0.0008660448392273,53.36999999999999,37.66666666666666,23.674787324953844,0.01785659541735051,1.6369746329520671,10.0,11.624292373657227,20.123569226210765,Normal,Sensor Risk
/content/dacon_01/agv01_0903_1018/agv01_0903_102140.json,agv01,2024-09-03 10:21:40,0,55.0,33.0,25.0,28.5,1.79,75.3,49.97,20.03,82.27,36.7725,75.3,32.46859444139829,0.0007049614597121,53.77,37.66666666666666,24.03611167369777,0.017962774090549798,1.6821181787514083,10.0,13.361817359924316,20.430694922643106,Normal,Sensor Risk
/content/dacon_01/agv01_0903_1018/agv01_0903_102141.json,agv01,2024-09-03 10:21:41,0,55.0,33.0,26.0,28.53,2.11,75.12,50.03,20.03,83.2,36.822500000000005,75.12,32.29077409519114,0.0009277801090165,54.67,38.0,24.499186112786255,0.0182032489853164,1.7843598916904315,10.0,15.439544677734375,20.824308195868316,Normal,Sensor Risk
/content/dacon_01/agv01_0903_1018/agv01_0903_102142.json,agv01,2024-09-03 10:21:42,0,56.0,32.0,25.0,28.6,1.88,75.14,50.05,19.95,84.01,36.755,75.14,32.397730887620305,0.0008698926046835,55.41,37.66666666666666,24.549606971980854,0.018444558250844463,1.8869563505831264,10.0,19.51690101623535,20.867165926183723,Normal,Sensor Risk
/content/dacon_01/agv01_0903_1018/agv01_0903_102143.json,agv01,2024-09-03 10:21:43,1,56.0,33.0,23.0,28.83,1.84,75.36,49.97,20.04,84.85,36.8025,75.36,32.472663759948404,0.0007327528330451,56.02,37.333333333333336,24.709333000454166,0.018803557074165433,2.039590390302966,40.0,25.97852325439453,22.08174476623535,Normal,Degradation Risk
/content/dacon_01/agv01_0903_1018/agv01_0903_102144.json,agv01,2024-09-03 10:21:44,1,56.0,33.0,25.0,28.9,2.11,75.08,50.01,20.01,85.56,36.8025,75.08,32.27570125755081,0.0007041730296666,56.66,38.0,25.327657053181312,0.01916712080954796,2.1941652747377702,40.0,32.54740905761719,27.66529769897461,Normal,Degradation Risk
/content/dacon_01/agv01_0903_1018/agv01_0903_102145.json,agv01,2024-09-03 10:21:45,1,56.0,33.0,26.0,29.4,1.77,75.22,50.02,19.96,86.24,36.7425,75.22,32.46299470165992,0.0008471742938136,56.84,38.333333333333336,25.994488660443153,0.019623979386925276,2.3884059399318547,40.0,38.045772552490234,32.3389066696167,Normal,Degradation Risk
/content/dacon_01/agv01_0903_1018/agv01_0903_102146.json,agv01,2024-09-03 10:21:46,1,56.0,32.0,25.0,29.87,1.89,75.32,49.98,20.02,86.92,36.8025,75.32,32.44369109190054,0.0008578938586876,57.05,37.66666666666666,26.015142721572794,0.0193880328679865,2.288089537748942,40.0,41.70903015136719,35.45267562866211,Normal,Degradation Risk
/content/dacon_01/agv01_0903_1018/agv01_0903_102147.json,agv01,2024-09-03 10:21:47,1,56.0,33.0,26.0,30.8,2.04,75.09,50.05,19.98,87.53,36.79,75.09,32.31540499514125,0.0007307649042942,56.73,38.333333333333336,27.050947424670547,0.019521912248105653,2.3450104781401704,40.0,42.369773864746094,36.01430778503418,Normal,Degradation Risk
/content/dacon_01/agv01_0903_1018/agv01_0903_102148.json,agv01,2024-09-03 10:21:48,1,57.0,33.0,26.0,31.8,1.7,75.3,50.0,19.95,88.12,36.7375,75.3,32.518747797744815,0.000845066963696,56.32000000000001,38.66666666666666,27.95627709652852,0.01977637309236145,2.453198539176121,40.0,43.33537673950195,36.83507022857666,Normal,Degradation Risk
/content/dacon_01/agv01_0903_1018/agv01_0903_102149.json,agv01,2024-09-03 10:21:49,1,57.0,34.0,25.0,32.4,1.94,75.35,49.98,20.05,88.79,36.83,75.35,32.43246007731555,0.0009967027093568,56.39000000000001,38.66666666666666,28.45441137476499,0.020134524562142916,2.605472313108432,40.0,43.9302978515625,37.340753173828126,Normal,Degradation Risk
/content/dacon_01/agv01_0903_1018/agv01_0903_102150.json,agv01,2024-09-03 10:21:50,1,58.0,34.0,26.0,33.11,2.0,75.21,50.05,19.97,89.46,36.8075,75.21,32.378898864332406,0.001011705535353,56.35,39.333333333333336,29.40472500251567,0.02046121593423798,2.744370327879652,40.0,44.27072525024414,37.63011646270752,Normal,Degradation Risk
/content/dacon_01/agv01_0903_1018/agv01_0903_102151.json,agv01,2024-09-03 10:21:51,1,57.0,34.0,26.0,33.2,1.77,75.33,49.97,19.95,90.12,36.755,75.33,32.50141073861256,0.000941090115656,56.92,39.0,29.434237945580918,0.020947194600674564,2.950991860478819,40.0,44.221683502197266,37.58843097686768,Normal,Degradation Risk
/content/dacon_01/agv01_0903_1018/agv01_0903_102152.json,agv01,2024-09-03 10:21:52,1,58.0,34.0,26.0,33.2,1.94,75.26,49.98,20.04,90.77,36.805,75.26,32.39856529745312,0.0009475188610539,57.56999999999999,39.333333333333336,29.813465729411334,0.021144028819777703,3.0346790484726105,40.0,43.50802230834961,36.981818962097165,Normal,Degradation Risk
/content/dacon_01/agv01_0903_1018/agv01_0903_102153.json,agv01,2024-09-03 10:21:53,1,58.0,34.0,28.0,33.24,1.97,75.22,50.05,19.95,91.22,36.7975,75.22,32.39706918328673,0.0009540437458637,57.98,40.0,30.36983960924062,0.022100748821935762,3.4414437210119377,40.0,43.359413146972656,36.85550117492676,Normal,Degradation Risk
/content/dacon_01/agv01_0903_1018/agv01_0903_102154.json,agv01,2024-09-03 10:21:54,1,59.0,34.0,27.0,33.3,1.8,75.49,49.96,20.03,91.83,36.82,75.49,32.538863942471416,0.0007059510113049,58.53,40.0,30.591305175749994,0.02244751433769684,3.588876576129754,40.0,42.80575180053711,36.38488903045654,Normal,Degradation Risk
/content/dacon_01/agv01_0903_1018/agv01_0903_102155.json,agv01,2024-09-03 10:21:55,1,59.0,35.0,27.0,33.46,2.1,75.3,50.01,20.03,92.43,36.86,75.3,32.36285216108123,0.0009233251625522,58.970000000000006,40.333333333333336,31.029698862925244,0.022509640147117007,3.6152903486734784,40.0,42.35494613647461,36.00170421600342,Normal,Degradation Risk
/content/dacon_01/agv01_0903_1018/agv01_0903_102156.json,agv01,2024-09-03 10:21:56,1,60.0,35.0,27.0,33.51,1.81,75.3,50.03,19.95,92.95,36.7725,75.3,32.483341756455204,0.0010017719565902,59.440000000000005,40.66666666666666,31.40700133465294,0.02312724113417828,3.8778731970463296,40.0,41.767555236816406,35.50242195129395,Normal,Degradation Risk
/content/dacon_01/agv01_0903_1018/agv01_0903_102157.json,agv01,2024-09-03 10:21:57,1,60.0,35.0,27.0,33.6,1.84,75.51,49.95,19.98,93.39,36.82,75.51,32.53971419665514,0.0007919798833651,59.79,40.66666666666666,31.591830901681085,0.023911860836465352,4.211466699375946,40.0,41.233062744140625,35.04810333251953,Normal,Degradation Risk
/content/dacon_01/agv01_0903_1018/agv01_0903_102158.json,agv01,2024-09-03 10:21:58,1,60.0,35.0,27.0,33.8,2.01,75.22,50.01,20.01,93.77,36.8125,75.22,32.366897055479384,0.0007858148617919,59.97,40.66666666666666,31.769180668196853,0.023957320423629483,4.230794563374692,40.0,41.038143157958984,34.88242168426513,Normal,Degradation Risk
/content/dacon_01/agv01_0903_1018/agv01_0903_102159.json,agv01,2024-09-03 10:21:59,1,60.0,35.0,25.0,34.2,1.85,75.41,50.01,19.96,94.09,36.8075,75.41,32.508071177273294,0.0007627506789216,59.89,40.0,31.664019260149473,0.024829706656015634,4.601703397039639,40.0,40.965511322021484,34.82068462371826,Normal,Degradation Risk
/content/dacon_01/agv01_0903_1018/agv01_0903_102200.json,agv01,2024-09-03 10:22:00,1,60.0,36.0,27.0,34.67,1.84,75.51,49.95,20.04,94.53,36.835,75.51,32.52937595466596,0.0007935113674337,59.86,41.0,32.66094493339824,0.02525077528490193,4.78072739837668,40.0,40.80854415893555,34.687262535095215,Normal,Degradation Risk
/content/dacon_01/agv01_0903_1018/agv01_0903_102201.json,agv01,2024-09-03 10:22:01,1,61.0,36.0,26.0,34.9,2.1,75.29,50.04,19.99,94.88,36.855,75.29,32.369902172645915,0.0007554269514078,59.98,41.0,32.85207804535332,0.025589974662413986,4.924943389897718,40.0,40.63433074951172,34.53918113708496,Normal,Degradation Risk
/content/dacon_01/agv01_0903_1018/agv01_0903_102202.json,agv01,2024-09-03 10:22:02,1,61.0,35.0,26.0,35.37,1.73,75.43,50.05,19.95,95.19,36.79,75.43,32.566170586463905,0.0006148414672005,59.82,40.66666666666666,32.98182502463835,0.02654214696266405,5.32977453489164,40.0,40.576690673828125,34.490187072753905,Normal,Degradation Risk
/content/dacon_01/agv01_0903_1018/agv01_0903_102203.json,agv01,2024-09-03 10:22:03,1,61.0,36.0,28.0,35.83,2.1,75.4,50.05,20.02,95.79,36.8925,75.4,32.40960081519055,0.0010117033160355,59.96000000000001,41.66666666666666,34.009244049996084,0.02692508808410715,5.492588022133765,40.0,40.5981330871582,34.50841312408447,Normal,Degradation Risk
/content/dacon_01/agv01_0903_1018/agv01_0903_102204.json,agv01,2024-09-03 10:22:04,1,61.0,36.0,28.0,36.4,1.91,75.4,50.04,19.95,96.15,36.825,75.4,32.4884066501678,0.0009851153163246,59.75000000000001,41.66666666666666,34.39976581873677,0.027900354798985894,5.907238123544122,40.0,40.662628173828125,34.56323394775391,Normal,Degradation Risk
/content/dacon_01/agv01_0903_1018/agv01_0903_102205.json,agv01,2024-09-03 10:22:05,1,62.0,37.0,28.0,36.93,1.87,75.64,49.96,20.03,96.65,36.875,75.64,32.57323287609015,0.0009994315262949,59.720000000000006,42.333333333333336,35.24939136104795,0.02883309164701296,6.303805977981446,40.0,40.58179473876953,34.4945255279541,Normal,Degradation Risk
/content/dacon_01/agv01_0903_1018/agv01_0903_102206.json,agv01,2024-09-03 10:22:06,1,62.0,36.0,27.0,37.2,2.08,75.41,50.05,20.01,97.13,36.8875,75.41,32.422453510903004,0.0010842277877987,59.92999999999999,41.66666666666666,35.08058508318516,0.029523123069208887,6.597183773844652,40.0,40.540157318115234,34.45913372039795,Normal,Degradation Risk
/content/dacon_01/agv01_0903_1018/agv01_0903_102207.json,agv01,2024-09-03 10:22:07,1,62.0,36.0,29.0,37.47,1.79,75.53,50.04,19.95,97.53,36.8275,75.53,32.58286909302699,0.0011233491290691,60.06,42.333333333333336,35.75776371812846,0.030333698488967793,6.941812760844954,40.0,40.45841979980469,34.38965682983398,Normal,Degradation Risk
/content/dacon_01/agv01_0903_1018/agv01_0903_102208.json,agv01,2024-09-03 10:22:08,1,62.0,37.0,28.0,37.41,1.86,75.61,49.95,20.05,97.86,36.8675,75.61,32.56013142377244,0.0007990058442098,60.45,42.333333333333336,35.82096434069944,0.030912303732885518,7.187815950953702,40.0,40.446998596191406,34.37994880676269,Normal,Degradation Risk
/content/dacon_01/agv01_0903_1018/agv01_0903_102209.json,agv01,2024-09-03 10:22:09,1,64.0,37.0,28.0,37.1,2.07,75.47,50.02,19.97,98.3,36.8825,75.47,32.4526931342634,0.0007499441041646,61.2,43.0,36.18428134540194,0.03157297068474972,7.468708976840498,40.0,40.45884323120117,34.39001674652099,Normal,Degradation Risk
/content/dacon_01/agv01_0903_1018/agv01_0903_102210.json,agv01,2024-09-03 10:22:10,1,62.0,37.0,28.0,37.04,1.76,75.66,49.99,19.97,98.6,36.845,75.66,32.634940886520184,0.0006327928251118,61.56,42.333333333333336,35.83642989070179,0.03274949983597199,7.9689289929898335,40.0,40.482627868652344,34.41023368835449,Normal,Degradation Risk
/content/dacon_01/agv01_0903_1018/agv01_0903_102211.json,agv01,2024-09-03 10:22:11,1,64.0,37.0,27.0,37.0,1.94,75.75,50.0,20.01,98.9,36.925,75.75,32.600632406953906,0.0009306317677993,61.900000000000006,42.66666666666666,36.119352449266046,0.033280497987147814,8.194691273066361,40.0,40.52171325683594,34.44345626831055,Normal,Degradation Risk
/content/dacon_01/agv01_0903_1018/agv01_0903_102212.json,agv01,2024-09-03 10:22:12,1,64.0,36.0,29.0,37.0,2.06,75.55,50.05,19.97,99.22,36.9075,75.55,32.49202607307419,0.0010015943662796,62.22,43.0,36.396101146071615,0.03428637697415622,8.622356667164674,40.0,40.66439437866211,34.56473522186279,Normal,Degradation Risk
/content/dacon_01/agv01_0903_1018/agv01_0903_102213.json,agv01,2024-09-03 10:22:13,1,64.0,37.0,29.0,37.03,1.71,75.75,49.98,19.99,99.63,36.8575,75.75,32.683766995253166,0.0008287269410285,62.6,43.333333333333336,36.7497692202723,0.03468392157622925,8.791379055655824,40.0,40.62646484375,34.5324951171875,Normal,Degradation Risk
/content/dacon_01/agv01_0903_1018/agv01_0903_102214.json,agv01,2024-09-03 10:22:14,1,64.0,38.0,28.0,37.3,2.01,75.66,49.97,20.05,99.96,36.9225,75.66,32.52893622095052,0.0009172634485153,62.66,43.333333333333336,36.9707004922357,0.035101223587478164,8.968801619804976,40.0,40.68036651611328,34.57831153869629,Normal,Degradation Risk
/content/dacon_01/agv01_0903_1018/agv01_0903_102215.json,agv01,2024-09-03 10:22:15,1,65.0,38.0,30.0,37.34,1.98,75.7,50.05,19.96,100.25,36.9225,75.7,32.58184809061635,0.0009740653466436,62.91,44.333333333333336,37.70033998772263,0.035975412388057036,9.340476843907028,40.0,40.76526641845703,34.65047645568848,Normal,Degradation Risk
/content/dacon_01/agv01_0903_1018/agv01_0903_102216.json,agv01,2024-09-03 10:22:16,1,65.0,38.0,29.0,37.4,1.79,75.88,49.96,19.98,100.52,36.9025,75.88,32.705771534496265,0.0006931279786974,63.12,44.0,37.610970194415515,0.036743408650727456,9.667002627408888,40.0,40.82878875732422,34.70447044372558,Normal,Degradation Risk
/content/dacon_01/agv01_0903_1018/agv01_0903_102217.json,agv01,2024-09-03 10:22:17,1,66.0,37.0,29.0,37.73,2.03,75.73,49.99,20.03,100.77,36.945,75.73,32.555709688675705,0.0007996138765458,63.04,44.0,37.83500525698379,0.03749569210264718,9.986847860378447,40.0,40.86362075805664,34.73407764434814,Normal,Degradation Risk
/content/dacon_01/agv01_0903_1018/agv01_0903_102218.json,agv01,2024-09-03 10:22:18,1,66.0,38.0,29.0,37.9,1.87,75.8,50.05,19.95,101.1,36.9175,75.8,32.66259162507878,0.0008033934826504,63.2,44.333333333333336,38.227908566667956,0.03799483687573331,10.199067171897088,40.0,40.94339370727539,34.80188465118408,Normal,Degradation Risk
/content/dacon_01/agv01_0903_1018/agv01_0903_102219.json,agv01,2024-09-03 10:22:19,1,66.0,38.0,29.0,38.3,1.84,76.05,49.95,20.04,101.34,36.97,76.05,32.74379635900516,0.0006464845044749,63.040000000000006,44.333333333333336,38.52175926584926,0.03886642210011692,10.569635444314104,40.0,40.979583740234375,34.832646179199216,Normal,Degradation Risk
/content/dacon_01/agv01_0903_1018/agv01_0903_102220.json,agv01,2024-09-03 10:22:20,1,66.0,38.0,30.0,38.28,2.1,75.77,50.01,20.02,101.56,36.975,75.77,32.55099025631427,0.0007993646105898,63.28,44.66666666666666,38.75395175169753,0.039495833018567,10.837239472199505,40.0,41.04469299316406,34.88798904418945,Normal,Degradation Risk
/content/dacon_01/agv01_0903_1018/agv01_0903_102221.json,agv01,2024-09-03 10:22:21,1,66.0,38.0,29.0,38.2,1.76,75.9,50.02,19.95,101.82,36.9075,75.9,32.73762501567069,0.0008590827083179,63.61999999999999,44.333333333333336,38.58957365999065,0.04004318396761121,11.069954403474949,40.0,41.0968017578125,34.932281494140625,Normal,Degradation Risk
/content/dacon_01/agv01_0903_1018/agv01_0903_102222.json,agv01,2024-09-03 10:22:22,1,67.0,39.0,30.0,38.31,1.92,76.08,49.95,20.04,102.15,36.9975,76.08,32.72713896752968,0.0009485408005196,63.84,45.333333333333336,39.380561550317736,0.0410986291715559,11.518693660308045,40.0,41.03822326660156,34.88248977661133,Normal,Degradation Risk
/content/dacon_01/agv01_0903_1018/agv01_0903_102223.json,agv01,2024-09-03 10:22:23,1,67.0,39.0,29.0,38.4,2.09,75.85,50.05,19.98,102.47,36.9925,75.85,32.598636346734914,0.0010373533282289,64.07,45.0,39.28403538070851,0.041478787456199276,11.680323980377938,40.0,41.0252571105957,34.87146854400635,Normal,Degradation Risk
/content/dacon_01/agv01_0903_1018/agv01_0903_102224.json,agv01,2024-09-03 10:22:24,1,67.0,39.0,30.0,38.5,1.74,76.1,50.0,19.95,102.73,36.9475,76.1,32.82158372676939,0.0009013029211892,64.23,45.333333333333336,39.6380851263536,0.0417300696933403,11.787160606219418,40.0,40.87031555175781,34.739768218994136,Normal,Degradation Risk
/content/dacon_01/agv01_0903_1018/agv01_0903_102225.json,agv01,2024-09-03 10:22:25,1,66.0,39.0,30.0,38.59,1.87,76.18,49.95,20.04,102.8,37.01,76.18,32.78481864115361,0.0010323122052866,64.21,45.0,39.504858540504436,0.04268289865936024,12.192270943073284,40.0,40.73854446411133,34.62776279449463,Normal,Degradation Risk
/content/dacon_01/agv01_0903_1018/agv01_0903_102226.json,agv01,2024-09-03 10:22:26,1,68.0,39.0,30.0,38.9,1.99,76.04,50.04,19.97,103.05,37.01,76.04,32.710262405958574,0.001117487850983,64.15,45.66666666666666,40.13602012935297,0.0431988688979283,12.411643867918336,40.0,40.64618682861328,34.54925880432129,Normal,Degradation Risk
/content/dacon_01/agv01_0903_1018/agv01_0903_102227.json,agv01,2024-09-03 10:22:27,1,67.0,39.0,30.0,39.18,1.72,76.26,49.98,20.02,103.2,36.995000000000005,76.26,32.877685948578154,0.0006244179503105,64.02000000000001,45.333333333333336,40.127844131303675,0.04399745830246884,12.751176810575096,40.0,40.57612991333008,34.48971042633057,Normal,Degradation Risk
/content/dacon_01/agv01_0903_1018/agv01_0903_102228.json,agv01,2024-09-03 10:22:28,1,69.0,39.0,29.0,39.4,2.02,76.22,49.98,20.05,103.5,37.0675,76.22,32.74941971496085,0.0010473001259136,64.1,45.66666666666666,40.532752841112796,0.04501659490754916,13.18447889112452,40.0,40.518497467041016,34.452839914945876,Normal,Sensor Risk
/content/dacon_01/agv01_0903_1018/agv01_0903_102229.json,agv01,2024-09-03 10:22:29,1,68.0,40.0,30.0,39.4,1.92,76.15,50.05,19.95,103.74,37.0175,76.15,32.78380024239615,0.0010442729627765,64.34,46.0,40.79967887493729,0.0463329218333047,13.744136146854387,40.0,40.60507583618164,34.6797270436967,Normal,Sensor Risk
/content/dacon_01/agv01_0903_1018/agv01_0903_102230.json,agv01,2024-09-03 10:22:30,1,69.0,40.0,31.0,39.41,1.82,76.49,49.96,20.02,103.92,37.0725,76.49,32.93100603281553,0.0008862241806586,64.51,46.66666666666666,41.302752678109535,0.04713544460652314,14.085341423546849,40.0,40.73562240600586,35.107339776393104,Normal,Sensor Risk
/content/dacon_01/agv01_0903_1018/agv01_0903_102231.json,agv01,2024-09-03 10:22:31,1,68.0,40.0,29.0,39.5,2.02,76.28,50.02,20.03,104.05,37.0875,76.28,32.78205543179582,0.0010444124103226,64.55,45.66666666666666,40.740514076074106,0.04733391496630177,14.169724242680989,40.0,40.86961364746094,34.7391716003418,Normal,Degradation Risk
/content/dacon_01/agv01_0903_1018/agv01_0903_102232.json,agv01,2024-09-03 10:22:32,1,69.0,40.0,32.0,39.54,1.78,76.4,50.04,19.95,104.29,37.0425,76.4,32.93197673487984,0.0009585410044082,64.75,47.0,41.67093067258488,0.04861323665159247,14.71364813390926,40.0,40.801002502441406,35.42029107169715,Normal,Sensor Risk
/content/dacon_01/agv01_0903_1018/agv01_0903_102233.json,agv01,2024-09-03 10:22:33,1,69.0,40.0,32.0,39.74,1.93,76.4,50.03,19.97,104.56,37.0825,76.4,32.87369503113394,0.0007210657076257,64.82,47.0,41.84421187166341,0.04942434936344853,15.058505559160526,40.0,40.86858367919922,35.5675800909139,Normal,Sensor Risk
/content/dacon_01/agv01_0903_1018/agv01_0903_102234.json,agv01,2024-09-03 10:22:34,1,69.0,41.0,31.0,39.93,2.08,76.4,50.03,19.99,104.74,37.125,76.4,32.816788894304295,0.0010090898204623,64.81,47.0,41.99477800677815,0.0498784614410268,15.251578506434143,40.0,40.96445083618164,35.69556130576142,Normal,Sensor Risk
/content/dacon_01/agv01_0903_1018/agv01_0903_102235.json,agv01,2024-09-03 10:22:35,1,69.0,40.0,32.0,40.1,1.76,76.59,49.99,19.95,104.95,37.0725,76.59,33.00831852225537,0.0007241617387317,64.85,47.0,42.15470127149278,0.05078355714803193,15.636394291665182,40.0,40.92870330810547,35.831496080768865,Normal,Sensor Risk
/content/dacon_01/agv01_0903_1018/agv01_0903_102236.json,agv01,2024-09-03 10:22:36,1,70.0,40.0,30.0,40.3,1.93,76.63,49.96,20.03,105.0,37.1375,76.63,32.94595916041905,0.000941449813153,64.7,46.66666666666666,42.06956575163045,0.05200907674671186,16.157443373029757,40.0,40.87058639526367,35.75913088888588,Normal,Sensor Risk
/content/dacon_01/agv01_0903_1018/agv01_0903_102237.json,agv01,2024-09-03 10:22:37,1,69.0,40.0,31.0,40.28,2.02,76.54,50.05,19.95,105.2,37.14,76.54,32.90358946984356,0.0010781671155277,64.92,46.66666666666666,42.10681852475631,0.05226491172259402,16.266215667906078,40.0,41.00566101074219,35.79079574604286,Normal,Sensor Risk
/content/dacon_01/agv01_0903_1018/agv01_0903_102238.json,agv01,2024-09-03 10:22:38,1,70.0,40.0,31.0,40.2,1.76,76.83,49.98,19.99,105.41,37.14,76.83,33.09596450727289,0.0008268610665309,65.21,47.0,42.35733061437036,0.052655856967383736,16.432432235051106,40.0,40.998504638671875,36.00373102221481,Normal,Sensor Risk
/content/dacon_01/agv01_0903_1018/agv01_0903_102239.json,agv01,2024-09-03 10:22:39,1,71.0,40.0,32.0,40.31,2.06,76.77,49.97,20.05,105.73,37.212500000000006,76.77,32.95349892904647,0.0012052625208316,65.42,47.66666666666666,42.91701550119952,0.05395649521478821,16.985419200520862,40.0,40.958770751953125,36.47946317601959,Normal,Sensor Risk
/content/dacon_01/agv01_0903_1018/agv01_0903_102240.json,agv01,2024-09-03 10:22:40,1,71.0,41.0,32.0,40.4,1.88,76.81,50.04,19.95,105.82,37.17,76.81,33.05994051214652,0.0012361918025191,65.41999999999999,48.0,43.20056984566961,0.054434471196756186,17.188638264978916,40.0,41.04970932006836,36.72048436881917,Normal,Sensor Risk
/content/dacon_01/agv01_0903_1018/agv01_0903_102241.json,agv01,2024-09-03 10:22:41,1,71.0,41.0,32.0,40.49,1.81,77.04,49.95,19.95,106.04,37.1875,77.04,33.16525327809212,0.0008330598994318,65.55000000000001,48.0,43.32462704057874,0.054923929919008435,17.39673939846558,40.0,40.949806213378906,36.82593298449193,Normal,Sensor Risk
/content/dacon_01/agv01_0903_1018/agv01_0903_102242.json,agv01,2024-09-03 10:22:42,1,71.0,41.0,31.0,40.5,1.99,76.88,49.99,20.02,106.2,37.22,76.88,33.03019527644364,0.0009314292172525,65.7,47.66666666666666,43.15044728660579,0.05577985084029023,17.760647744146045,40.0,40.90099334716797,36.67788019361492,Normal,Sensor Risk
/content/dacon_01/agv01_0903_1018/agv01_0903_102243.json,agv01,2024-09-03 10:22:43,1,72.0,40.0,32.0,40.5,1.79,77.03,50.03,19.95,106.43,37.2,77.03,33.178649761556,0.0007973130848891,65.93,48.0,43.43497661496309,0.05682534706052357,18.205157032866925,40.0,40.86993408203125,36.919730122718626,Normal,Sensor Risk
/content/dacon_01/agv01_0903_1018/agv01_0903_102244.json,agv01,2024-09-03 10:22:44,1,72.0,41.0,31.0,40.56,1.84,77.32,49.95,20.02,106.53,37.282500000000006,77.32,33.2547323699951,0.0010437456296712,65.97,48.0,43.525539343309525,0.0573282208734739,18.41896180478759,40.0,40.7930908203125,36.9967084418131,Normal,Sensor Risk
/content/dacon_01/agv01_0903_1018/agv01_0903_102245.json,agv01,2024-09-03 10:22:45,1,72.0,41.0,32.0,40.6,2.11,77.13,50.03,20.01,106.58,37.31999999999999,77.13,33.09461386187587,0.001578242765831,65.97999999999999,48.333333333333336,43.75614736613251,0.058923822855405955,19.09735727704664,40.0,40.76274871826172,37.19272526121263,Normal,Sensor Risk
/content/dacon_01/agv01_0903_1018/agv01_0903_102246.json,agv01,2024-09-03 10:22:46,1,72.0,41.0,32.0,40.68,1.72,77.31,50.01,19.96,106.75,37.25,77.31,33.31139044431099,0.0013688899032691,66.07,48.333333333333336,43.85896893058641,0.05987348363971729,19.501120611232707,40.0,40.890289306640625,37.28012359099844,Normal,Sensor Risk
/content/dacon_01/agv01_0903_1018/agv01_0903_102247.json,agv01,2024-09-03 10:22:47,1,72.0,41.0,32.0,40.71,1.87,77.49,49.95,20.02,106.95,37.3325,77.49,33.31234843617804,0.0014362566513295,66.24000000000001,48.333333333333336,43.94805706262948,0.06037793978392329,19.715598136366026,40.0,41.020164489746094,37.35584850323506,Normal,Sensor Risk
/content/dacon_01/agv01_0903_1018/agv01_0903_102248.json,agv01,2024-09-03 10:22:48,1,72.0,41.0,31.0,40.8,2.03,77.33,50.04,19.97,107.06,37.3425,77.33,33.21145924225552,0.0014783064732908,66.26,48.0,43.80047926785861,0.060936748196139444,19.953184389705143,40.0,41.073707580566406,37.23040737767982,Normal,Sensor Risk
/content/dacon_01/agv01_0903_1018/agv01_0903_102249.json,agv01,2024-09-03 10:22:49,1,73.0,42.0,32.0,40.89,1.77,77.65,49.99,19.99,107.14,37.35,77.65,33.42237573841812,0.0010426486668559,66.25,49.0,44.519836001685924,0.06153200576846422,20.206267581168763,40.0,41.05424880981445,37.841860601433034,Normal,Sensor Risk
/content/dacon_01/agv01_0903_1018/agv01_0903_102250.json,agv01,2024-09-03 10:22:50,1,73.0,42.0,32.0,41.0,1.96,77.68,49.95,20.05,107.34,37.41,77.68,33.351644637108976,0.0013844735847274,66.34,49.0,44.6385714649671,0.06266347096297391,20.68732794187641,40.0,41.047637939453125,37.94278574522203,Normal,Sensor Risk
/content/dacon_01/agv01_0903_1018/agv01_0903_102251.json,agv01,2024-09-03 10:22:51,1,74.0,42.0,31.0,41.17,1.98,77.65,50.05,19.96,107.42,37.41,77.65,33.36072840931385,0.0015866302359157,66.25,49.0,44.74735575938591,0.0631714990610757,20.903324139822548,40.0,41.15672302246094,38.035252395478025,Normal,Sensor Risk
/content/dacon_01/agv01_0903_1018/agv01_0903_102252.json,agv01,2024-09-03 10:22:52,1,73.0,42.0,31.0,41.3,1.76,77.89,49.96,19.98,107.62,37.3975,77.89,33.520439908609,0.0009598458811198,66.32000000000001,48.66666666666666,44.67613458295028,0.06411969850887812,21.306466163630258,40.0,41.10236740112305,37.97471439550774,Normal,Sensor Risk
/content/dacon_01/agv01_0903_1018/agv01_0903_102253.json,agv01,2024-09-03 10:22:53,1,74.0,42.0,32.0,41.39,2.06,77.94,49.99,20.04,107.64,37.5075,77.94,33.42772639092684,0.001582516233332,66.25,49.333333333333336,45.15780019752807,0.06554079412091698,21.910667486874427,40.0,41.22924041748047,38.38413016789886,Normal,Sensor Risk
/content/dacon_01/agv01_0903_1018/agv01_0903_102254.json,agv01,2024-09-03 10:22:54,1,73.0,42.0,30.0,41.41,1.9,77.96,50.05,19.95,107.81,37.465,77.96,33.515527247332194,0.0014743199593941,66.4,48.333333333333336,44.590130380040485,0.06611698736622507,22.15564517754509,40.0,41.38654327392578,37.90161082303441,Normal,Sensor Risk
/content/dacon_01/agv01_0903_1018/agv01_0903_102255.json,agv01,2024-09-03 10:22:55,1,74.0,42.0,31.0,41.5,1.73,78.31,49.95,19.97,107.98,37.49,78.31,33.70090008689184,0.0012537445270713,66.48,49.0,45.13167123811133,0.06679378497583283,22.443396408235905,40.0,41.3754997253418,38.36192055239463,Normal,Sensor Risk
/content/dacon_01/agv01_0903_1018/agv01_0903_102256.json,agv01,2024-09-03 10:22:56,1,74.0,42.0,32.0,41.59,2.02,78.2,49.98,20.02,107.95,37.555,78.2,33.549014391881414,0.0015971629633644,66.36,49.333333333333336,45.37151438012593,0.06723933431840529,22.632828773005944,40.0,41.51584243774414,38.56578722310704,Normal,Sensor Risk
/content/dacon_01/agv01_0903_1018/agv01_0903_102257.json,agv01,2024-09-03 10:22:57,1,74.0,42.0,30.0,41.7,1.82,78.44,50.05,19.96,107.92,37.5675,78.44,33.73564818309163,0.001661944423171,66.22,48.66666666666666,45.028035797485096,0.06821759985803434,23.048753872289048,40.0,41.52037811279297,38.27383042786233,Normal,Sensor Risk
/content/dacon_01/agv01_0903_1018/agv01_0903_102258.json,agv01,2024-09-03 10:22:58,1,74.0,42.0,32.0,41.78,1.89,78.67,49.95,20.05,108.05,37.64,78.67,33.77606450333332,0.0016901202182469,66.27,49.333333333333336,45.5447830414402,0.06855531468857232,23.19233868513459,40.0,41.520843505859375,38.713065585224165,Normal,Sensor Risk
/content/dacon_01/agv01_0903_1018/agv01_0903_102259.json,agv01,2024-09-03 10:22:59,1,75.0,42.0,31.0,41.82,2.06,78.54,50.04,19.99,108.31,37.657500000000006,78.54,33.684950521956644,0.0020578535550244,66.49000000000001,49.333333333333336,45.62830563712297,0.06968903141202458,23.674356319057992,40.0,41.55145263671875,38.784059791554526,Normal,Sensor Risk
/content/dacon_01/agv01_0903_1018/agv01_0903_102300.json,agv01,2024-09-03 10:23:00,1,76.0,43.0,31.0,42.0,1.74,78.84,50.0,19.95,108.42,37.63249999999999,78.84,33.92125918948175,0.0017072400580393,66.42,50.0,46.192833056544806,0.07034108554160735,23.951587467042117,40.0,41.49222946166992,39.263908098063084,Normal,Sensor Risk
/content/dacon_01/agv01_0903_1018/agv01_0903_102301.json,agv01,2024-09-03 10:23:01,1,75.0,43.0,31.0,42.03,1.86,79.08,49.95,20.03,108.36,37.73,79.08,33.95633372435841,0.0016971234116053,66.33,49.66666666666666,46.00744056440583,0.07090234944383335,24.190217710877434,40.0,41.4593505859375,39.106324479744956,Normal,Sensor Risk
/content/dacon_01/agv01_0903_1018/agv01_0903_102302.json,agv01,2024-09-03 10:23:02,1,74.0,43.0,32.0,42.1,2.08,78.98,50.04,19.98,108.4,37.77,78.98,33.85792472474748,0.0019322240236603,66.30000000000001,49.66666666666666,46.04739674636851,0.07228124969817255,24.776479009016384,40.0,41.4692497253418,39.140287234413236,Normal,Sensor Risk
/content/dacon_01/agv01_0903_1018/agv01_0903_102303.json,agv01,2024-09-03 10:23:03,1,75.0,43.0,33.0,42.18,1.77,79.29,49.97,19.95,108.53,37.745,79.29,34.089589319908214,0.0015776247680985,66.35,50.333333333333336,46.567051853556876,0.07339565453449216,25.2502858880398,40.0,41.61656188964844,39.58199407552334,Normal,Sensor Risk
/content/dacon_01/agv01_0903_1018/agv01_0903_102304.json,agv01,2024-09-03 10:23:04,1,75.0,43.0,33.0,42.29,1.82,79.32,50.01,19.95,108.7,37.77499999999999,79.32,34.08897622399358,0.0015816910907649,66.41,50.333333333333336,46.67305562362347,0.07440139962893587,25.67789435559209,40.0,41.70207977294922,39.672097280079946,Normal,Sensor Risk
/content/dacon_01/agv01_0903_1018/agv01_0903_102305.json,agv01,2024-09-03 10:23:05,2,75.0,43.0,33.0,42.4,1.88,79.35,50.04,19.95,108.78,37.80499999999999,79.35,34.08366617604391,0.0015888280530934,66.38,50.333333333333336,46.75447671719404,0.07517724461045666,26.007757146312176,70.0,41.84233093261719,39.74130520961493,Normal,Sensor Risk
/content/dacon_01/agv01_0903_1018/agv01_0903_102306.json,agv01,2024-09-03 10:23:06,2,77.0,43.0,33.0,42.43,1.82,79.74,49.95,20.02,108.95,37.8825,79.74,34.240559161127415,0.0014425794250523,66.52000000000001,51.0,47.27025322086701,0.07567626491174982,26.21992353667521,70.0,42.003875732421875,40.17971523773696,Caution,Sensor Risk
/content/dacon_01/agv01_0903_1018/agv01_0903_102307.json,agv01,2024-09-03 10:23:07,2,76.0,43.0,32.0,42.5,2.14,79.66,50.02,19.98,109.06,37.95,79.66,34.11102461082047,0.0020876639052981,66.56,50.333333333333336,46.92019432583599,0.07667787931501675,26.645775775403923,70.0,65.14115905761719,55.36998519897461,Caution,Degradation Risk
/content/dacon_01/agv01_0903_1018/agv01_0903_102308.json,agv01,2024-09-03 10:23:08,2,76.0,43.0,33.0,42.56,1.72,79.89,50.02,19.95,109.08,37.895,79.89,34.35718896145803,0.0020934754450825,66.52,50.66666666666666,47.18795390151041,0.07707998587858182,26.816737754128646,70.0,65.37527465820312,55.568983459472655,Caution,Degradation Risk
/content/dacon_01/agv01_0903_1018/agv01_0903_102309.json,agv01,2024-09-03 10:23:09,2,76.0,43.0,33.0,42.6,1.89,80.18,49.96,20.03,109.32,38.015,80.18,34.394990429809205,0.0023520554936967,66.72,50.66666666666666,47.306723979849366,0.07707014601115132,26.812554178532682,70.0,65.3907241821289,55.58211555480957,Caution,Degradation Risk
/content/dacon_01/agv01_0903_1018/agv01_0903_102310.json,agv01,2024-09-03 10:23:10,2,75.0,44.0,32.0,42.69,2.12,80.16,50.04,20.0,109.45,38.08,80.16,34.32091684867019,0.0026055352577436,66.76,50.333333333333336,47.18151038140765,0.07808562481621863,27.24430108743194,70.0,65.32875061035156,55.52943801879883,Caution,Degradation Risk
/content/dacon_01/agv01_0903_1018/agv01_0903_102311.json,agv01,2024-09-03 10:23:11,2,76.0,42.0,33.0,42.74,1.76,80.53,49.98,19.94,109.53,38.0525,80.53,34.601596663545266,0.0021747023101044,66.78999999999999,50.333333333333336,47.2604352481159,0.07916519972108518,27.703299469057875,70.0,65.36420440673828,55.55957374572754,Caution,Degradation Risk
/content/dacon_01/agv01_0903_1018/agv01_0903_102312.json,agv01,2024-09-03 10:23:12,2,76.0,43.0,33.0,42.9,1.87,80.71,49.96,20.02,109.46,38.14,80.71,34.62063257654314,0.0023400122251635,66.56,50.66666666666666,47.551980868187556,0.07977059552290772,27.960693089479268,70.0,65.4365463256836,55.62106437683105,Caution,Degradation Risk
/content/dacon_01/agv01_0903_1018/agv01_0903_102313.json,agv01,2024-09-03 10:23:13,2,78.0,43.0,33.0,43.0,2.06,80.78,50.04,19.94,109.66,38.205,80.78,34.60620898047054,0.0028051183305553,66.66,51.333333333333336,48.087921914643644,0.08014862668682916,28.121419030460242,70.0,65.39086151123047,55.582232284545896,Caution,Degradation Risk
/content/dacon_01/agv01_0903_1018/agv01_0903_102314.json,agv01,2024-09-03 10:23:14,2,77.0,43.0,33.0,43.1,1.69,81.2,49.97,19.96,109.82,38.205000000000005,81.2,34.896086217989165,0.0020970994302124,66.72,51.0,48.007357986574895,0.08053480404866954,28.285608456600357,70.0,65.34053802490234,55.53945732116699,Caution,Degradation Risk
/content/dacon_01/agv01_0903_1018/agv01_0903_102315.json,agv01,2024-09-03 10:23:15,2,77.0,43.0,33.0,43.1,2.01,81.31,49.96,20.04,109.77,38.33,81.31,34.8147660243945,0.0026420388159811,66.66999999999999,51.0,48.01202422841312,0.08126825746985476,28.597447803554836,70.0,65.30064392089844,55.50554733276367,Caution,Degradation Risk
/content/dacon_01/agv01_0903_1018/agv01_0903_102316.json,agv01,2024-09-03 10:23:16,2,77.0,43.0,32.0,43.1,1.84,81.48,50.04,19.94,109.78,38.325,81.48,34.9702668944157,0.0028036497404313,66.68,50.66666666666666,47.82566481959646,0.08259174150560121,29.160148018034608,70.0,65.3365707397461,55.53608512878418,Caution,Degradation Risk
/content/dacon_01/agv01_0903_1018/agv01_0903_102317.json,agv01,2024-09-03 10:23:17,2,77.0,44.0,34.0,43.1,1.78,81.87,49.95,20.02,109.81,38.40500000000001,81.87,35.127824204373,0.0026179129544263,66.71000000000001,51.66666666666666,48.49555351848957,0.08368456983156826,29.62478130170275,70.0,65.40174865722656,55.59148635864258,Caution,Degradation Risk
/content/dacon_01/agv01_0903_1018/agv01_0903_102318.json,agv01,2024-09-03 10:23:18,2,77.0,44.0,33.0,43.17,2.09,81.97,50.0,20.02,109.87,38.52,81.97,35.06702059390466,0.0031518761383728,66.7,51.333333333333336,48.356737500981474,0.08440406946566155,29.930687974913262,70.0,65.49653625488281,55.67205581665039,Caution,Degradation Risk
/content/dacon_01/agv01_0903_1018/agv01_0903_102319.json,agv01,2024-09-03 10:23:19,2,78.0,44.0,32.0,43.3,1.88,82.22,50.01,19.94,110.09,38.5125,82.22,35.25817103878192,0.0031669490786559,66.79,51.333333333333336,48.508922627704294,0.08543335805491002,30.368306332436585,70.0,65.59666442871094,55.757164764404294,Caution,Degradation Risk
/content/dacon_01/agv01_0903_1018/agv01_0903_102320.json,agv01,2024-09-03 10:23:20,2,77.0,43.0,32.0,43.37,1.88,82.66,49.94,20.02,110.08,38.625,82.66,35.41869327535014,0.0031083267749976,66.71000000000001,50.66666666666666,48.16883148678979,0.08607869110468845,30.642679906815516,70.0,65.696044921875,55.84163818359375,Caution,Degradation Risk
/content/dacon_01/agv01_0903_1018/agv01_0903_102321.json,agv01,2024-09-03 10:23:21,2,78.0,44.0,34.0,43.4,2.05,82.64,50.03,19.99,110.1,38.6775,82.64,35.366542923126275,0.0034180199544456,66.69999999999999,52.0,49.025164566012364,0.08701170098200663,31.03936384398336,70.0,65.79962158203125,55.92967834472656,Caution,Degradation Risk
/content/dacon_01/agv01_0903_1018/agv01_0903_102322.json,agv01,2024-09-03 10:23:22,2,78.0,44.0,33.0,43.5,1.78,83.06,50.03,19.94,110.23,38.7025,83.06,35.64268262911758,0.0029577502906438,66.73,51.66666666666666,48.93971092503577,0.08779773704135957,31.37355953296821,70.0,65.85697174072266,55.97842597961426,Caution,Degradation Risk
/content/dacon_01/agv01_0903_1018/agv01_0903_102323.json,agv01,2024-09-03 10:23:23,2,78.0,44.0,34.0,43.6,1.87,83.47,49.94,20.02,110.2,38.825,83.47,35.75853884039447,0.0030691601471,66.6,52.0,49.2338007536229,0.08860469042317393,31.71664855312856,70.0,65.97169494628906,56.075940704345705,Caution,Degradation Risk
/content/dacon_01/agv01_0903_1018/agv01_0903_102324.json,agv01,2024-09-03 10:23:24,2,78.0,44.0,35.0,43.8,2.04,83.57,50.03,19.97,110.22,38.9025,83.57,35.759801803142025,0.0036092500531189,66.42,52.333333333333336,49.567473313455686,0.08908610978849342,31.92133162659474,70.0,65.93980407714844,56.04883346557617,Caution,Degradation Risk
/content/dacon_01/agv01_0903_1018/agv01_0903_102325.json,agv01,2024-09-03 10:23:25,2,78.0,44.0,33.0,43.87,1.7,84.07,49.98,19.94,110.18,38.9225,84.07,36.08515334132122,0.0032163420898439,66.31,51.66666666666666,49.22072290539679,0.08943793053672895,32.07091379392244,70.0,65.88907623291016,56.00571479797363,Caution,Degradation Risk
/content/dacon_01/agv01_0903_1018/agv01_0903_102326.json,agv01,2024-09-03 10:23:26,2,78.0,44.0,33.0,43.9,1.91,84.31,49.96,20.04,110.25,39.055,84.31,36.093652719926624,0.0036791249217764,66.35,51.66666666666666,49.28556522599814,0.0900021773834514,32.31081228388887,70.0,65.84370422363281,55.96714859008789,Caution,Degradation Risk
/content/dacon_01/agv01_0903_1018/agv01_0903_102327.json,agv01,2024-09-03 10:23:27,2,79.0,44.0,34.0,44.08,2.04,84.56,50.02,19.94,110.34,39.14,84.56,36.17734466025204,0.004031766536787,66.26,52.333333333333336,49.8490181210628,0.0901076842179585,32.355670186819864,70.0,65.7960433959961,55.926636886596675,Caution,Degradation Risk
/content/dacon_01/agv01_0903_1018/agv01_0903_102328.json,agv01,2024-09-03 10:23:28,2,78.0,44.0,34.0,44.12,1.71,85.12,49.96,19.98,110.49,39.1925,85.12,36.51178930610404,0.0037254661751247,66.37,52.0,49.75438195684389,0.09111678850199192,32.784706867068,70.0,65.80027770996094,55.93023605346679,Caution,Degradation Risk
/content/dacon_01/agv01_0903_1018/agv01_0903_102329.json,agv01,2024-09-03 10:23:29,2,79.0,44.0,34.0,44.2,2.02,85.31,49.96,20.01,110.5,39.325,85.31,36.480386054243816,0.0041671254051925,66.3,52.333333333333336,50.031484832923546,0.09210342951457204,33.20419293142408,70.0,65.87374877929688,55.99268646240234,Caution,Degradation Risk
/content/dacon_01/agv01_0903_1018/agv01_0903_102330.json,agv01,2024-09-03 10:23:30,2,79.0,44.0,34.0,44.3,1.96,85.52,49.95,19.97,110.67,39.35,85.52,36.595197316952216,0.0041504120425592,66.37,52.333333333333336,50.150158504811095,0.09293264191036953,33.556745724175656,70.0,65.95783996582031,56.06416397094726,Caution,Degradation Risk
/content/dacon_01/agv01_0903_1018/agv01_0903_102331.json,agv01,2024-09-03 10:23:31,2,80.0,44.0,35.0,44.4,1.9,85.73,49.94,19.94,110.84,39.3775,85.73,36.708310026477655,0.0033171090441441,66.44,53.0,50.674561876350964,0.09358725562807128,33.835065121617,70.0,66.07263946533203,56.161743545532225,Caution,Degradation Risk
/content/dacon_01/agv01_0903_1018/agv01_0903_102332.json,agv01,2024-09-03 10:23:32,2,79.0,45.0,33.0,44.56,2.1,85.75,50.0,20.01,111.07,39.465,85.75,36.6420873677615,0.0030759316331414,66.50999999999999,52.333333333333336,50.40167346774675,0.09467397624822968,34.297101617355935,70.0,66.17485809326172,56.24862937927246,Caution,Degradation Risk
/content/dacon_01/agv01_0903_1018/agv01_0903_102333.json,agv01,2024-09-03 10:23:33,2,80.0,44.0,34.0,44.61,1.8,86.17,50.01,19.94,111.26,39.48,86.17,36.93431557057294,0.0026634097259997,66.65,52.66666666666666,50.72429426820327,0.09463447087161293,34.28030528034323,70.0,66.16810607910156,56.242890167236325,Caution,Degradation Risk
/content/dacon_01/agv01_0903_1018/agv01_0903_102334.json,agv01,2024-09-03 10:23:34,2,79.0,44.0,35.0,44.7,1.87,86.79,49.94,20.0,111.39,39.650000000000006,86.79,37.15514589752901,0.0030329109712404,66.69,52.66666666666666,50.87324432154088,0.0946542102085741,34.28869777231271,70.0,66.14130401611328,56.22010841369629,Caution,Degradation Risk
/content/dacon_01/agv01_0903_1018/agv01_0903_102335.json,agv01,2024-09-03 10:23:35,2,79.0,45.0,35.0,45.0,2.05,86.72,50.04,19.94,111.55,39.6875,86.72,37.08447777260274,0.0035218578134207,66.55,53.0,51.27875738017504,0.09549548948906757,34.64638099234797,70.0,66.15823364257812,56.23449859619141,Caution,Degradation Risk
/content/dacon_01/agv01_0903_1018/agv01_0903_102336.json,agv01,2024-09-03 10:23:36,2,79.0,44.0,34.0,45.0,1.74,87.26,49.97,19.94,111.59,39.7275,87.26,37.41141837728156,0.0035925858696559,66.59,52.333333333333336,50.92821512267462,0.09643041510083655,35.04387943438119,70.0,66.2215347290039,56.288304519653316,Caution,Degradation Risk
/content/dacon_01/agv01_0903_1018/agv01_0903_102337.json,agv01,2024-09-03 10:23:37,2,79.0,44.0,34.0,45.13,1.91,87.66,49.97,20.02,111.57,39.89,87.66,37.50945036476364,0.0040374757736955,66.44,52.333333333333336,51.03555829292837,0.0970968681472696,35.32723251008117,70.0,66.31941223144531,56.371500396728514,Caution,Degradation Risk
/content/dacon_01/agv01_0903_1018/agv01_0903_102338.json,agv01,2024-09-03 10:23:38,2,80.0,45.0,33.0,45.2,1.98,88.02,50.04,19.94,111.55,39.995,88.02,37.65919940731613,0.0045868802269991,66.35,52.66666666666666,51.317840212149974,0.09795145702180388,35.69057451497452,70.0,66.41293334960938,56.450993347167966,Caution,Degradation Risk
/content/dacon_01/agv01_0903_1018/agv01_0903_102339.json,agv01,2024-09-03 10:23:39,2,78.0,44.0,35.0,45.4,1.72,88.7,49.94,19.96,111.68,40.080000000000005,88.7,38.023799564658624,0.0044355171940667,66.28,52.333333333333336,51.31393138890991,0.09875997115046946,36.03432711139588,70.0,66.48005676269531,56.50804824829101,Caution,Degradation Risk
/content/dacon_01/agv01_0903_1018/agv01_0903_102340.json,agv01,2024-09-03 10:23:40,2,80.0,46.0,34.0,45.5,2.02,88.99,49.97,20.03,111.78,40.2525,88.99,38.03703140800204,0.0053897534896173,66.28,53.333333333333336,52.059492145579185,0.09918199292733153,36.21375635870183,70.0,66.58342742919922,56.595913314819335,Caution,Degradation Risk
/content/dacon_01/agv01_0903_1018/agv01_0903_102341.json,agv01,2024-09-03 10:23:41,2,80.0,46.0,34.0,45.7,1.84,89.53,50.03,19.94,111.76,40.335,89.53,38.34910733424356,0.0056469045965541,66.06,53.333333333333336,52.21428794500095,0.09942426309496458,36.316761360354356,70.0,66.53115844726562,56.55148468017578,Caution,Degradation Risk
/content/dacon_01/agv01_0903_1018/agv01_0903_102342.json,agv01,2024-09-03 10:23:42,2,80.0,45.0,35.0,45.87,1.86,90.23,49.93,20.02,111.72,40.510000000000005,90.23,38.61984550288448,0.0057457761045601,65.85,53.333333333333336,52.362172411430564,0.10058221942458694,36.80908484702885,70.0,66.63816833496094,56.642443084716795,Caution,Degradation Risk
/content/dacon_01/agv01_0903_1018/agv01_0903_102343.json,agv01,2024-09-03 10:23:43,2,80.0,44.0,34.0,46.0,2.11,90.49,49.99,19.97,111.9,40.64,90.49,38.66201753659527,0.0061240445427052,65.9,52.66666666666666,52.09261572482323,0.10126616931291847,37.09987698237978,70.0,66.807373046875,56.78626708984375,Caution,Degradation Risk
/content/dacon_01/agv01_0903_1018/agv01_0903_102344.json,agv01,2024-09-03 10:23:44,2,80.0,45.0,33.0,46.16,1.86,91.11,50.01,19.93,112.05,40.7275,91.11,39.020420615364976,0.0060779555830076,65.89,52.66666666666666,52.27737818307519,0.10147295988341831,37.18779727097398,70.0,66.92262268066406,56.884229278564455,Caution,Degradation Risk
/content/dacon_01/agv01_0903_1018/agv01_0903_102345.json,agv01,2024-09-03 10:23:45,2,80.0,45.0,35.0,46.24,1.83,91.87,49.93,19.97,111.96,40.9,91.87,39.34468028420954,0.0060161943649964,65.72,53.333333333333336,52.7859582242733,0.10240890701306234,37.585730027522416,70.0,67.02631378173828,56.97236671447754,Caution,Degradation Risk
/content/dacon_01/agv01_0903_1018/agv01_0903_102346.json,agv01,2024-09-03 10:23:46,2,80.0,44.0,34.0,46.4,2.01,92.19,50.01,19.97,111.88,41.045,92.19,39.42955363683439,0.0063362176768965,65.47999999999999,52.66666666666666,52.465900475113635,0.10256991486551725,37.65418506790241,70.0,67.01844024658203,56.965674209594724,Caution,Degradation Risk
/content/dacon_01/agv01_0903_1018/agv01_0903_102347.json,agv01,2024-09-03 10:23:47,2,79.0,45.0,33.0,46.51,1.73,93.05,49.99,19.93,111.95,41.175,93.05,39.89978237200465,0.0061868778517059,65.44,52.333333333333336,52.41751493171702,0.10285577307500497,37.77572221640215,70.0,66.98188781738281,56.93460464477539,Caution,Degradation Risk
/content/dacon_01/agv01_0903_1018/agv01_0903_102348.json,agv01,2024-09-03 10:23:48,2,81.0,45.0,33.0,46.6,1.91,93.68,49.96,20.02,112.04,41.392500000000005,93.68,40.09586959193345,0.0068860983481882,65.44,53.0,52.97760814202577,0.1035968179180026,38.090789176661104,70.0,67.07701110839844,57.01545944213867,Caution,Degradation Risk
/content/dacon_01/agv01_0903_1018/agv01_0903_102349.json,agv01,2024-09-03 10:23:49,2,80.0,44.0,34.0,46.86,2.1,94.21,50.03,19.93,112.07,41.5675,94.21,40.28528132788284,0.007566312568042,65.21,52.66666666666666,52.97318958463576,0.10357889605369104,38.08316941199482,70.0,67.06644439697266,57.006477737426756,Caution,Degradation Risk
/content/dacon_01/agv01_0903_1018/agv01_0903_102350.json,agv01,2024-09-03 10:23:50,2,80.0,45.0,35.0,46.94,1.72,95.02,49.96,19.95,111.99,41.6625,95.02,40.75417064546891,0.0072786563229899,65.05,53.333333333333336,53.48650167901843,0.10426475522981433,38.37477331131184,70.0,67.13941955566406,57.06850662231445,Caution,Degradation Risk
/content/dacon_01/agv01_0903_1018/agv01_0903_102351.json,agv01,2024-09-03 10:23:51,2,80.0,45.0,35.0,47.3,2.03,95.74,49.97,20.02,112.01,41.940000000000005,95.74,40.95613669931935,0.0079322910048047,64.71000000000001,53.333333333333336,53.7577017413876,0.1041671274830732,38.33326532742488,70.0,67.09696197509766,57.032417678833006,Caution,Degradation Risk
/content/dacon_01/agv01_0903_1018/agv01_0903_102352.json,agv01,2024-09-03 10:23:52,2,81.0,45.0,34.0,47.43,1.93,96.4,50.03,19.93,112.05,42.072500000000005,96.4,41.29773873954844,0.0080391216207797,64.62,53.333333333333336,53.90304527693236,0.10464313034528185,38.53564548874411,70.0,67.0093994140625,56.95798950195312,Caution,Degradation Risk
/content/dacon_01/agv01_0903_1018/agv01_0903_102353.json,agv01,2024-09-03 10:23:53,2,80.0,45.0,34.0,47.6,1.81,97.33,49.94,20.01,111.94,42.2725,97.33,41.725099061196566,0.0079613718051119,64.34,53.0,53.84417831833385,0.10539974841054593,38.85733365127888,70.0,67.1176986694336,57.05004386901855,Caution,Degradation Risk
/content/dacon_01/agv01_0903_1018/agv01_0903_102354.json,agv01,2024-09-03 10:23:54,2,80.0,45.0,33.0,47.8,2.06,97.92,50.01,20.0,111.91,42.4975,97.92,41.91030133909005,0.0084615480717296,64.11,52.66666666666666,53.7961813488166,0.10595703517672754,39.09427295268894,70.0,67.2612533569336,57.172065353393556,Caution,Degradation Risk
/content/dacon_01/agv01_0903_1018/agv01_0903_102355.json,agv01,2024-09-03 10:23:55,2,81.0,45.0,35.0,47.9,1.86,98.79,50.02,19.93,111.98,42.650000000000006,98.79,42.371527389667385,0.0086597754969669,64.08000000000001,53.66666666666666,54.5816590677195,0.10704609064983367,39.55730214816507,70.0,67.45333862304688,57.33533782958984,Caution,Degradation Risk
/content/dacon_01/agv01_0903_1018/agv01_0903_102356.json,agv01,2024-09-03 10:23:56,2,81.0,45.0,34.0,48.2,1.8,99.82,49.93,19.99,112.1,42.885,99.82,42.83061405116671,0.0084487008745819,63.89999999999999,53.333333333333336,54.66066087495825,0.10716746556386014,39.60890661660631,70.0,67.69574737548828,57.54138526916504,Caution,Degradation Risk
/content/dacon_01/agv01_0903_1018/agv01_0903_102357.json,agv01,2024-09-03 10:23:57,2,81.0,45.0,35.0,48.28,2.09,100.42,50.01,19.97,112.18,43.1225,100.42,43.01219003569415,0.0091016348135795,63.900000000000006,53.66666666666666,55.00092236020361,0.1076455695088361,39.81218008656538,70.0,67.7522201538086,57.5893871307373,Caution,Degradation Risk
/content/dacon_01/agv01_0903_1018/agv01_0903_102358.json,agv01,2024-09-03 10:23:58,2,81.0,45.0,35.0,48.5,1.77,101.46,50.0,19.92,112.11,43.2875,101.46,43.58455489046549,0.0089911442888069,63.61,53.66666666666666,55.19758924197068,0.10851288487544994,40.18093296127606,70.0,67.89616394042969,57.71173934936523,Caution,Degradation Risk
/content/dacon_01/agv01_0903_1018/agv01_0903_102359.json,agv01,2024-09-03 10:23:59,2,81.0,45.0,36.0,48.67,1.87,102.55,49.94,20.0,112.22,43.59,102.55,44.02139858447632,0.0094957089603011,63.55,54.0,55.63944877597308,0.10895136246011854,40.367358656088804,70.0,68.13501739501953,57.9147647857666,Caution,Degradation Risk
/content/dacon_01/agv01_0903_1018/agv01_0903_102400.json,agv01,2024-09-03 10:24:00,2,81.0,45.0,34.0,48.8,2.04,103.32,49.99,19.93,112.24,43.82,103.32,44.32688950663393,0.0100727734632234,63.44,53.333333333333336,55.379999255330965,0.10924384811319433,40.491713567272285,70.0,68.34355163574219,58.09201889038086,Caution,Degradation Risk
/content/dacon_01/agv01_0903_1018/agv01_0903_102401.json,agv01,2024-09-03 10:24:01,2,81.0,45.0,34.0,49.07,1.73,104.55,49.96,19.95,112.34,44.0475,104.55,44.97025118527432,0.0101137351869198,63.27,53.333333333333336,55.66993589059853,0.10911978964170313,40.43896814184162,70.0,68.40164184570312,58.141395568847656,Caution,Degradation Risk
/content/dacon_01/agv01_0903_1018/agv01_0903_102402.json,agv01,2024-09-03 10:24:02,2,81.0,45.0,35.0,49.12,1.96,105.52,49.93,20.01,112.5,44.355,105.52,45.32200679581609,0.0106335896318619,63.38,53.66666666666666,56.05207403073421,0.10946696844204734,40.58657671145035,70.0,68.39551544189453,58.13618812561035,Caution,Degradation Risk
/content/dacon_01/agv01_0903_1018/agv01_0903_102403.json,agv01,2024-09-03 10:24:03,2,81.0,45.0,35.0,49.3,2.02,106.43,50.02,19.92,112.43,44.5975,106.43,45.732862272841245,0.0110450681799186,63.13000000000001,53.66666666666666,56.22215766551729,0.10976095860978784,40.711571290889474,70.0,68.38872528076172,58.13041648864746,Caution,Degradation Risk
/content/dacon_01/agv01_0903_1018/agv01_0903_102404.json,agv01,2024-09-03 10:24:04,2,81.0,44.0,35.0,49.52,1.78,107.8,49.94,19.92,112.27,44.86,107.8,46.42248018650734,0.0108783800859499,62.74999999999999,53.333333333333336,56.21825724341156,0.11028141659887486,40.93285225399668,70.0,68.308349609375,58.06209716796875,Caution,Degradation Risk
/content/dacon_01/agv01_0903_1018/agv01_0903_102405.json,agv01,2024-09-03 10:24:05,2,82.0,44.0,34.0,49.7,1.97,108.66,49.95,20.02,112.23,45.15,108.66,46.735387734207,0.0112204734007786,62.53,53.333333333333336,56.39059791079303,0.11131772190924813,41.373453881718376,70.0,68.44486236572266,58.17813301086426,Caution,Degradation Risk
/content/dacon_01/agv01_0903_1018/agv01_0903_102406.json,agv01,2024-09-03 10:24:06,2,80.0,44.0,35.0,49.9,1.75,109.13,50.0,19.92,112.28,45.2,109.13,47.03568078243013,0.0101699632091365,62.38,53.0,56.331667874147136,0.11182844363749611,41.590595319214096,70.0,68.63106536865234,58.33640556335449,Caution,Degradation Risk
/content/dacon_01/agv01_0903_1018/agv01_0903_102407.json,agv01,2024-09-03 10:24:07,2,80.0,46.0,34.0,49.93,1.82,110.26,49.91,19.99,112.36,45.495000000000005,110.26,47.51143055448166,0.0093642678038224,62.43,53.333333333333336,56.67997453645138,0.11229714397448969,41.7898706961961,70.0,68.92413330078125,58.58551330566406,Caution,Degradation Risk
/content/dacon_01/agv01_0903_1018/agv01_0903_102408.json,agv01,2024-09-03 10:24:08,2,80.0,46.0,35.0,50.2,2.14,111.31,49.95,19.94,112.46,45.835,111.31,47.901680207135385,0.0097503530375637,62.25999999999999,53.66666666666666,57.16478917142296,0.11294505802716091,42.06534162486275,70.0,69.2356948852539,58.85034065246582,Caution,Degradation Risk
/content/dacon_01/agv01_0903_1018/agv01_0903_102409.json,agv01,2024-09-03 10:24:09,2,81.0,47.0,35.0,50.33,1.72,112.81,49.97,19.92,112.48,46.105,112.81,48.71747701458551,0.0102247818233828,62.150000000000006,54.333333333333336,57.810613591538385,0.11318280007691686,42.166421425431004,70.0,69.39079284667969,58.982173919677734,Caution,Degradation Risk
/content/dacon_01/agv01_0903_1018/agv01_0903_102410.json,agv01,2024-09-03 10:24:10,2,82.0,46.0,36.0,50.5,1.95,114.17,49.92,19.97,112.47,46.502500000000005,114.17,49.25941086059935,0.0116554414550496,61.97,54.66666666666666,58.25916161263407,0.11359209238430173,42.34043853703182,70.0,69.60171508789062,59.16145782470703,Caution,Degradation Risk
/content/dacon_01/agv01_0903_1018/agv01_0903_102411.json,agv01,2024-09-03 10:24:11,2,82.0,46.0,35.0,50.7,2.0,115.3,50.01,19.92,112.65,46.807500000000005,115.3,49.77324674628596,0.0131806763482273,61.95,54.333333333333336,58.33658247597963,0.11450061263507315,42.72671032132273,70.0,69.86003112792969,59.38102645874023,Caution,Degradation Risk
/content/dacon_01/agv01_0903_1018/agv01_0903_102412.json,agv01,2024-09-03 10:24:12,2,81.0,46.0,35.0,50.8,1.74,117.02,49.94,19.93,112.68,47.1575,117.02,50.63792147853885,0.0134290755697338,61.88000000000001,54.0,58.36382200187691,0.11486315687694745,42.880851751933946,70.0,70.05416870117188,59.546043395996094,Caution,Degradation Risk
/content/dacon_01/agv01_0903_1018/agv01_0903_102413.json,agv01,2024-09-03 10:24:13,2,82.0,46.0,35.0,51.2,1.93,118.39,49.95,20.01,112.57,47.57,118.39,51.197981731053936,0.0139239782967236,61.36999999999999,54.333333333333336,58.891460499390796,0.11502739537785465,42.9506803537079,70.0,70.21327209472656,59.681281280517574,Caution,Degradation Risk
/content/dacon_01/agv01_0903_1018/agv01_0903_102414.json,agv01,2024-09-03 10:24:14,2,82.0,46.0,35.0,51.3,1.94,119.99,50.0,19.9,112.34,47.9575,119.99,51.95410306222214,0.0145826727816919,61.040000000000006,54.333333333333336,59.049341381277245,0.11575866470533423,43.26159109860643,70.0,70.48540496826172,59.91259422302246,Caution,Degradation Risk
/content/dacon_01/agv01_0903_1018/agv01_0903_102415.json,agv01,2024-09-03 10:24:15,2,83.0,46.0,35.0,51.5,1.72,121.75,49.9,19.94,112.38,48.3275,121.75,52.82501135825719,0.0146640304317748,60.88,54.66666666666666,59.549058764218636,0.11628567008792362,43.485655789834674,70.0,70.83816528320312,60.212440490722656,Warning,Degradation Risk
/content/dacon_01/agv01_0903_1018/agv01_0903_102416.json,agv01,2024-09-03 10:24:16,2,83.0,46.0,35.0,51.61,2.07,123.17,49.96,19.97,112.57,48.7925,123.17,53.37634955358661,0.0154772099823715,60.96,54.66666666666666,59.81097160370515,0.11676951082425865,43.69136834756585,70.0,71.23487854003906,60.5496467590332,Warning,Degradation Risk
/content/dacon_01/agv01_0903_1018/agv01_0903_102417.json,agv01,2024-09-03 10:24:17,2,82.0,46.0,35.0,51.7,1.82,124.97,49.99,19.9,112.87,49.17,124.97,54.29876548627357,0.0156545280227347,61.17,54.333333333333336,59.91403554328741,0.11707757058602937,43.822344837904254,70.0,71.42752075195312,60.713392639160155,Warning,Degradation Risk
/content/dacon_01/agv01_0903_1018/agv01_0903_102418.json,agv01,2024-09-03 10:24:18,2,83.0,46.0,34.0,51.97,1.86,126.94,49.9,19.99,114.03,49.67250000000001,126.94,55.18877988323352,0.0160980240326531,62.06,54.333333333333336,60.57369676262608,0.1176405474965344,44.06170339435988,70.0,71.78551483154297,61.01768760681152,Warning,Degradation Risk
/content/dacon_01/agv01_0903_1018/agv01_0903_102419.json,agv01,2024-09-03 10:24:19,2,82.0,46.0,35.0,52.02,2.1,128.48,49.96,19.94,115.69,50.12,128.48,55.84821095314214,0.0166210822939488,63.67,54.333333333333336,61.215187354947425,0.11791068073989162,44.17655482427494,70.0,71.98954772949219,61.191115570068355,Warning,Degradation Risk
/content/dacon_01/agv01_0903_1018/agv01_0903_102420.json,agv01,2024-09-03 10:24:20,2,82.0,46.0,35.0,52.2,1.78,130.44,49.97,19.89,117.28,50.52,130.44,56.866197926946604,0.0167118140630597,65.08,54.333333333333336,61.940600894521545,0.1191437080198639,44.70079591533464,70.0,72.29867553710938,61.45387420654297,Warning,Degradation Risk
/content/dacon_01/agv01_0903_1018/agv01_0903_102421.json,agv01,2024-09-03 10:24:21,2,82.0,46.0,36.0,52.29,1.9,132.59,49.89,19.93,118.78,51.0775,132.59,57.83393200938932,0.0170783224064145,66.49000000000001,54.66666666666666,62.82633393841247,0.11970668147981298,44.94015300473171,70.0,72.54981231689453,61.66734046936035,Warning,Degradation Risk
/content/dacon_01/agv01_0903_1018/agv01_0903_102422.json,agv01,2024-09-03 10:24:22,2,82.0,47.0,36.0,52.4,2.06,134.46,49.99,19.92,120.11,51.6075,134.46,58.66914428953832,0.0178554529210176,67.71000000000001,55.0,63.65319313005979,0.12019413099481249,45.14739989190976,70.0,72.7244873046875,61.81581420898437,Warning,Degradation Risk
/content/dacon_01/agv01_0903_1018/agv01_0903_102423.json,agv01,2024-09-03 10:24:23,2,81.0,46.0,34.0,52.66,1.74,136.67,49.93,19.89,121.21,52.057500000000005,136.67,59.80635494382404,0.0178358113048816,68.55,53.66666666666666,63.47587625378479,0.12097471426181891,45.47927723980395,70.0,72.92346954345703,61.98494911193848,Warning,Degradation Risk
/content/dacon_01/agv01_0903_1018/agv01_0903_102424.json,agv01,2024-09-03 10:24:24,2,82.0,46.0,35.0,52.72,1.92,138.87,49.91,19.98,122.23,52.67,138.87,60.77898814557545,0.0186512724954876,69.51,54.333333333333336,64.43426174881968,0.1214732587637919,45.6912413365448,70.0,73.15605163574219,62.18264389038086,Warning,Degradation Risk
/content/dacon_01/agv01_0903_1018/agv01_0903_102425.json,agv01,2024-09-03 10:24:25,2,82.0,46.0,35.0,52.9,2.02,141.01,49.96,19.89,123.12,53.22,141.01,61.779286172632325,0.0193146692030851,70.22,54.333333333333336,64.99390452422791,0.12233050805068343,46.055714457918285,70.0,73.3754653930664,62.36914558410644,Warning,Degradation Risk
/content/dacon_01/agv01_0903_1018/agv01_0903_102426.json,agv01,2024-09-03 10:24:26,2,82.0,46.0,36.0,52.99,1.72,143.68,49.92,19.91,124.14,53.8075,143.68,63.12507973592324,0.0194976727782908,71.15,54.66666666666666,65.7980774191584,0.12367252591937712,46.62629462522928,70.0,73.81350708007812,62.7414810180664,Warning,Degradation Risk
/content/dacon_01/agv01_0903_1018/agv01_0903_102427.json,agv01,2024-09-03 10:24:27,2,82.0,46.0,36.0,53.1,2.01,146.01,49.88,19.97,124.91,54.4675,146.01,64.14291666531335,0.0203067417342267,71.81,54.66666666666666,66.31001492389012,0.12450031358800384,46.97824167264285,70.0,74.3562240600586,63.2027904510498,Warning,Degradation Risk
/content/dacon_01/agv01_0903_1018/agv01_0903_102428.json,agv01,2024-09-03 10:24:28,3,82.0,46.0,35.0,53.25,1.96,148.46,49.98,19.88,125.76,55.07,148.46,65.33658597345493,0.0210109426806184,72.51,54.333333333333336,66.66667227827162,0.12586148876918438,47.55696687499321,95.0,74.95716857910156,63.713593292236325,Warning,Degradation Risk
/content/dacon_01/agv01_0903_1018/agv01_0903_102429.json,agv01,2024-09-03 10:24:29,3,82.0,46.0,34.0,53.3,1.78,151.14,49.88,19.9,126.57,55.675,151.14,66.66250795362161,0.0209666385970706,73.27,54.0,66.974164765376,0.12656319994930845,47.855310505058966,95.0,75.37903594970703,64.07218055725097,Warning,Degradation Risk
/content/dacon_01/agv01_0903_1018/agv01_0903_102430.json,agv01,2024-09-03 10:24:30,3,82.0,46.0,35.0,53.6,2.12,153.75,49.94,19.94,127.31,56.4375,153.75,67.80953343741571,0.0217677756456806,73.71000000000001,54.333333333333336,67.8117032407218,0.1274148690447873,48.2174111196096,95.0,75.76488494873047,64.4001522064209,Warning,Degradation Risk
/content/dacon_01/agv01_0903_1018/agv01_0903_102431.json,agv01,2024-09-03 10:24:31,3,83.0,46.0,35.0,53.63,1.84,156.69,49.96,19.87,128.26,57.09,156.69,69.30340972852635,0.0221255010667809,74.63,54.66666666666666,68.59540389933555,0.12871101018229023,48.768486067527355,95.0,76.12664031982422,64.70764427185058,Warning,Degradation Risk
/content/dacon_01/agv01_0903_1018/agv01_0903_102432.json,agv01,2024-09-03 10:24:32,3,83.0,45.0,35.0,53.7,1.85,159.67,49.87,19.9,128.7,57.8225,159.67,70.7276284417907,0.0225038967544799,74.99999999999999,54.333333333333336,68.84771520995115,0.130489493349492,49.52463637429603,95.0,76.60163116455078,65.11138648986817,Warning,Degradation Risk
/content/dacon_01/agv01_0903_1018/agv01_0903_102433.json,agv01,2024-09-03 10:24:33,3,83.0,46.0,35.0,53.87,2.08,162.35,49.96,19.92,129.54,58.5775,162.35,71.94758016546955,0.0232004982092417,75.66999999999999,54.66666666666666,69.65155983722674,0.13153711393382964,49.97004887008615,95.0,77.08332824707031,65.52082901000976,Warning,Degradation Risk
/content/dacon_01/agv01_0903_1018/agv01_0903_102434.json,agv01,2024-09-03 10:24:34,3,84.0,46.0,34.0,54.0,1.77,165.67,49.94,19.86,130.27,59.31,165.67,73.63740127589149,0.0235549403455915,76.27000000000001,54.66666666666666,70.25615097902342,0.13325358909836765,50.69983549172077,95.0,77.57490539550781,65.97300460423702,Warning,Degradation Risk
/content/dacon_01/agv01_0903_1018/agv01_0903_102435.json,agv01,2024-09-03 10:24:35,3,83.0,46.0,34.0,54.27,1.87,169.09,49.86,19.92,130.67,60.185,169.09,75.25249519672641,0.0240244429170202,76.39999999999998,54.333333333333336,70.6455190391766,0.1344566159059473,51.21132140644748,95.0,78.06409454345703,66.44005129421956,Warning,Degradation Risk
/content/dacon_01/agv01_0903_1018/agv01_0903_102436.json,agv01,2024-09-03 10:24:36,3,83.0,46.0,37.0,54.3,2.0,170.7,49.85,19.95,131.26,60.62499999999999,170.7,75.99112338512526,0.0231767515039279,76.96,55.333333333333336,71.59767207104224,0.13604128230093013,51.88506744059048,95.0,78.48738861083984,67.10966123931328,Warning,Degradation Risk
/content/dacon_01/agv01_0903_1018/agv01_0903_102437.json,agv01,2024-09-03 10:24:37,3,83.0,46.0,34.0,54.6,1.72,172.76,49.88,19.89,131.63,61.0625,172.76,77.06725823374455,0.0209853430687228,77.03,54.333333333333336,71.40532793990536,0.13714907304201993,52.35606223219623,95.0,78.84659576416016,67.34252868069635,Warning,Degradation Risk
/content/dacon_01/agv01_0903_1018/agv01_0903_102438.json,agv01,2024-09-03 10:24:38,3,84.0,46.0,35.0,54.69,2.04,175.94,49.88,19.93,132.33,61.9475,175.94,78.51601423701197,0.0201258080817374,77.64000000000001,55.0,72.36753990895127,0.1385159956139887,52.93723102883402,95.0,79.15031433105469,67.94090284864643,Warning,Degradation Risk
/content/dacon_01/agv01_0903_1018/agv01_0903_102439.json,agv01,2024-09-03 10:24:39,3,82.0,46.0,36.0,54.8,1.91,179.66,49.95,19.85,133.08,62.8425,179.66,80.36099691392585,0.0206823775792922,78.28000000000002,54.66666666666666,72.80189056196242,0.1403768618101428,53.728407786099176,95.0,79.38888549804688,68.43161981803985,Warning,Degradation Risk
/content/dacon_01/agv01_0903_1018/agv01_0903_102440.json,agv01,2024-09-03 10:24:40,3,83.0,46.0,35.0,54.8,1.81,183.58,49.84,19.9,133.62,63.782500000000006,183.58,82.28426110137953,0.022385062570121,78.82000000000001,54.66666666666666,73.36613111604471,0.14266274723082523,54.7002882030539,95.0,79.66260528564453,69.03685205585786,Warning,Degradation Risk
/content/dacon_01/agv01_0903_1018/agv01_0903_102441.json,agv01,2024-09-03 10:24:41,3,83.0,45.0,34.0,54.82,2.16,187.4,49.92,19.9,134.16,64.845,187.4,84.04749827726384,0.0259370102227631,79.34,54.0,73.53868889850546,0.14352789030721536,55.06811749414607,95.0,79.90576171875,69.30246439406525,Warning,Degradation Risk
/content/dacon_01/agv01_0903_1018/agv01_0903_102442.json,agv01,2024-09-03 10:24:42,3,83.0,46.0,36.0,55.0,1.75,191.33,49.91,19.83,134.65,65.705,191.33,86.07338012804347,0.0277186120191608,79.65,55.0,74.80864221731026,0.14541154270373188,55.868982165647296,95.0,80.06724548339844,70.02027234235908,Warning,Degradation Risk
/content/dacon_01/agv01_0903_1018/agv01_0903_102443.json,agv01,2024-09-03 10:24:43,3,84.0,45.0,35.0,55.07,1.9,195.5,49.84,19.9,135.22,66.785,195.5,88.05859923937014,0.0281330545974937,80.15,54.66666666666666,75.21651794606629,0.14740086299123636,56.71477321579502,95.0,80.22434997558594,70.49364850080322,Warning,Degradation Risk
/content/dacon_01/agv01_0903_1018/agv01_0903_102444.json,agv01,2024-09-03 10:24:44,3,83.0,46.0,35.0,55.2,2.04,199.65,49.93,19.86,135.71,67.87,199.65,90.04880343458207,0.0286664885730078,80.51,54.66666666666666,75.84120137590739,0.1497706555722486,57.72232809185825,95.0,80.37140655517578,71.08516753923412,Warning,Degradation Risk
/content/dacon_01/agv01_0903_1018/agv01_0903_102445.json,agv01,2024-09-03 10:24:45,3,84.0,46.0,36.0,55.43,1.77,204.41,49.86,19.83,136.18,68.9675,204.41,92.44776051911695,0.0290956685396397,80.75,55.333333333333336,76.98824183013636,0.15176321168984627,58.56949490645669,95.0,80.48445129394531,71.7653537191816,Warning,Degradation Risk
/content/dacon_01/agv01_0903_1018/agv01_0903_102446.json,agv01,2024-09-03 10:24:46,3,84.0,46.0,36.0,55.5,1.86,208.93,49.83,19.92,136.52,70.135,208.93,94.62094007142396,0.0296328752060926,81.02000000000001,55.333333333333336,77.57831878245496,0.15375733694791777,59.417328865997796,95.0,80.58670043945312,72.27490589164431,Warning,Degradation Risk
/content/dacon_01/agv01_0903_1018/agv01_0903_102447.json,agv01,2024-09-03 10:24:47,3,83.0,45.0,37.0,55.7,2.08,213.38,49.91,19.82,136.98,71.2975,213.38,96.75718280830628,0.0305412400629122,81.27999999999999,55.0,78.05751876914658,0.15593315120608445,60.34241078362593,95.0,80.67536926269531,72.7734786469564,Warning,Degradation Risk
/content/dacon_01/agv01_0903_1018/agv01_0903_102448.json,agv01,2024-09-03 10:24:48,3,83.0,46.0,36.0,55.73,1.7,218.64,49.84,19.82,137.49,72.49999999999999,218.64,99.42869740002966,0.0307481402059508,81.76000000000002,55.0,78.74348489218742,0.15905092409252466,61.667981341724634,95.0,80.74050903320312,73.46601709888094,Warning,Degradation Risk
/content/dacon_01/agv01_0903_1018/agv01_0903_102449.json,agv01,2024-09-03 10:24:49,3,83.0,46.0,37.0,55.8,2.0,223.78,49.82,19.9,137.97,73.875,223.78,101.8650550156104,0.0315781706963776,82.17,55.333333333333336,79.64638854920578,0.1617211465213077,62.803268729258164,95.0,80.80736541748047,74.15763851612024,Warning,Degradation Risk
/content/dacon_01/agv01_0903_1018/agv01_0903_102450.json,agv01,2024-09-03 10:24:50,3,83.0,46.0,37.0,55.86,1.9,228.84,49.9,19.8,138.41,75.11,228.84,104.38288046099004,0.032045418788505,82.55,55.333333333333336,80.31199197711378,0.16435998096524262,63.925211017546765,95.0,80.85972595214844,74.76832553252746,Warning,Degradation Risk
/content/dacon_01/agv01_0903_1018/agv01_0903_102451.json,agv01,2024-09-03 10:24:51,3,83.0,45.0,36.0,55.9,1.78,234.31,49.79,19.83,138.69,76.4275,234.31,107.10114608008014,0.032329583880065,82.78999999999999,54.66666666666666,80.54561899286678,0.1676421482181614,65.32067644613748,95.0,80.90337371826172,75.34210325539975,Warning,Degradation Risk
/content/dacon_01/agv01_0903_1018/agv01_0903_102452.json,agv01,2024-09-03 10:24:52,3,83.0,46.0,36.0,56.08,2.04,240.0,49.83,19.86,138.88,77.9325,240.0,109.82973470331248,0.0331482288126781,82.8,55.0,81.48068903815984,0.16994300563526182,66.29892244466937,95.0,80.93762969970703,75.97699996197969,Warning,Sensor Risk
/content/dacon_01/agv01_0903_1018/agv01_0903_102453.json,agv01,2024-09-03 10:24:53,3,83.0,47.0,36.0,56.17,1.83,246.02,49.86,19.78,139.34,79.3725,246.02,112.85164638438674,0.0337311659019568,83.17,55.333333333333336,82.47345037636191,0.1739980180689479,68.02297525114422,95.0,80.95787048339844,76.8853311199985,Warning,Sensor Risk
/content/dacon_01/agv01_0903_1018/agv01_0903_102454.json,agv01,2024-09-03 10:24:54,3,83.0,47.0,36.0,56.4,1.86,252.56,49.77,19.83,139.76,81.005,252.56,116.0647159993079,0.0345779192542265,83.35999999999999,55.333333333333336,83.37450573450248,0.17665241901471282,69.15153588440853,95.0,80.98033905029297,77.55850794749627,Warning,Sensor Risk
/content/dacon_01/agv01_0903_1018/agv01_0903_102455.json,agv01,2024-09-03 10:24:55,3,83.0,47.0,36.0,56.45,2.04,258.33,49.84,19.82,140.14,82.50750000000001,258.33,118.86330843311852,0.0354299968099656,83.68999999999998,55.333333333333336,84.09502459284657,0.180727699272374,70.88420587748314,95.0,80.99308776855469,78.3855601539672,Warning,Sensor Risk
/content/dacon_01/agv01_0903_1018/agv01_0903_102456.json,agv01,2024-09-03 10:24:56,3,83.0,47.0,36.0,56.5,1.79,264.84,49.84,19.76,140.37,84.0575,264.84,122.14098366914632,0.0356581372047663,83.87,55.333333333333336,84.84046667138611,0.1848960021787421,72.65642592402652,95.0,81.00650024414062,79.23416416027433,Warning,Sensor Risk
/content/dacon_01/agv01_0903_1018/agv01_0903_102457.json,agv01,2024-09-03 10:24:57,3,83.0,48.0,36.0,56.6,1.72,269.98,49.76,19.78,140.57,85.31,269.98,124.69734078960948,0.0343322904138062,83.97,55.66666666666666,85.65327682942674,0.1886925184977656,74.27057501029458,95.0,81.01921844482422,80.0474107581196,Critical,Sensor Risk
/content/dacon_01/agv01_0903_1407/agv01_0903_140726.json,agv01,2024-09-03 14:07:26,0,41.0,22.0,17.0,22.2,1.82,74.87,49.97,20.02,41.24,36.67,74.87,32.289704241445136,0.2513870918452099,19.040000000000003,26.666666666666668,6.018112983358806,0.02811775842592234,5.999670721294969,10.0,9.71460247039795,8.257412099838257,Normal,Degradation Risk
/content/dacon_01/agv01_0903_1407/agv01_0903_140727.json,agv01,2024-09-03 14:07:27,0,41.0,23.0,18.0,22.25,1.91,74.94,49.97,20.02,41.34,36.71,74.94,32.28496347630994,0.3555100038968801,19.090000000000003,27.33333333333333,7.889384135660819,0.02811775842592234,5.999670721294969,10.0,9.71460247039795,8.257412099838257,Normal,Degradation Risk
/content/dacon_01/agv01_0903_1407/agv01_0903_140728.json,agv01,2024-09-03 14:07:28,0,41.0,23.0,19.0,22.3,1.99,75.0,49.97,20.03,41.62,36.7475,75.0,32.27820149368094,0.4291905069861659,19.32,27.666666666666668,9.192835817077064,0.02811775842592234,5.999670721294969,10.0,9.71460247039795,8.257846362215641,Normal,Degradation Risk
/content/dacon_01/agv01_0903_1407/agv01_0903_140729.json,agv01,2024-09-03 14:07:29,0,40.0,23.0,17.0,22.3,2.03,74.84,50.05,19.99,42.0,36.7275,74.84,32.218587156070846,0.470076244371953,19.7,26.666666666666668,9.203335696465267,0.02811775842592234,5.999670721294969,10.0,9.71460247039795,8.260996326032101,Normal,Degradation Risk
/content/dacon_01/agv01_0903_1407/agv01_0903_140730.json,agv01,2024-09-03 14:07:30,0,40.0,22.0,18.0,22.34,1.8,74.95,50.01,19.97,42.19,36.6825,74.95,32.34254306121686,0.4428214780265964,19.85,26.666666666666668,8.921849030256421,0.02811775842592234,5.999670721294969,10.0,9.71460247039795,8.257412099838257,Normal,Degradation Risk
/content/dacon_01/agv01_0903_1407/agv01_0903_140731.json,agv01,2024-09-03 14:07:31,0,40.0,22.0,18.0,22.4,2.0,74.93,49.99,20.03,42.32,36.7375,74.93,32.24970426220991,0.0008428599766183,19.92,26.666666666666668,3.0665588300187387,0.02811775842592234,5.999670721294969,10.0,9.71460247039795,8.257412099838257,Normal,Degradation Risk
/content/dacon_01/agv01_0903_1407/agv01_0903_140732.json,agv01,2024-09-03 14:07:32,0,40.0,22.0,18.0,22.32,2.03,74.82,50.05,19.97,42.38,36.7175,74.82,32.2141660091747,0.0006246007077314,20.06,26.666666666666668,3.0279677828089944,0.02811775842592234,5.999670721294969,10.0,9.71460247039795,8.257412099838257,Normal,Degradation Risk
/content/dacon_01/agv01_0903_1407/agv01_0903_140733.json,agv01,2024-09-03 14:07:33,0,40.0,21.0,17.0,22.3,1.76,75.0,49.98,19.95,42.5,36.6725,75.0,32.37597604706305,0.0008246545213425,20.2,26.0,2.6546309612822356,0.02811775842592234,5.999670721294969,10.0,9.71460247039795,8.257412099838257,Normal,Degradation Risk
/content/dacon_01/agv01_0903_1407/agv01_0903_140734.json,agv01,2024-09-03 14:07:34,0,40.0,22.0,17.0,22.39,1.98,74.93,50.03,20.04,42.76,36.745000000000005,74.93,32.260645271496564,0.0008100083247123,20.37,26.33333333333333,2.9730390156884097,0.02811775842592234,5.999670721294969,10.0,9.71460247039795,8.257412099838257,Normal,Degradation Risk
/content/dacon_01/agv01_0903_1407/agv01_0903_140735.json,agv01,2024-09-03 14:07:35,0,40.0,22.0,18.0,22.43,1.96,74.82,50.05,19.95,42.86,36.69499999999999,74.82,32.24276094464203,0.0008088864195852,20.43,26.666666666666668,3.2181876812342924,0.02811775842592234,5.999670721294969,10.0,9.71460247039795,8.257412099838257,Normal,Degradation Risk
/content/dacon_01/agv01_0903_1407/agv01_0903_140736.json,agv01,2024-09-03 14:07:36,0,40.0,22.0,18.0,22.5,1.82,75.12,49.96,19.99,43.1,36.7225,75.12,32.39218257028487,0.0007384143652793,20.6,26.666666666666668,3.348943490558892,0.02811775842592234,5.999670721294969,10.0,9.71460247039795,8.257412099838257,Normal,Degradation Risk
/content/dacon_01/agv01_0903_1407/agv01_0903_140737.json,agv01,2024-09-03 14:07:37,0,40.0,22.0,18.0,22.5,2.01,74.8,50.05,20.04,43.24,36.725,74.8,32.201354526375646,0.0006936654329943,20.74,26.666666666666668,3.354509646509298,0.02811775842592234,5.999670721294969,10.0,9.71460247039795,8.257412099838257,Normal,Degradation Risk
/content/dacon_01/agv01_0903_1407/agv01_0903_140738.json,agv01,2024-09-03 14:07:38,0,40.0,22.0,18.0,22.5,1.9,74.88,50.05,19.95,43.38,36.695,74.88,32.2879611207232,0.0007164302211851,20.880000000000003,26.666666666666668,3.4011527880967645,0.02811775842592234,5.999670721294969,10.0,9.71460247039795,8.257412099838257,Normal,Degradation Risk
/content/dacon_01/agv01_0903_1407/agv01_0903_140739.json,agv01,2024-09-03 14:07:39,0,40.0,21.0,17.0,22.5,1.78,75.08,49.96,20.02,43.6,36.71,75.08,32.385595563459994,0.0005281648842495,21.1,26.0,3.0622424855618466,0.02811775842592234,5.999670721294969,10.0,9.71460247039795,8.257412099838257,Normal,Degradation Risk
/content/dacon_01/agv01_0903_1407/agv01_0903_140740.json,agv01,2024-09-03 14:07:40,0,40.0,22.0,17.0,22.5,2.14,74.83,50.05,20.01,43.65,36.7575,74.83,32.17170534802282,0.000638716655451,21.15,26.33333333333333,3.2606284168005533,0.02811775842592234,5.999670721294969,10.0,9.71460247039795,8.257412099838257,Normal,Degradation Risk
/content/dacon_01/agv01_0903_1407/agv01_0903_140741.json,agv01,2024-09-03 14:07:41,0,40.0,22.0,18.0,22.5,1.75,74.94,50.04,19.95,43.64,36.67,74.94,32.36414991931659,0.0008076287848849,21.14,26.666666666666668,3.479535595461164,0.02811775842592234,5.999670721294969,10.0,9.71460247039795,8.257412099838257,Normal,Degradation Risk
/content/dacon_01/agv01_0903_1407/agv01_0903_140742.json,agv01,2024-09-03 14:07:42,0,40.0,22.0,18.0,22.5,1.87,75.04,49.95,20.04,43.67,36.725,75.04,32.33264655628013,0.0008122948735795,21.17,26.666666666666668,3.497849210605002,0.02811775842592234,5.999670721294969,10.0,9.71460247039795,8.257412099838257,Normal,Degradation Risk
/content/dacon_01/agv01_0903_1407/agv01_0903_140743.json,agv01,2024-09-03 14:07:43,0,40.0,21.0,18.0,22.5,2.13,74.79,50.05,19.98,43.8,36.7375,74.79,32.16472330053532,0.0008489952538208,21.3,26.33333333333333,3.3004671738456657,0.02811775842592234,5.999670721294969,10.0,9.71460247039795,8.257412099838257,Normal,Degradation Risk
/content/dacon_01/agv01_0903_1407/agv01_0903_140744.json,agv01,2024-09-03 14:07:44,0,39.0,22.0,18.0,22.5,1.74,74.97,50.01,19.96,43.92,36.67,74.97,32.373727001999626,0.0009761276051326,21.42,26.33333333333333,3.3530793885060883,0.02811775842592234,5.999670721294969,10.0,9.71460247039795,8.257412099838257,Normal,Degradation Risk
/content/dacon_01/agv01_0903_1407/agv01_0903_140745.json,agv01,2024-09-03 14:07:45,0,41.0,22.0,18.0,22.5,1.99,74.95,49.98,20.05,43.97,36.7425,74.95,32.256370301073865,0.001032982698539,21.47,27.0,3.782178795458249,0.02811775842592234,5.999670721294969,10.0,9.71460247039795,8.257412099838257,Normal,Degradation Risk
/content/dacon_01/agv01_0903_1407/agv01_0903_140746.json,agv01,2024-09-03 14:07:46,0,39.0,23.0,18.0,22.5,2.04,74.86,50.05,19.95,44.01,36.725,74.86,32.22981900869649,0.0008989655918856,21.51,26.666666666666668,3.5739555536387875,0.02811775842592234,5.999670721294969,10.0,9.71460247039795,8.257412099838257,Normal,Degradation Risk
/content/dacon_01/agv01_0903_1407/agv01_0903_140747.json,agv01,2024-09-03 14:07:47,0,41.0,23.0,18.0,22.46,1.8,75.05,49.96,20.01,44.1,36.705,75.05,32.368277165562375,0.0007256982416195,21.64,27.33333333333333,4.011489343901622,0.02811775842592234,5.999670721294969,10.0,9.71460247039795,8.257412099838257,Normal,Degradation Risk
/content/dacon_01/agv01_0903_1407/agv01_0903_140748.json,agv01,2024-09-03 14:07:48,0,40.0,22.0,18.0,22.4,2.02,74.91,50.02,20.04,44.19,36.7475,74.91,32.237015344683094,0.0007994746277449,21.79,26.666666666666668,3.5755970195814992,0.02811775842592234,5.999670721294969,10.0,9.71460247039795,8.257412099838257,Normal,Degradation Risk
/content/dacon_01/agv01_0903_1407/agv01_0903_140749.json,agv01,2024-09-03 14:07:49,0,40.0,22.0,18.0,22.33,1.91,74.87,50.05,19.95,44.17,36.695,74.87,32.28042699015406,0.0008110479218325,21.840000000000003,26.666666666666668,3.5303561528908545,0.02811775842592234,5.999670721294969,10.0,9.71460247039795,8.257412099838257,Normal,Degradation Risk
/content/dacon_01/agv01_0903_1407/agv01_0903_140750.json,agv01,2024-09-03 14:07:50,0,41.0,22.0,18.0,22.3,1.86,75.12,49.96,20.01,44.24,36.7375,75.12,32.37437296690084,0.0005798849854467,21.94,27.0,3.764464662734958,0.02811775842592234,5.999670721294969,10.0,9.71460247039795,8.257412099838257,Normal,Degradation Risk
/content/dacon_01/agv01_0903_1407/agv01_0903_140751.json,agv01,2024-09-03 14:07:51,0,41.0,22.0,17.0,22.3,2.06,74.79,50.05,20.04,44.34,36.735,74.79,32.17944944629517,0.0005524855219308,22.040000000000003,26.666666666666668,3.5499816238852486,0.02811775842592234,5.999670721294969,10.0,9.71460247039795,8.257412099838257,Normal,Degradation Risk
/content/dacon_01/agv01_0903_1407/agv01_0903_140752.json,agv01,2024-09-03 14:07:52,0,40.0,23.0,19.0,22.3,1.88,74.94,50.04,19.95,44.49,36.70249999999999,74.94,32.31742602683573,0.0006019261404625,22.19,27.33333333333333,4.023414922115924,0.02811775842592234,5.999670721294969,10.0,9.71460247039795,8.257412099838257,Normal,Degradation Risk
/content/dacon_01/agv01_0903_1407/agv01_0903_140753.json,agv01,2024-09-03 14:07:53,0,40.0,22.0,18.0,22.3,1.82,75.09,49.95,20.05,44.53,36.7275,75.09,32.36864982767534,0.0005673829602773,22.23,26.666666666666668,3.6322942934732776,0.02811775842592234,5.999670721294969,10.0,9.71460247039795,8.257412099838257,Normal,Degradation Risk
/content/dacon_01/agv01_0903_1407/agv01_0903_140754.json,agv01,2024-09-03 14:07:54,0,41.0,21.0,18.0,22.3,2.12,74.79,50.02,19.99,44.71,36.73,74.79,32.16243875496177,0.0004885692920196,22.41,26.666666666666668,3.650356754066814,0.02811775842592234,5.999670721294969,10.0,9.71460247039795,8.257412099838257,Normal,Degradation Risk
/content/dacon_01/agv01_0903_1407/agv01_0903_140755.json,agv01,2024-09-03 14:07:55,0,42.0,22.0,17.0,22.3,1.72,74.99,50.02,19.95,44.68,36.67,74.99,32.39190125118726,0.0007146558251698,22.38,27.0,3.873596607168401,0.02811775842592234,5.999670721294969,10.0,9.71460247039795,8.257412099838257,Normal,Degradation Risk
/content/dacon_01/agv01_0903_1407/agv01_0903_140756.json,agv01,2024-09-03 14:07:56,0,41.0,22.0,18.0,22.3,1.91,75.08,49.96,20.05,44.83,36.75,75.08,32.33372130351428,0.0007782687605564,22.53,27.0,3.924527143783136,0.02811775842592234,5.999670721294969,10.0,9.71460247039795,8.257412099838257,Normal,Degradation Risk
/content/dacon_01/agv01_0903_1407/agv01_0903_140757.json,agv01,2024-09-03 14:07:57,0,41.0,22.0,19.0,22.3,2.1,74.82,50.05,19.98,44.86,36.7375,74.82,32.18731465966056,0.0007862595119601,22.56,27.33333333333333,4.115063152508718,0.02811775842592234,5.999670721294969,10.0,9.71460247039795,8.257412099838257,Normal,Degradation Risk
/content/dacon_01/agv01_0903_1407/agv01_0903_140758.json,agv01,2024-09-03 14:07:58,0,41.0,22.0,18.0,22.3,1.73,74.97,49.99,20.01,44.92,36.675,74.97,32.36598780613171,0.0009226411376857,22.62,27.0,3.940037089312489,0.02811775842592234,5.999670721294969,10.0,9.71460247039795,8.257412099838257,Normal,Degradation Risk
/content/dacon_01/agv01_0903_1407/agv01_0903_140759.json,agv01,2024-09-03 14:07:59,0,40.0,22.0,17.0,22.24,2.01,74.93,49.98,20.05,45.03,36.74250000000001,74.93,32.241291718333294,0.0009667455218053,22.790000000000003,26.33333333333333,3.519262495911,0.02811775842592234,5.999670721294969,10.0,9.71460247039795,8.257412099838257,Normal,Degradation Risk
/content/dacon_01/agv01_0903_1407/agv01_0903_140800.json,agv01,2024-09-03 14:08:00,0,42.0,22.0,18.0,22.2,2.3,74.85,50.05,19.95,45.1,36.7875,74.85,32.13272929065732,0.0012473041228959,22.9,27.33333333333333,4.138619365175229,0.02811775842592234,5.999670721294969,10.0,9.71460247039795,8.257412099838257,Normal,Degradation Risk
/content/dacon_01/agv01_0903_1407/agv01_0903_140801.json,agv01,2024-09-03 14:08:01,0,41.0,22.0,19.0,22.3,1.92,75.12,49.95,20.02,45.18,36.752500000000005,75.12,32.34974845342696,0.000999732472746,22.88,27.33333333333333,4.235603152425966,0.02811775842592234,5.999670721294969,10.0,9.71460247039795,8.257412099838257,Normal,Degradation Risk
/content/dacon_01/agv01_0903_1407/agv01_0903_140802.json,agv01,2024-09-03 14:08:02,0,40.0,21.0,18.0,22.29,2.06,74.81,50.04,20.01,45.34,36.73,74.81,32.19114681606316,0.0009973498991314,23.050000000000004,26.33333333333333,3.6180834952425127,0.02811775842592234,5.999670721294969,10.0,9.71460247039795,8.257412099838257,Normal,Degradation Risk
/content/dacon_01/agv01_0903_1407/agv01_0903_140803.json,agv01,2024-09-03 14:08:03,0,42.0,23.0,17.0,22.2,1.77,74.94,50.02,19.95,45.44,36.67,74.94,32.35420529081189,0.001248322665966,23.24,27.33333333333333,4.240695129941675,0.02811775842592234,5.999670721294969,10.0,9.71460247039795,8.257412099838257,Normal,Degradation Risk
/content/dacon_01/agv01_0903_1407/agv01_0903_140804.json,agv01,2024-09-03 14:08:04,0,42.0,23.0,19.0,22.2,1.88,75.09,49.95,20.04,45.4,36.74,75.09,32.34880832426444,0.0010449043494099,23.2,28.0,4.658758186029266,0.02811775842592234,5.999670721294969,10.0,9.71460247039795,8.257412099838257,Normal,Degradation Risk
/content/dacon_01/agv01_0903_1407/agv01_0903_140805.json,agv01,2024-09-03 14:08:05,0,42.0,22.0,18.0,22.2,2.09,74.78,50.03,19.98,45.41,36.72,74.78,32.172370133392405,0.0010575679047977,23.21,27.33333333333333,4.213863230731067,0.02811775842592234,5.999670721294969,10.0,9.71460247039795,8.257412099838257,Normal,Degradation Risk
/content/dacon_01/agv01_0903_1407/agv01_0903_140806.json,agv01,2024-09-03 14:08:06,0,40.0,21.0,18.0,22.2,1.71,75.01,50.01,19.96,45.61,36.6725,75.01,32.400292565551524,0.0009520125795021,23.41,26.33333333333333,3.6652683682278546,0.02811775842592234,5.999670721294969,10.0,9.71460247039795,8.257412099838257,Normal,Degradation Risk
/content/dacon_01/agv01_0903_1407/agv01_0903_140807.json,agv01,2024-09-03 14:08:07,0,41.0,22.0,18.0,22.2,1.96,74.97,50.01,20.05,45.68,36.7475,74.97,32.27914742265249,0.0009233528470355,23.48,27.0,4.096685754195638,0.02811775842592234,5.999670721294969,10.0,9.71460247039795,8.257412099838257,Normal,Degradation Risk
/content/dacon_01/agv01_0903_1407/agv01_0903_140808.json,agv01,2024-09-03 14:08:08,0,41.0,22.0,18.0,22.2,2.12,74.84,50.05,19.96,45.78,36.7425,74.84,32.191504443460445,0.0009662407246523,23.58,27.0,4.111563811318348,0.02811775842592234,5.999670721294969,10.0,9.71460247039795,8.257412099838257,Normal,Degradation Risk
/content/dacon_01/agv01_0903_1407/agv01_0903_140809.json,agv01,2024-09-03 14:08:09,0,42.0,22.0,18.0,22.2,1.73,74.98,49.98,19.97,45.74,36.665,74.98,32.3754315286556,0.0010020680397269,23.540000000000003,27.33333333333333,4.323493544172647,0.02811775842592234,5.999670721294969,10.0,9.71460247039795,8.257412099838257,Normal,Degradation Risk
/content/dacon_01/agv01_0903_1407/agv01_0903_140810.json,agv01,2024-09-03 14:08:10,0,42.0,23.0,18.0,22.2,2.04,74.94,50.01,20.04,45.82,36.7575,74.94,32.24030435650383,0.0010834247582297,23.62,27.666666666666668,4.550787076715728,0.02811775842592234,5.999670721294969,10.0,9.71460247039795,8.257412099838257,Normal,Degradation Risk
/content/dacon_01/agv01_0903_1407/agv01_0903_140811.json,agv01,2024-09-03 14:08:11,0,42.0,23.0,18.0,22.2,1.94,74.87,50.05,19.95,46.06,36.7025,74.87,32.26965279742977,0.0010949333229034,23.860000000000003,27.666666666666668,4.609574461009665,0.02811775842592234,5.999670721294969,10.0,9.71460247039795,8.257412099838257,Normal,Degradation Risk
/content/dacon_01/agv01_0903_1407/agv01_0903_140812.json,agv01,2024-09-03 14:08:12,0,42.0,23.0,18.0,22.2,1.82,75.05,49.96,20.03,46.15,36.715,75.05,32.35764979104632,0.0009439948458331,23.95,27.666666666666668,4.650254408640111,0.02811775842592234,5.999670721294969,10.0,9.71460247039795,8.257412099838257,Normal,Degradation Risk
/content/dacon_01/agv01_0903_1407/agv01_0903_140813.json,agv01,2024-09-03 14:08:13,0,42.0,22.0,18.0,22.2,2.02,74.81,50.04,20.02,46.12,36.7225,74.81,32.203780704548755,0.0008814626448827,23.92,27.33333333333333,4.408771972272284,0.02811775842592234,5.999670721294969,10.0,9.71460247039795,8.257412099838257,Normal,Degradation Risk
/content/dacon_01/agv01_0903_1407/agv01_0903_140814.json,agv01,2024-09-03 14:08:14,0,43.0,23.0,17.0,22.2,1.87,74.88,50.04,19.95,46.08,36.685,74.88,32.297360573272854,0.0008715514429439,23.88,27.666666666666668,4.613058877781584,0.02811775842592234,5.999670721294969,10.0,9.71460247039795,8.257412099838257,Normal,Degradation Risk
/content/dacon_01/agv01_0903_1407/agv01_0903_140815.json,agv01,2024-09-03 14:08:15,0,41.0,23.0,18.0,22.2,1.82,75.08,49.95,20.01,46.15,36.715,75.08,32.37157446485007,0.000656986628908,23.95,27.33333333333333,4.441089995696969,0.02811775842592234,5.999670721294969,10.0,9.71460247039795,8.257412099838257,Normal,Degradation Risk
/content/dacon_01/agv01_0903_1407/agv01_0903_140816.json,agv01,2024-09-03 14:08:16,0,43.0,23.0,20.0,22.2,2.09,74.82,50.04,20.01,46.27,36.74,74.82,32.18432227032286,0.0005053131326282,24.070000000000004,28.666666666666668,5.27911134946773,0.02811775842592234,5.999670721294969,10.0,9.71460247039795,8.257412099838257,Normal,Degradation Risk
/content/dacon_01/agv01_0903_1407/agv01_0903_140817.json,agv01,2024-09-03 14:08:17,0,42.0,23.0,20.0,22.2,1.81,74.96,50.02,19.95,46.41,36.685,74.96,32.34771346890946,0.0005912080632766,24.21,28.33333333333333,5.124292600672854,0.02811775842592234,5.999670721294969,10.0,9.71460247039795,8.257412099838257,Normal,Degradation Risk
/content/dacon_01/agv01_0903_1407/agv01_0903_140818.json,agv01,2024-09-03 14:08:18,0,42.0,23.0,20.0,22.2,1.86,75.09,49.95,20.05,46.47,36.7375,75.09,32.354273674431326,0.0006653225034374,24.27,28.33333333333333,5.154757260123741,0.02811775842592234,5.999670721294969,10.0,9.71460247039795,8.257412099838257,Normal,Degradation Risk
/content/dacon_01/agv01_0903_1407/agv01_0903_140819.json,agv01,2024-09-03 14:08:19,0,42.0,23.0,19.0,22.2,2.09,74.81,50.03,19.98,46.5,36.7275,74.81,32.18420148147224,0.0006768227502969,24.3,28.0,4.926664969357436,0.02811775842592234,5.999670721294969,10.0,9.71460247039795,8.257412099838257,Normal,Degradation Risk
/content/dacon_01/agv01_0903_1407/agv01_0903_140820.json,agv01,2024-09-03 14:08:20,0,42.0,23.0,19.0,22.2,1.7,74.99,50.01,19.99,46.59,36.6725,74.99,32.390848887713126,0.0007673013796799,24.390000000000004,28.0,4.970578329235954,0.02811775842592234,5.999670721294969,10.0,9.71460247039795,8.257412099838257,Normal,Degradation Risk
/content/dacon_01/agv01_0903_1407/agv01_0903_140821.json,agv01,2024-09-03 14:08:21,0,42.0,23.0,19.0,22.2,1.96,74.99,49.96,20.05,46.69,36.74,74.99,32.280207558192686,0.0008254319127616,24.49,28.0,4.998716679782276,0.02811775842592234,5.999670721294969,10.0,9.71460247039795,8.257412099838257,Normal,Degradation Risk
/content/dacon_01/agv01_0903_1407/agv01_0903_140822.json,agv01,2024-09-03 14:08:22,0,42.0,23.0,18.0,22.2,2.1,74.82,50.05,19.97,46.83,36.735,74.82,32.189050415734016,0.0008065114285262,24.63,27.666666666666668,4.811360213435069,0.02811775842592234,5.999670721294969,10.0,9.71460247039795,8.257412099838257,Normal,Degradation Risk
/content/dacon_01/agv01_0903_1407/agv01_0903_140823.json,agv01,2024-09-03 14:08:23,0,43.0,22.0,20.0,22.13,1.76,74.97,49.98,19.99,46.87,36.675,74.97,32.357258330499306,0.0008692622027953,24.74,28.33333333333333,5.21896937884555,0.02811775842592234,5.999670721294969,10.0,9.71460247039795,8.257412099838257,Normal,Degradation Risk
/content/dacon_01/agv01_0903_1407/agv01_0903_140824.json,agv01,2024-09-03 14:08:24,0,42.0,22.0,19.0,22.1,2.0,74.92,50.01,20.04,46.93,36.7425,74.92,32.24677180225436,0.0008903223375223,24.83,27.666666666666668,4.798590495070047,0.02811775842592234,5.999670721294969,10.0,9.71460247039795,8.257412099838257,Normal,Degradation Risk
/content/dacon_01/agv01_0903_1407/agv01_0903_140825.json,agv01,2024-09-03 14:08:25,0,43.0,22.0,19.0,22.1,1.92,74.85,50.05,19.95,46.96,36.6925,74.85,32.26895140843594,0.0009049298469581,24.86,28.0,5.008297177958608,0.02811775842592234,5.999670721294969,10.0,9.71460247039795,8.257412099838257,Normal,Degradation Risk
/content/dacon_01/agv01_0903_1407/agv01_0903_140826.json,agv01,2024-09-03 14:08:26,0,43.0,24.0,19.0,22.1,1.8,75.06,49.98,19.99,46.91,36.7075,75.06,32.378397505126784,0.0007648281464054,24.809999999999995,28.666666666666668,5.430498196412453,0.025489667004387255,4.882295999252185,10.0,9.547027587890625,8.114973449707032,Normal,Degradation Risk
/content/dacon_01/agv01_0903_1407/agv01_0903_140827.json,agv01,2024-09-03 14:08:27,0,43.0,24.0,19.0,22.1,1.99,74.84,50.01,20.02,46.89,36.715,74.84,32.222255766266066,0.0006928049966802,24.79,28.666666666666668,5.401966591912782,0.022498612898694974,3.610601939229461,10.0,9.609818458557129,8.16834568977356,Normal,Degradation Risk
/content/dacon_01/agv01_0903_1407/agv01_0903_140828.json,agv01,2024-09-03 14:08:28,0,42.0,23.0,18.0,22.1,1.91,74.89,50.04,19.95,46.94,36.6975,74.89,32.286933760682,0.0006242440668095,24.84,27.666666666666668,4.794749806714522,0.019488468771710444,2.3307914540852863,10.0,9.7062349319458,8.25029969215393,Normal,Degradation Risk
/content/dacon_01/agv01_0903_1407/agv01_0903_140829.json,agv01,2024-09-03 14:08:29,0,43.0,23.0,19.0,22.1,1.81,75.11,49.95,20.03,46.99,36.725,75.11,32.38358174548743,0.0005034745099174,24.89,28.33333333333333,5.245573849304104,0.016411335938338403,1.0224996586767872,10.0,9.831021308898926,8.356368112564086,Normal,Degradation Risk
/content/dacon_01/agv01_0903_1407/agv01_0903_140830.json,agv01,2024-09-03 14:08:30,0,43.0,23.0,19.0,22.1,2.11,74.82,50.04,20.01,46.98,36.745,74.82,32.1771456161046,0.0005252544556892,24.879999999999995,28.33333333333333,5.214004341669226,0.014640959928231263,0.2697962382420385,10.0,9.72455883026123,8.265875005722046,Normal,Degradation Risk
/content/dacon_01/agv01_0903_1407/agv01_0903_140831.json,agv01,2024-09-03 14:08:31,0,44.0,23.0,19.0,22.11,1.82,74.95,50.05,19.95,47.14,36.6925,74.95,32.34430230607342,0.0005252544556892,25.03,28.666666666666668,5.484298986595264,0.014852949691304273,0.3599270459638118,10.0,9.61514949798584,8.172877073287964,Normal,Degradation Risk
/content/dacon_01/agv01_0903_1407/agv01_0903_140832.json,agv01,2024-09-03 14:08:32,0,42.0,22.0,20.0,22.2,1.95,74.8,50.05,20.05,47.18,36.7125,74.8,32.22119837932785,0.0005193241190149,24.98,28.0,5.109597709564684,0.01471875009284885,0.3028699596715872,10.0,9.695108413696289,8.240842151641845,Normal,Degradation Risk
/content/dacon_01/agv01_0903_1407/agv01_0903_140833.json,agv01,2024-09-03 14:08:33,0,42.0,22.0,20.0,22.24,2.02,74.85,50.05,19.97,47.24,36.7225,74.85,32.22958410632484,0.0005268405053262,25.000000000000004,28.0,5.151653923124593,0.015036356860400439,0.4379055108338729,10.0,9.675047874450684,8.22379069328308,Normal,Degradation Risk
/content/dacon_01/agv01_0903_1407/agv01_0903_140834.json,agv01,2024-09-03 14:08:34,0,43.0,23.0,20.0,22.3,1.77,75.07,49.98,20.01,47.17,36.7075,75.07,32.38969010348817,0.0004852871158925,24.87,28.666666666666668,5.60148432989734,0.014943699760365555,0.3985108761767972,10.0,9.809094429016113,8.337730264663696,Normal,Degradation Risk
/content/dacon_01/agv01_0903_1407/agv01_0903_140835.json,agv01,2024-09-03 14:08:35,0,43.0,23.0,19.0,22.3,1.99,74.88,50.02,20.05,47.29,36.735,74.88,32.234228701800824,0.0005197054593307,24.99,28.33333333333333,5.407361662058429,0.014852101065183965,0.3595662391183851,10.0,9.61612606048584,8.173707151412964,Normal,Degradation Risk
/content/dacon_01/agv01_0903_1407/agv01_0903_140836.json,agv01,2024-09-03 14:08:36,0,45.0,23.0,18.0,22.3,1.97,74.88,50.05,19.95,47.29,36.7125,74.88,32.262825227600054,0.0003893903088431,24.99,28.666666666666668,5.613949623616393,0.015075574294178303,0.4545794243848619,10.0,9.607207298278809,8.166126203536987,Normal,Degradation Risk
/content/dacon_01/agv01_0903_1407/agv01_0903_140837.json,agv01,2024-09-03 14:08:37,0,44.0,23.0,19.0,22.3,1.79,75.09,49.97,20.01,47.33,36.715,75.09,32.389032608791105,0.0002689237781136,25.03,28.666666666666668,5.644370761428445,0.014877067844010567,0.3701812608497763,10.0,9.738309860229492,8.277563381195067,Normal,Degradation Risk
/content/dacon_01/agv01_0903_1407/agv01_0903_140838.json,agv01,2024-09-03 14:08:38,0,44.0,24.0,19.0,22.39,2.03,74.82,50.02,20.02,47.37,36.7225,74.82,32.201377170342674,0.0002642748177567,24.98,29.0,5.882634823632142,0.014792226619097664,0.3341096693792439,10.0,9.610336303710938,8.168785858154296,Normal,Degradation Risk
/content/dacon_01/agv01_0903_1407/agv01_0903_140839.json,agv01,2024-09-03 14:08:39,0,44.0,25.0,19.0,22.5,1.84,74.93,50.04,19.95,47.36,36.69,74.93,32.327852800126806,0.0004102651003344,24.86,29.33333333333333,6.157659723562631,0.014780806334172879,0.3292541542366133,10.0,9.657755851745605,8.209092473983764,Normal,Degradation Risk
/content/dacon_01/agv01_0903_1407/agv01_0903_140840.json,agv01,2024-09-03 14:08:40,0,43.0,25.0,19.0,22.5,1.79,75.09,49.95,20.02,47.35,36.712500000000006,75.09,32.384587254844966,0.0004026507584094,24.85,29.0,5.962557526791139,0.01482988034121943,0.35011874613545074,10.0,9.83960247039795,8.363662099838256,Normal,Degradation Risk
/content/dacon_01/agv01_0903_1407/agv01_0903_140841.json,agv01,2024-09-03 14:08:41,0,44.0,24.0,19.0,22.5,2.12,74.81,50.03,20.01,47.37,36.7425,74.81,32.16823627431259,0.0004631489934138,24.87,29.0,5.940718844223775,0.01469655529378988,0.2934334890731535,10.0,9.907923698425293,8.421735143661499,Normal,Degradation Risk
/content/dacon_01/agv01_0903_1407/agv01_0903_140842.json,agv01,2024-09-03 14:08:42,0,44.0,24.0,19.0,22.5,1.79,74.95,50.02,19.95,47.37,36.6775,74.95,32.350958125945304,0.0006330128050857,24.87,29.0,5.95705436969821,0.014493508722418192,0.20710502104913825,10.0,9.957972526550293,8.464276647567749,Normal,Degradation Risk
/content/dacon_01/agv01_0903_1407/agv01_0903_140843.json,agv01,2024-09-03 14:08:43,0,45.0,24.0,19.0,22.5,1.87,75.07,49.98,20.05,47.39,36.7425,75.07,32.34686731354367,0.000731377468752,24.89,29.33333333333333,6.1842289260521826,0.014520784976564711,0.21870195281703445,10.0,10.094378471374512,8.580221700668334,Normal,Degradation Risk
/content/dacon_01/agv01_0903_1407/agv01_0903_140844.json,agv01,2024-09-03 14:08:44,0,44.0,24.0,19.0,22.5,2.14,74.82,50.02,19.96,47.47,36.735,74.82,32.172312630583455,0.0007638922911061,24.97,29.0,5.973110939597082,0.014693696287600087,0.2922179372774811,10.0,10.298163414001465,8.753438901901244,Normal,Degradation Risk
/content/dacon_01/agv01_0903_1407/agv01_0903_140845.json,agv01,2024-09-03 14:08:45,0,44.0,24.0,21.0,22.5,1.71,75.01,50.01,19.97,47.48,36.675,75.01,32.39857352826922,0.000854477537861,24.98,29.666666666666668,6.412808887791058,0.014605757289907798,0.25482927861135757,10.0,10.495028495788574,8.920774221420288,Normal,Degradation Risk
/content/dacon_01/agv01_0903_1407/agv01_0903_140846.json,agv01,2024-09-03 14:08:46,0,45.0,24.0,20.0,22.5,1.96,74.99,49.95,20.05,47.56,36.7375,74.99,32.278842786981485,0.0008915524568926,25.06,29.666666666666668,6.433184637283981,0.014834930108142293,0.3522657345794524,10.0,10.556671142578125,8.973170471191406,Normal,Degradation Risk
/content/dacon_01/agv01_0903_1407/agv01_0903_140847.json,agv01,2024-09-03 14:08:47,0,45.0,23.0,20.0,22.5,2.02,74.87,50.05,19.97,47.59,36.7275,74.87,32.23747133900755,0.0008457123382876,25.090000000000003,29.33333333333333,6.220393457295263,0.014839728387332074,0.35430579902775594,10.0,10.28416633605957,8.741541385650635,Normal,Degradation Risk
/content/dacon_01/agv01_0903_1407/agv01_0903_140848.json,agv01,2024-09-03 14:08:48,0,45.0,24.0,21.0,22.51,1.73,75.08,49.97,19.98,47.55,36.69,75.08,32.411809576140605,0.0007696101009138,25.04,30.0,6.651317149002135,0.014989965937469422,0.41818167467254364,10.0,10.225166320800781,8.691391372680664,Normal,Degradation Risk
/content/dacon_01/agv01_0903_1407/agv01_0903_140849.json,agv01,2024-09-03 14:08:49,0,45.0,23.0,20.0,22.6,2.01,74.88,49.98,20.05,47.49,36.73,74.88,32.22155489730438,0.0007214596270044,24.89,29.33333333333333,6.243669023950859,0.01512552669991698,0.4758174814099182,10.0,10.303892135620117,8.7583083152771,Normal,Degradation Risk
/content/dacon_01/agv01_0903_1407/agv01_0903_140850.json,agv01,2024-09-03 14:08:50,0,46.0,24.0,21.0,22.57,1.98,74.86,50.05,19.95,47.55,36.71,74.86,32.251349325777575,0.0006750547841041,24.98,30.33333333333333,6.867066172544293,0.014944552795115314,0.3988735574209101,10.0,10.20970630645752,8.67825036048889,Normal,Degradation Risk
/content/dacon_01/agv01_0903_1407/agv01_0903_140851.json,agv01,2024-09-03 14:08:51,0,45.0,24.0,19.0,22.5,1.79,75.02,49.97,19.99,47.68,36.6925,75.02,32.364833152667416,0.0005505282053977,25.18,29.33333333333333,6.256128499665811,0.015022877530250407,0.43217455997870124,10.0,10.279605865478516,8.737664985656737,Normal,Degradation Risk
/content/dacon_01/agv01_0903_1407/agv01_0903_140852.json,agv01,2024-09-03 14:08:52,0,45.0,24.0,20.0,22.42,2.11,74.83,50.03,20.02,47.64,36.7475,74.83,32.17798043693855,0.0006192049865144,25.22,29.666666666666668,6.394319524862865,0.015170196377368323,0.494809502774525,10.0,9.994075775146484,8.49496440887451,Normal,Degradation Risk
/content/dacon_01/agv01_0903_1407/agv01_0903_140853.json,agv01,2024-09-03 14:08:53,0,46.0,24.0,19.0,22.4,1.81,74.91,50.04,19.95,47.66,36.6775,74.91,32.33075045525544,0.0007251418331556,25.26,29.666666666666668,6.398985850613467,0.01532279665841779,0.5596899309149217,10.0,9.967836380004883,8.47266092300415,Normal,Degradation Risk
/content/dacon_01/agv01_0903_1407/agv01_0903_140854.json,agv01,2024-09-03 14:08:54,0,46.0,24.0,20.0,22.4,1.84,75.03,49.95,20.02,47.66,36.71,75.03,32.34291782343289,0.0006847253617933,25.26,30.0,6.618829690076149,0.015404104309651064,0.5942591675298579,10.0,9.825909614562988,8.352023172378539,Normal,Degradation Risk
/content/dacon_01/agv01_0903_1407/agv01_0903_140855.json,agv01,2024-09-03 14:08:55,0,46.0,24.0,20.0,22.4,2.17,74.84,50.05,19.99,47.73,36.7625,74.84,32.168366837624816,0.0008832340585929,25.33,30.0,6.621558203878104,0.015753997124732855,0.7430216435202938,10.0,9.906927108764648,8.42088804244995,Normal,Degradation Risk
/content/dacon_01/agv01_0903_1407/agv01_0903_140856.json,agv01,2024-09-03 14:08:56,0,46.0,25.0,19.0,22.4,1.79,74.91,50.02,19.96,47.78,36.67,74.91,32.333463573620854,0.0010283076048702,25.380000000000003,30.0,6.644211362302487,0.015902930966755182,0.8063432269967384,10.0,10.12783145904541,8.608656740188598,Normal,Degradation Risk
/content/dacon_01/agv01_0903_1407/agv01_0903_140857.json,agv01,2024-09-03 14:08:57,0,47.0,24.0,21.0,22.4,1.9,75.04,49.95,20.01,47.77,36.725,75.04,32.3270356409822,0.0010094212845496,25.370000000000005,30.666666666666668,7.070945238941459,0.01572728263708184,0.7316635556817317,10.0,10.25772476196289,8.719066047668457,Normal,Degradation Risk
/content/dacon_01/agv01_0903_1407/agv01_0903_140858.json,agv01,2024-09-03 14:08:58,0,45.0,26.0,20.0,22.4,2.11,74.83,50.05,19.99,48.45,36.745,74.83,32.18593636978735,0.0009979611036218,26.050000000000004,30.33333333333333,7.027414235704626,0.01596539229756156,0.8328996517756883,10.0,10.376506805419922,8.820030784606933,Normal,Degradation Risk
/content/dacon_01/agv01_0903_1407/agv01_0903_140859.json,agv01,2024-09-03 14:08:59,0,46.0,25.0,20.0,22.31,1.77,74.95,50.01,19.95,50.54,36.67,74.95,32.35677363397037,0.0010423112053409,28.23,30.33333333333333,7.565713802139316,0.01602314484475018,0.8574540625672475,10.0,10.1355619430542,8.615227651596069,Normal,Degradation Risk
/content/dacon_01/agv01_0903_1407/agv01_0903_140900.json,agv01,2024-09-03 14:09:00,0,46.0,25.0,20.0,22.3,1.91,74.96,50.02,20.03,52.24,36.73,74.96,32.297984457238194,0.0010551840034168,29.94,30.33333333333333,8.026877290795957,0.01601698748735296,0.8548361644782164,10.0,10.217246055603027,8.684659147262574,Normal,Degradation Risk
/content/dacon_01/agv01_0903_1407/agv01_0903_140901.json,agv01,2024-09-03 14:09:01,0,46.0,25.0,20.0,22.3,2.01,74.82,50.05,19.97,53.63,36.7125,74.82,32.22134528021241,0.0008654792812611,31.33,30.33333333333333,8.390576984317649,0.01616503802694273,0.9177821979254757,10.0,10.226898193359375,8.692863464355469,Normal,Degradation Risk
/content/dacon_01/agv01_0903_1407/agv01_0903_140902.json,agv01,2024-09-03 14:09:02,0,47.0,25.0,18.0,22.3,1.73,75.03,49.98,19.95,54.76,36.6725,75.03,32.39859912094966,0.0008491494378822,32.459999999999994,30.0,8.512281154395053,0.01626481751376665,0.9602050282128367,10.0,10.28478717803955,8.742069101333618,Normal,Degradation Risk
/content/dacon_01/agv01_0903_1407/agv01_0903_140903.json,agv01,2024-09-03 14:09:03,0,47.0,25.0,20.0,22.26,1.72,75.02,49.99,19.95,55.85,36.67,75.02,32.39961831050895,0.0009149391492935,33.59,30.666666666666668,9.20652818754269,0.016710521900572862,1.1497033124962437,10.0,9.898903846740723,8.414068269729613,Normal,Degradation Risk
/content/dacon_01/agv01_0903_1407/agv01_0903_140904.json,agv01,2024-09-03 14:09:04,0,46.0,25.0,20.0,22.21,1.7,75.0,50.0,19.95,56.81,36.6625,75.0,32.40029256555152,0.0007597526992379,34.6,30.33333333333333,9.231114029163301,0.016604072651510676,1.104444727080274,10.0,9.728034973144531,8.268829727172852,Normal,Degradation Risk
/content/dacon_01/agv01_0903_1407/agv01_0903_140905.json,agv01,2024-09-03 14:09:05,0,48.0,25.0,21.0,22.2,1.91,74.95,49.99,20.05,57.76,36.725,74.95,32.28648169125896,0.0008281641442143,35.56,31.33333333333333,10.1067971030681,0.016663092039179914,1.1295377551810732,10.0,9.77370548248291,8.590777537607885,Normal,Sensor Risk
/content/dacon_01/agv01_0903_1407/agv01_0903_140906.json,agv01,2024-09-03 14:09:06,0,47.0,25.0,22.0,22.2,2.09,74.84,50.05,19.95,58.62,36.7325,74.84,32.20399806959792,0.0008439763639662,36.42,31.33333333333333,10.33125549690332,0.01660617731733861,1.105339559115115,10.0,9.658049583435059,8.781567172367822,Normal,Sensor Risk
/content/dacon_01/agv01_0903_1407/agv01_0903_140907.json,agv01,2024-09-03 14:09:07,0,48.0,25.0,20.0,22.2,1.74,75.05,49.99,19.99,59.46,36.6925,75.05,32.39738711172039,0.0008141919599574,37.260000000000005,31.0,10.373436098502731,0.016682374327514456,1.1377359256829098,10.0,9.546093940734863,8.817420683727322,Normal,Sensor Risk
/content/dacon_01/agv01_0903_1407/agv01_0903_140908.json,agv01,2024-09-03 14:09:08,0,47.0,25.0,21.0,22.2,2.03,74.92,49.99,20.04,60.31,36.745,74.92,32.233258703808815,0.0009392623351956,38.11,31.0,10.594613222676374,0.01670003149548004,1.1452431505023881,10.0,9.638016700744629,9.005421239274918,Normal,Sensor Risk
/content/dacon_01/agv01_0903_1407/agv01_0903_140909.json,agv01,2024-09-03 14:09:09,0,47.0,25.0,20.0,22.2,1.96,74.83,50.05,19.95,61.05,36.6975,74.83,32.24670254460136,0.0008326023983002,38.85,30.666666666666668,10.578274856082148,0.016693726857568317,1.14256263376828,10.0,9.552030563354492,8.991533627669826,Normal,Sensor Risk
/content/dacon_01/agv01_0903_1407/agv01_0903_140910.json,agv01,2024-09-03 14:09:10,0,48.0,26.0,21.0,22.2,1.79,75.01,49.96,19.99,61.81,36.68750000000001,75.01,32.359518306056415,0.0006512498216287,39.61,31.666666666666668,11.426857986963846,0.01679539589404192,1.1857888360377944,10.0,9.433438301086426,9.712829288919268,Normal,Sensor Risk
/content/dacon_01/agv01_0903_1407/agv01_0903_140911.json,agv01,2024-09-03 14:09:11,0,47.0,25.0,22.0,22.1,2.01,74.85,50.03,20.03,62.44,36.73,74.85,32.22003931303209,0.000666714878529,40.34,31.33333333333333,11.32373410442353,0.016466912682614143,1.0461289923743475,10.0,9.600396156311035,9.62517398876,Normal,Sensor Risk
/content/dacon_01/agv01_0903_1407/agv01_0903_140912.json,agv01,2024-09-03 14:09:12,0,49.0,25.0,21.0,22.1,1.87,74.88,50.04,19.95,63.19,36.685,74.88,32.297360573272854,0.0006821037810939,41.09,31.666666666666668,11.740484862650938,0.01688936688851974,1.2257420937419745,10.0,9.512990951538086,9.979412133253296,Normal,Sensor Risk
/content/dacon_01/agv01_0903_1407/agv01_0903_140913.json,agv01,2024-09-03 14:09:13,0,48.0,26.0,20.0,22.1,1.79,75.09,49.95,20.01,63.87,36.71,75.09,32.386305747954644,0.0006569957535429,41.77,31.33333333333333,11.73895244735317,0.016872225353613667,1.2184540984903207,10.0,9.609172821044922,9.978109580250194,Normal,Sensor Risk
/content/dacon_01/agv01_0903_1407/agv01_0903_140914.json,agv01,2024-09-03 14:09:14,0,47.0,26.0,21.0,22.1,2.08,74.79,50.04,20.01,64.49,36.73,74.79,32.17608117841575,0.000547690613879,42.38999999999999,31.33333333333333,11.876989558341146,0.016618495763374427,1.110576941689588,10.0,9.738760948181152,10.095441124589973,Normal,Sensor Risk
/content/dacon_01/agv01_0903_1407/agv01_0903_140915.json,agv01,2024-09-03 14:09:15,0,48.0,26.0,21.0,22.1,1.81,74.95,50.04,19.96,65.25,36.690000000000005,74.95,32.34479556281041,0.0005721496701157,43.15,31.666666666666668,12.309653916900174,0.0169343084150237,1.2448496960399993,10.0,9.868170738220215,10.463205829365148,Normal,Sensor Risk
/content/dacon_01/agv01_0903_1407/agv01_0903_140916.json,agv01,2024-09-03 14:09:16,0,49.0,26.0,22.0,22.1,1.83,75.09,49.95,20.05,65.73,36.73,75.09,32.36505522936737,0.0005697378457064,43.63,32.333333333333336,12.871675690236524,0.017041546343930947,1.2904436011923501,10.0,9.633111000061035,10.940924336701045,Normal,Sensor Risk
/content/dacon_01/agv01_0903_1407/agv01_0903_140917.json,agv01,2024-09-03 14:09:17,0,49.0,26.0,21.0,22.12,2.09,74.78,50.02,19.98,66.36,36.7175,74.78,32.17099146228892,0.0005282368209017,44.24,32.0,12.814278300444052,0.01687116787407248,1.218004494302766,10.0,9.814474105834961,10.892136555377444,Normal,Sensor Risk
/content/dacon_01/agv01_0903_1407/agv01_0903_140918.json,agv01,2024-09-03 14:09:18,0,49.0,26.0,21.0,22.2,1.7,75.01,49.99,19.97,66.99,36.6675,75.01,32.39942836429886,0.0006700741742182,44.78999999999999,32.0,13.05268010576464,0.01717508215842736,1.3472184692136957,10.0,9.673707008361816,11.094778089899943,Normal,Sensor Risk
/content/dacon_01/agv01_0903_1407/agv01_0903_140919.json,agv01,2024-09-03 14:09:19,0,49.0,26.0,21.0,22.2,1.96,75.0,49.95,20.05,67.59,36.74,75.0,32.282793146401275,0.0007631692597918,45.39,32.0,13.217081339958742,0.01730212802456062,1.4012340328254134,10.0,9.764423370361328,11.23451913896493,Normal,Sensor Risk
/content/dacon_01/agv01_0903_1407/agv01_0903_140920.json,agv01,2024-09-03 14:09:20,0,50.0,27.0,21.0,22.2,2.12,74.82,50.05,19.96,68.07,36.7375,74.82,32.18361526719251,0.0007926489888663,45.86999999999999,32.666666666666664,13.747392057555402,0.017474734809718943,1.47462054328262,10.0,9.670721054077148,11.685283248922092,Normal,Sensor Risk
/content/dacon_01/agv01_0903_1407/agv01_0903_140921.json,agv01,2024-09-03 14:09:21,0,49.0,26.0,22.0,22.2,1.71,74.97,49.99,19.96,68.64,36.6575,74.97,32.38177200730888,0.0009941069218408,46.44,32.333333333333336,13.712772475507515,0.017706104968100402,1.5729912332411413,10.0,9.558004379272461,11.655856604181388,Normal,Sensor Risk
/content/dacon_01/agv01_0903_1407/agv01_0903_140922.json,agv01,2024-09-03 14:09:22,0,50.0,26.0,22.0,22.21,2.01,74.91,49.99,20.04,69.26,36.7375,74.91,32.236492132364525,0.0010214559445492,47.05,32.666666666666664,14.090206359022178,0.017468488987915018,1.4719650331489529,10.0,9.778449058532715,11.97667540516885,Normal,Sensor Risk
/content/dacon_01/agv01_0903_1407/agv01_0903_140923.json,agv01,2024-09-03 14:09:23,0,51.0,25.0,23.0,22.3,1.95,74.88,50.05,19.95,69.74,36.7075,74.88,32.270005035636416,0.0010160388921956,47.44,33.0,14.472946816422546,0.017429276328098285,1.455293149323204,10.0,10.08922290802002,12.302004793959163,Normal,Sensor Risk
/content/dacon_01/agv01_0903_1407/agv01_0903_140924.json,agv01,2024-09-03 14:09:24,0,50.0,26.0,23.0,22.3,1.77,75.01,49.97,19.99,70.27,36.685,75.01,32.36807635103864,0.0009274247868047,47.97,33.0,14.629822947606344,0.01756102408902516,1.5113077980295413,10.0,10.45439624786377,12.435349505465393,Normal,Sensor Risk
/content/dacon_01/agv01_0903_1407/agv01_0903_140925.json,agv01,2024-09-03 14:09:25,0,50.0,27.0,22.0,22.3,2.07,74.87,50.01,20.02,70.84,36.7425,74.87,32.20536743567238,0.0009394209270289,48.540000000000006,33.0,14.77187390994056,0.018028636954198905,1.710120819131352,10.0,10.9969482421875,12.556092823449475,Normal,Sensor Risk
/content/dacon_01/agv01_0903_1407/agv01_0903_140926.json,agv01,2024-09-03 14:09:26,0,50.0,27.0,23.0,22.37,1.84,74.89,50.04,19.95,71.25,36.68,74.89,32.31208339512222,0.0009186091681834,48.88,33.333333333333336,15.130018884119165,0.017997535109848098,1.6968973770540587,10.0,10.837662696838379,12.86051605150129,Normal,Sensor Risk
/content/dacon_01/agv01_0903_1407/agv01_0903_140927.json,agv01,2024-09-03 14:09:27,0,51.0,27.0,22.0,22.4,1.88,75.07,49.95,20.03,71.7,36.7325,75.07,32.34262654248518,0.0007455135609498,49.3,33.333333333333336,15.284285844147472,0.01798611221255114,1.6920407512199933,10.0,11.150266647338867,12.991642967525351,Normal,Sensor Risk
/content/dacon_01/agv01_0903_1407/agv01_0903_140928.json,agv01,2024-09-03 14:09:28,0,51.0,26.0,22.0,22.6,2.13,74.82,50.03,20.01,72.13,36.7475,74.82,32.168593767835105,0.0007983352759575,49.53,33.0,15.271789479128781,0.018071255753725427,1.7282408772406432,10.0,11.708489418029785,12.981021057259463,Normal,Sensor Risk
/content/dacon_01/agv01_0903_1407/agv01_0903_140929.json,agv01,2024-09-03 14:09:29,0,51.0,27.0,22.0,22.62,1.78,74.88,50.01,19.95,72.49,36.655,74.88,32.3255796545089,0.0010528313144713,49.86999999999999,33.333333333333336,15.598311561203039,0.018681032975534917,1.987497327813211,10.0,12.097698211669922,13.258564827022582,Normal,Sensor Risk
/content/dacon_01/agv01_0903_1407/agv01_0903_140930.json,agv01,2024-09-03 14:09:30,0,51.0,27.0,22.0,22.7,1.9,75.02,49.96,20.03,72.93,36.7275,75.02,32.31705367655494,0.0010260842604788,50.23,33.333333333333336,15.773432985428293,0.018638788866976327,1.9695365755076355,10.0,12.754914283752441,13.407418037614049,Normal,Sensor Risk
/content/dacon_01/agv01_0903_1407/agv01_0903_140931.json,agv01,2024-09-03 14:09:31,0,51.0,26.0,23.0,22.76,2.11,74.82,50.05,19.98,73.37,36.74,74.82,32.183727772483614,0.0010161817029669,50.61,33.333333333333336,15.904374143720615,0.018398793522328892,1.8674987509024497,10.0,13.975918769836426,13.518718022162522,Normal,Sensor Risk
/content/dacon_01/agv01_0903_1407/agv01_0903_140932.json,agv01,2024-09-03 14:09:32,0,52.0,27.0,22.0,22.8,1.72,74.96,50.01,19.95,73.79,36.66,74.96,32.378697729628755,0.0011325323404705,50.99000000000001,33.666666666666664,16.263755437822585,0.018480726289905946,1.9023337656387835,10.0,13.970616340637207,13.824192122149197,Normal,Sensor Risk
/content/dacon_01/agv01_0903_1407/agv01_0903_140933.json,agv01,2024-09-03 14:09:33,0,52.0,27.0,23.0,23.2,1.88,75.05,49.95,20.05,74.13,36.7325,75.05,32.331283483132346,0.0011325323404705,50.92999999999999,34.0,16.779331709692272,0.01839085246148913,1.8641224830238496,10.0,14.627790451049805,14.262431953238432,Normal,Sensor Risk
/content/dacon_01/agv01_0903_1407/agv01_0903_140934.json,agv01,2024-09-03 14:09:34,0,52.0,27.0,24.0,23.2,1.85,75.07,49.95,20.04,74.47,36.7275,75.07,32.35168452595114,0.0010545921485622,51.27,34.333333333333336,17.081653046526537,0.018773023572069798,2.0266085879434517,10.0,14.442303657531738,14.519405089547556,Normal,Sensor Risk
/content/dacon_01/agv01_0903_1407/agv01_0903_140935.json,agv01,2024-09-03 14:09:35,0,52.0,27.0,24.0,23.2,1.81,75.1,49.95,20.03,74.81,36.7225,75.1,32.37963081424287,0.0007947890310576,51.61,34.333333333333336,17.174209593354494,0.018739738668936756,2.0124569838242996,10.0,13.57336139678955,14.598078154351319,Normal,Sensor Risk
/content/dacon_01/agv01_0903_1407/agv01_0903_140936.json,agv01,2024-09-03 14:09:36,0,52.0,28.0,23.0,23.26,2.18,74.86,50.03,19.99,75.21,36.765,74.86,32.169924360081005,0.0009524726296632,51.94999999999999,34.333333333333336,17.292434124708855,0.018837727328971553,2.05411841571839,10.0,13.713584899902344,14.698569006002526,Normal,Sensor Risk
/content/dacon_01/agv01_0903_1407/agv01_0903_140937.json,agv01,2024-09-03 14:09:37,0,53.0,28.0,23.0,23.3,1.74,75.02,50.02,19.95,75.5,36.6825,75.02,32.396541353463434,0.00102636217789,52.2,34.666666666666664,17.61768763925914,0.019295989621714815,2.2489558927486217,10.0,14.041742324829102,14.97503449337027,Normal,Sensor Risk
/content/dacon_01/agv01_0903_1407/agv01_0903_140938.json,agv01,2024-09-03 14:09:38,0,54.0,28.0,23.0,23.53,1.9,75.12,49.96,20.05,75.86,36.75750000000001,75.12,32.353120792282155,0.0007980969473325,52.33,35.0,18.049481076274287,0.01925792147080979,2.2327706150266855,10.0,13.701333045959473,15.342058914833142,Normal,Sensor Risk
/content/dacon_01/agv01_0903_1407/agv01_0903_140939.json,agv01,2024-09-03 14:09:39,0,53.0,27.0,23.0,23.69,2.1,74.93,50.05,19.97,76.24,36.7625,74.93,32.23245091001717,0.0008712336952359,52.55,34.333333333333336,17.8007514059606,0.01921986802149646,2.2165915879194706,10.0,13.024901390075684,15.13063869506651,Normal,Sensor Risk
/content/dacon_01/agv01_0903_1407/agv01_0903_140940.json,agv01,2024-09-03 14:09:40,0,52.0,28.0,23.0,24.4,1.71,75.18,49.99,19.99,76.6,36.7175,75.18,32.45950027855225,0.000892975258309,52.2,34.333333333333336,18.288841724849576,0.019493247712714032,2.332823296597228,10.0,11.773961067199707,15.545515466122138,Normal,Sensor Risk
/content/dacon_01/agv01_0903_1407/agv01_0903_140941.json,agv01,2024-09-03 14:09:41,0,54.0,28.0,23.0,24.49,1.98,75.08,49.96,20.05,76.81,36.767500000000005,75.08,32.30858851244769,0.0009412595094849,52.32000000000001,35.0,18.79973312324666,0.019454099197357515,2.3161786848054033,10.0,10.85246753692627,15.97977315475966,Normal,Sensor Risk
/content/dacon_01/agv01_0903_1407/agv01_0903_140942.json,agv01,2024-09-03 14:09:42,0,55.0,28.0,24.0,24.6,2.04,75.08,50.05,19.95,77.06,36.78,75.08,32.3166592745393,0.0010077017195532,52.46,35.666666666666664,19.34211385860886,0.0195526947987357,2.3580981674314083,10.0,11.092659950256348,16.440796779817532,Normal,Sensor Risk
/content/dacon_01/agv01_0903_1407/agv01_0903_140943.json,agv01,2024-09-03 14:09:43,0,54.0,29.0,23.0,24.8,1.77,75.26,49.98,20.01,77.34,36.755,75.26,32.464754734942936,0.0005749838571378,52.540000000000006,35.333333333333336,19.32526046170236,0.019970585868338567,2.5357711790760797,10.0,12.019098281860352,16.426471392447006,Normal,Sensor Risk
/content/dacon_01/agv01_0903_1407/agv01_0903_140944.json,agv01,2024-09-03 14:09:44,0,53.0,29.0,23.0,24.9,2.09,75.19,49.99,20.04,77.68,36.8275,75.19,32.318451257241065,0.0009755714465562,52.78000000000001,35.0,19.259580615083067,0.019778280774661438,2.4540096205419464,10.0,13.848196983337402,16.370643522820608,Normal,Sensor Risk
/content/dacon_01/agv01_0903_1407/agv01_0903_140945.json,agv01,2024-09-03 14:09:45,0,54.0,29.0,22.0,24.9,1.9,75.21,50.05,19.95,77.88,36.7775,75.21,32.41821028886902,0.0009764523645996,52.98,35.0,19.316320613013737,0.020089356040151097,2.5862682000809585,10.0,17.040618896484375,16.418872521061676,Normal,Sensor Risk
/content/dacon_01/agv01_0903_1407/agv01_0903_140946.json,agv01,2024-09-03 14:09:46,1,56.0,29.0,24.0,24.95,1.82,75.41,49.96,20.05,78.03,36.81,75.41,32.496564946672954,0.0007404229133733,53.08,36.333333333333336,20.2332663385148,0.020450304927412843,2.7397313403929373,40.0,22.38167953491211,19.024427604675292,Normal,Degradation Risk
/content/dacon_01/agv01_0903_1407/agv01_0903_140947.json,agv01,2024-09-03 14:09:47,1,56.0,29.0,24.0,25.1,2.08,75.22,50.01,20.03,78.38,36.835,75.22,32.33835132882731,0.0008572218381311,53.28,36.333333333333336,20.38845066810235,0.020194301212999706,2.6308873036557316,40.0,29.68701934814453,25.23396644592285,Normal,Degradation Risk
/content/dacon_01/agv01_0903_1407/agv01_0903_140948.json,agv01,2024-09-03 14:09:48,1,56.0,30.0,24.0,25.44,1.87,75.26,50.05,19.95,78.58,36.7825,75.26,32.44873020114449,0.000850092979971,53.14,36.66666666666666,20.829829051080853,0.02028958276107635,2.671397763994193,40.0,36.829673767089844,31.305222702026366,Normal,Degradation Risk
/content/dacon_01/agv01_0903_1407/agv01_0903_140949.json,agv01,2024-09-03 14:09:49,1,56.0,29.0,24.0,26.07,2.06,75.25,50.05,19.95,79.23,36.8275,75.25,32.37669982667577,0.0006709638160033,53.16,36.333333333333336,21.119090600334797,0.020449859474960475,2.739541949222573,40.0,42.056846618652344,35.74831962585449,Normal,Degradation Risk
/content/dacon_01/agv01_0903_1407/agv01_0903_140950.json,agv01,2024-09-03 14:09:50,1,57.0,29.0,24.0,26.7,2.25,75.24,50.05,19.95,79.87,36.8725,75.24,32.30479879212994,0.0009650757386156,53.17,36.66666666666666,21.828621177410547,0.020650571182727884,2.8248777129785934,40.0,44.7443962097168,38.03273677825928,Normal,Degradation Risk
/content/dacon_01/agv01_0903_1407/agv01_0903_140951.json,agv01,2024-09-03 14:09:51,1,56.0,29.0,24.0,26.79,1.74,75.33,50.02,19.95,80.34,36.76,75.33,32.51896369812544,0.0010843308707302,53.55,36.333333333333336,21.80568060576183,0.02115899163712011,3.0410407274202864,40.0,45.87057876586914,38.98999195098877,Normal,Degradation Risk
/content/dacon_01/agv01_0903_1407/agv01_0903_140952.json,agv01,2024-09-03 14:09:52,1,56.0,29.0,24.0,27.5,1.92,75.48,49.95,20.02,80.72,36.8425,75.48,32.492257924003994,0.0011230892518793,53.22,36.333333333333336,22.28942760938206,0.021027784476320158,2.985255923426202,40.0,45.996604919433594,39.097114181518556,Normal,Degradation Risk
/content/dacon_01/agv01_0903_1407/agv01_0903_140953.json,agv01,2024-09-03 14:09:53,1,56.0,29.0,24.0,27.67,2.08,75.31,50.04,19.98,80.99,36.8525,75.31,32.38671268179797,0.0011731201198252,53.31999999999999,36.333333333333336,22.434097536170842,0.02145111866931711,3.165243165253156,40.0,45.76460647583008,38.899915504455564,Normal,Degradation Risk
/content/dacon_01/agv01_0903_1407/agv01_0903_140954.json,agv01,2024-09-03 14:09:54,1,57.0,30.0,25.0,27.8,1.77,75.53,49.98,19.98,81.2,36.815,75.53,32.576769330306526,0.0010574577042017,53.400000000000006,37.333333333333336,23.203782729288793,0.021576295463292695,3.2184640632130055,40.0,45.03440475463867,38.27924404144287,Normal,Degradation Risk
/content/dacon_01/agv01_0903_1407/agv01_0903_140955.json,agv01,2024-09-03 14:09:55,1,57.0,30.0,25.0,28.59,2.02,75.6,49.99,20.02,81.4,36.9075,75.6,32.50941748170828,0.001372453963506,52.81,37.333333333333336,23.674983524583382,0.021180068718980906,3.050001982836555,40.0,44.38852310180664,37.730244636535645,Normal,Degradation Risk
/content/dacon_01/agv01_0903_1407/agv01_0903_140956.json,agv01,2024-09-03 14:09:56,1,57.0,29.0,25.0,28.8,2.0,75.46,50.05,19.96,81.54,36.8675,75.46,32.479560110937456,0.0013569634953143,52.74000000000001,37.0,23.598405881941964,0.02150159782850004,3.1867051798538633,40.0,43.875144958496094,37.29387321472168,Normal,Degradation Risk
/content/dacon_01/agv01_0903_1407/agv01_0903_140957.json,agv01,2024-09-03 14:09:57,1,57.0,30.0,25.0,29.6,1.78,75.72,49.97,19.96,81.71,36.8575,75.72,32.65061548679698,0.0008278727620147,52.10999999999999,37.333333333333336,24.282638397472066,0.021948398679266033,3.3766696431682783,40.0,43.26764678955078,36.777499771118165,Normal,Degradation Risk
/content/dacon_01/agv01_0903_1407/agv01_0903_140958.json,agv01,2024-09-03 14:09:58,1,58.0,30.0,25.0,29.91,1.98,75.64,49.99,20.04,81.93,36.9125,75.64,32.53613926595062,0.000992642077306,52.02000000000001,37.66666666666666,24.70435066532276,0.02211585374193421,3.447865817156099,40.0,42.624794006347656,36.23107490539551,Normal,Degradation Risk
/content/dacon_01/agv01_0903_1407/agv01_0903_140959.json,agv01,2024-09-03 14:09:59,1,58.0,29.0,26.0,30.3,1.92,75.62,50.05,19.95,82.08,36.885,75.62,32.573316789462304,0.0009793644456772,51.78,37.66666666666666,24.943255161537547,0.02189317541790874,3.353190598336056,40.0,42.09737777709961,35.78277111053467,Normal,Degradation Risk
/content/dacon_01/agv01_0903_1407/agv01_0903_141000.json,agv01,2024-09-03 14:10:00,1,58.0,31.0,25.0,31.17,1.82,75.92,49.97,19.99,82.18,36.925,75.92,32.71053500021056,0.0007260605941078,51.010000000000005,38.0,25.651953490018187,0.02234066587854873,3.5434482602184363,40.0,41.779083251953125,35.512220764160155,Normal,Degradation Risk
/content/dacon_01/agv01_0903_1407/agv01_0903_141001.json,agv01,2024-09-03 14:10:01,1,59.0,31.0,25.0,31.6,2.06,75.69,49.98,20.02,82.29,36.9375,75.69,32.529498792122,0.0008771625357316,50.690000000000005,38.333333333333336,26.089876411235842,0.022511657866160672,3.6161482139049164,40.0,41.61681365966797,35.37429161071777,Normal,Degradation Risk
/content/dacon_01/agv01_0903_1407/agv01_0903_141002.json,agv01,2024-09-03 14:10:02,1,59.0,31.0,25.0,31.8,1.83,75.83,50.04,19.95,82.45,36.9125,75.83,32.68746586996306,0.0007876678960539,50.650000000000006,38.333333333333336,26.249104285228242,0.023016996746245355,3.8310010481880625,40.0,41.350101470947266,35.147586250305174,Normal,Degradation Risk
/content/dacon_01/agv01_0903_1407/agv01_0903_141003.json,agv01,2024-09-03 14:10:03,1,59.0,31.0,25.0,31.75,1.8,76.05,49.95,20.04,82.55,36.96,76.05,32.75810434075818,0.0006897357606886,50.8,38.333333333333336,26.27159982203328,0.023156105328004082,3.8901452665370693,40.0,40.9271240234375,34.788055419921875,Normal,Degradation Risk
/content/dacon_01/agv01_0903_1407/agv01_0903_141004.json,agv01,2024-09-03 14:10:04,1,58.0,31.0,26.0,31.6,2.05,75.79,50.05,20.05,82.65,36.985,75.79,32.57693816183467,0.0009559757352534,51.05,38.333333333333336,26.199470391024754,0.02340582862167885,3.996319082855251,40.0,40.83348846435547,34.70846519470215,Normal,Degradation Risk
/content/dacon_01/agv01_0903_1407/agv01_0903_141005.json,agv01,2024-09-03 14:10:05,1,59.0,32.0,26.0,31.6,1.8,76.15,49.95,20.05,82.78,36.9875,76.15,32.796172922055,0.000848006081247,51.18,39.0,26.68641415357713,0.023854999828223644,4.187291340498196,40.0,40.86086654663086,34.73173656463623,Normal,Degradation Risk
/content/dacon_01/agv01_0903_1407/agv01_0903_141006.json,agv01,2024-09-03 14:10:06,1,60.0,30.0,26.0,31.6,2.07,75.91,49.98,20.04,82.98,36.99999999999999,75.91,32.60989113750612,0.0009101714519776,51.38,38.66666666666666,26.50952934670369,0.02379961908242564,4.163745338659941,40.0,40.883113861083984,34.75064678192138,Normal,Degradation Risk
/content/dacon_01/agv01_0903_1407/agv01_0903_141007.json,agv01,2024-09-03 14:10:07,1,61.0,31.0,27.0,31.42,1.82,76.0,50.05,19.95,83.07,36.955,76.0,32.759880443412285,0.0008550837969745,51.64999999999999,39.66666666666666,27.07512283508981,0.024004934410637092,4.251038404613252,40.0,40.77479934692383,34.658579444885255,Normal,Degradation Risk
/content/dacon_01/agv01_0903_1407/agv01_0903_141008.json,agv01,2024-09-03 14:10:08,1,59.0,30.0,26.0,31.39,1.84,76.18,49.95,20.05,83.19,37.005,76.18,32.79381496563033,0.0005548443463063,51.8,38.333333333333336,26.27328916476756,0.024460861419072177,4.444882998506559,40.0,40.76465606689453,34.64995765686035,Normal,Degradation Risk
/content/dacon_01/agv01_0903_1407/agv01_0903_141009.json,agv01,2024-09-03 14:10:09,1,60.0,32.0,25.0,31.3,2.12,76.02,50.02,20.02,83.3,37.045,76.02,32.644588627621985,0.0007992656714095,52.0,39.0,26.661090459195854,0.024832935785195766,4.603076312490952,40.0,40.76768493652344,34.65253219604492,Normal,Degradation Risk
/content/dacon_01/agv01_0903_1407/agv01_0903_141010.json,agv01,2024-09-03 14:10:10,1,60.0,31.0,26.0,31.21,1.84,76.14,50.02,19.95,83.32,36.9875,76.14,32.804407605279714,0.000794577308676,52.10999999999999,39.0,26.632385761314385,0.025079501404314093,4.7079075934236085,40.0,40.772037506103516,34.65623188018799,Normal,Degradation Risk
/content/dacon_01/agv01_0903_1407/agv01_0903_141011.json,agv01,2024-09-03 14:10:11,1,61.0,31.0,26.0,31.1,1.9,76.34,49.96,20.01,83.45,37.0525,76.34,32.84436164194194,0.0009854533555118,52.35,39.333333333333336,26.84250494940689,0.025495452068861453,4.8847556111043025,40.0,40.87253952026367,34.74165859222412,Normal,Degradation Risk
/content/dacon_01/agv01_0903_1407/agv01_0903_141012.json,agv01,2024-09-03 14:10:12,1,61.0,32.0,26.0,31.1,2.11,76.14,50.05,19.99,83.4,37.072500000000005,76.14,32.70511313235287,0.0012045804802475,52.3,39.66666666666666,27.020006892877422,0.025432904223462456,4.85816240327508,40.0,40.90198516845703,34.76668739318848,Normal,Degradation Risk
/content/dacon_01/agv01_0903_1407/agv01_0903_141013.json,agv01,2024-09-03 14:10:13,1,61.0,33.0,27.0,31.1,1.78,76.35,50.02,19.95,83.53,37.025,76.35,32.90942772722329,0.0008526130591473,52.43,40.333333333333336,27.488617900638708,0.02570319534901553,4.973080959308069,40.0,40.859130859375,34.73026123046875,Normal,Degradation Risk
/content/dacon_01/agv01_0903_1407/agv01_0903_141014.json,agv01,2024-09-03 14:10:14,1,62.0,33.0,26.0,31.1,1.91,76.5,49.97,20.05,83.75,37.1075,76.5,32.89901353637624,0.0011035859578231,52.65,40.333333333333336,27.567235595098076,0.025721382049023245,4.980813323068126,40.0,40.79258346557617,34.673695945739745,Normal,Degradation Risk
/content/dacon_01/agv01_0903_1407/agv01_0903_141015.json,agv01,2024-09-03 14:10:15,1,62.0,32.0,28.0,31.14,2.06,76.36,50.02,19.96,84.03,37.1,76.36,32.811863708116306,0.0012373480690654,52.89,40.66666666666666,27.86042547568712,0.026266390793106758,5.2125324287815396,40.0,40.7332763671875,34.623284912109376,Normal,Degradation Risk
/content/dacon_01/agv01_0903_1407/agv01_0903_141016.json,agv01,2024-09-03 14:10:16,1,63.0,34.0,28.0,31.2,1.72,76.64,49.98,19.98,84.24,37.08,76.64,33.03605706900669,0.0008263614022746,53.03999999999999,41.66666666666666,28.59627452163884,0.02649513392396258,5.309786196350222,40.0,40.77488708496094,34.658654022216794,Normal,Degradation Risk
/content/dacon_01/agv01_0903_1407/agv01_0903_141017.json,agv01,2024-09-03 14:10:17,1,63.0,33.0,26.0,31.2,1.99,76.59,50.02,20.05,84.44,37.1625,76.59,32.91294312272909,0.0012227353840672,53.24,40.66666666666666,28.02628131320553,0.026756564929309015,5.420937731848067,40.0,40.868896484375,34.73856201171875,Normal,Degradation Risk
/content/dacon_01/agv01_0903_1407/agv01_0903_141018.json,agv01,2024-09-03 14:10:18,1,63.0,33.0,26.0,31.2,1.99,76.61,50.05,19.95,84.61,37.14999999999999,76.61,32.94220798104867,0.0013412542076642,53.41,40.66666666666666,28.0763889563029,0.027136148630668763,5.582323758728014,40.0,40.78261184692383,34.66522006988525,Normal,Degradation Risk
/content/dacon_01/agv01_0903_1407/agv01_0903_141019.json,agv01,2024-09-03 14:10:19,1,64.0,33.0,27.0,31.3,1.76,76.82,49.97,20.01,84.73,37.14,76.82,33.087221098182305,0.0008683516597191,53.43000000000001,41.333333333333336,28.591939449119955,0.027639617820721673,5.796381664660327,40.0,40.732208251953125,34.62237701416016,Normal,Degradation Risk
/content/dacon_01/agv01_0903_1407/agv01_0903_141020.json,agv01,2024-09-03 14:10:20,1,64.0,33.0,27.0,31.33,2.09,76.73,49.98,20.03,84.85,37.2075,76.73,32.93159615020202,0.0012257597888228,53.52,41.333333333333336,28.635907814785046,0.027888799957226797,5.902325399430713,40.0,40.76617431640625,34.65124816894531,Normal,Degradation Risk
/content/dacon_01/agv01_0903_1407/agv01_0903_141021.json,agv01,2024-09-03 14:10:21,1,64.0,32.0,28.0,31.4,1.83,76.83,50.03,19.95,84.93,37.16,76.83,33.08443138396064,0.001113926336184,53.53000000000001,41.333333333333336,28.702247630360002,0.02801187668301129,5.954653420113896,40.0,40.83094787597656,34.706305694580074,Normal,Degradation Risk
/content/dacon_01/agv01_0903_1407/agv01_0903_141022.json,agv01,2024-09-03 14:10:22,1,64.0,34.0,28.0,31.52,1.85,77.08,49.95,20.01,85.17,37.2225,77.08,33.1566658707818,0.0008949791447676,53.650000000000006,42.0,29.26830751847929,0.028287006263496593,6.07162912194886,40.0,40.72868347167969,34.619380950927734,Normal,Degradation Risk
/content/dacon_01/agv01_0903_1407/agv01_0903_141023.json,agv01,2024-09-03 14:10:23,1,65.0,33.0,27.0,31.6,2.09,76.87,50.02,20.02,85.34,37.25000000000001,76.87,32.99452378804701,0.0011993028656271,53.74,41.66666666666666,29.130507236169027,0.02866711427289111,6.233238066699857,40.0,40.650596618652344,34.55300712585449,Normal,Degradation Risk
/content/dacon_01/agv01_0903_1407/agv01_0903_141024.json,agv01,2024-09-03 14:10:24,1,65.0,34.0,27.0,31.69,1.8,77.07,50.02,19.95,85.53,37.21,77.07,33.18981470270661,0.0010983136213252,53.84,42.0,29.455723612344897,0.029240904723985432,6.477194171327233,40.0,40.54700469970703,34.46495399475098,Normal,Degradation Risk
/content/dacon_01/agv01_0903_1407/agv01_0903_141025.json,agv01,2024-09-03 14:10:25,1,66.0,34.0,27.0,31.72,1.91,77.3,49.96,20.01,85.74,37.295,77.3,33.22484863271264,0.0012183076481712,54.02,42.333333333333336,29.761607510447938,0.029774390310463476,6.704014023947333,40.0,40.579742431640625,34.49278106689453,Normal,Degradation Risk
/content/dacon_01/agv01_0903_1407/agv01_0903_141026.json,agv01,2024-09-03 14:10:26,1,65.0,33.0,28.0,31.8,2.05,77.1,50.05,19.99,85.77,37.2975,77.1,33.1099233614335,0.001422641470982,53.97,42.0,29.585168641654572,0.030084062741051073,6.835676165993372,40.0,40.53898620605469,34.45813827514648,Normal,Degradation Risk
/content/dacon_01/agv01_0903_1407/agv01_0903_141027.json,agv01,2024-09-03 14:10:27,1,67.0,34.0,28.0,31.84,1.73,77.37,50.02,19.95,85.94,37.2675,77.37,33.334899004896755,0.0009783150544239,54.1,43.0,30.29836388094221,0.030539803322966085,7.029441497696885,40.0,40.710411071777344,34.60384941101074,Normal,Degradation Risk
/content/dacon_01/agv01_0903_1407/agv01_0903_141028.json,agv01,2024-09-03 14:10:28,1,66.0,34.0,29.0,31.9,1.87,77.45,49.97,20.04,86.02,37.3325,77.45,33.29534339313332,0.0011456061562566,54.12,43.0,30.36130398472754,0.030843500331273248,7.158563094252392,40.0,40.744544982910156,34.63286323547363,Normal,Degradation Risk
/content/dacon_01/agv01_0903_1407/agv01_0903_141029.json,agv01,2024-09-03 14:10:29,1,66.0,35.0,28.0,31.9,2.06,77.4,50.05,19.97,86.58,37.37,77.4,33.230204132184724,0.0014694721752477,54.68,43.0,30.513834855265582,0.03116466067009176,7.295109502561465,40.0,40.85325241088867,34.72526454925537,Normal,Degradation Risk
/content/dacon_01/agv01_0903_1407/agv01_0903_141030.json,agv01,2024-09-03 14:10:30,1,67.0,36.0,29.0,31.92,1.71,77.72,49.97,19.98,87.05,37.34499999999999,77.72,33.47102079909325,0.0010128125296551,55.13,44.0,31.303706805281763,0.03186597884388544,7.593286039756864,40.0,40.775691986083984,34.65933818817138,Normal,Degradation Risk
/content/dacon_01/agv01_0903_1407/agv01_0903_141031.json,agv01,2024-09-03 14:10:31,1,66.0,35.0,30.0,32.1,2.01,77.67,49.99,20.04,87.42,37.4275,77.67,33.3366648751791,0.0015006883476394,55.32,43.66666666666666,31.29044878533838,0.03236527558053371,7.805569960992511,40.0,40.897605895996094,34.76296501159668,Normal,Degradation Risk
/content/dacon_01/agv01_0903_1407/agv01_0903_141032.json,agv01,2024-09-03 14:10:32,1,68.0,36.0,28.0,32.1,2.01,77.72,50.05,19.95,87.93,37.4325,77.72,33.38001036049369,0.0016677072014813,55.830000000000005,44.0,31.645575556887277,0.0330005968687616,8.075686876265895,40.0,40.87186050415039,34.74108142852783,Normal,Degradation Risk
/content/dacon_01/agv01_0903_1407/agv01_0903_141033.json,agv01,2024-09-03 14:10:33,1,67.0,35.0,29.0,32.1,1.8,77.98,49.97,20.05,88.38,37.45,77.98,33.531645749450874,0.0013367615845691,56.28,43.66666666666666,31.582041011945453,0.03358996391208406,8.326265615961699,40.0,40.94763946533203,34.80549354553222,Normal,Degradation Risk
/content/dacon_01/agv01_0903_1407/agv01_0903_141034.json,agv01,2024-09-03 14:10:34,1,68.0,35.0,29.0,32.26,2.0,77.89,50.03,20.02,88.85,37.48500000000001,77.89,33.43726713314551,0.0013858761475663,56.59,44.0,31.99265658997918,0.03429029059052058,8.624020603191203,40.0,41.02048873901367,34.86741542816162,Normal,Degradation Risk
/content/dacon_01/agv01_0903_1407/agv01_0903_141035.json,agv01,2024-09-03 14:10:35,1,68.0,35.0,29.0,32.3,1.84,78.01,50.05,19.95,89.09,37.4625,78.01,33.55689236207668,0.0012886150259119,56.790000000000006,44.0,32.089587305365306,0.034625900937161176,8.766710661352567,40.0,41.117889404296875,34.95020599365234,Normal,Degradation Risk
/content/dacon_01/agv01_0903_1407/agv01_0903_141036.json,agv01,2024-09-03 14:10:36,1,68.0,35.0,29.0,32.43,1.87,78.05,50.05,19.95,89.54,37.48,78.05,33.5623936373237,0.0006384490726517,57.11000000000001,44.0,32.27469938298363,0.035068541180739196,8.954906176577088,40.0,41.08254623413086,34.920164299011226,Normal,Degradation Risk
/content/dacon_01/agv01_0903_1407/agv01_0903_141037.json,agv01,2024-09-03 14:10:37,1,68.0,36.0,30.0,32.56,1.9,78.08,50.05,19.95,89.93,37.495,78.08,33.56387591841364,0.0006287699464577,57.370000000000005,44.66666666666666,32.86763627973736,0.036059726915460374,9.37632450158343,40.0,40.961158752441406,34.81698493957519,Normal,Degradation Risk
/content/dacon_01/agv01_0903_1407/agv01_0903_141038.json,agv01,2024-09-03 14:10:38,1,68.0,36.0,30.0,32.6,1.8,78.34,49.96,19.97,90.32,37.5175,78.34,33.68949824005497,0.0006365035564004,57.71999999999999,44.66666666666666,33.02107337034362,0.037145355979421764,9.837896904904495,40.0,40.81538772583008,34.69307956695557,Normal,Degradation Risk
/content/dacon_01/agv01_0903_1407/agv01_0903_141039.json,agv01,2024-09-03 14:10:39,1,69.0,36.0,30.0,32.66,2.0,78.23,50.04,20.05,90.54,37.580000000000005,78.23,33.57038079418622,0.0011119896153695,57.88000000000001,45.0,33.315696247448315,0.037427848002943194,9.958002866087988,40.0,40.92317199707031,34.78469619750977,Normal,Degradation Risk
/content/dacon_01/agv01_0903_1407/agv01_0903_141040.json,agv01,2024-09-03 14:10:40,1,69.0,37.0,31.0,32.7,1.88,78.35,50.05,19.95,90.83,37.55749999999999,78.35,33.67985884273666,0.0012167218874116,58.13,45.66666666666666,33.84567891208163,0.038231828028951045,10.299827716900728,40.0,40.88313293457031,34.75066299438476,Normal,Degradation Risk
/content/dacon_01/agv01_0903_1407/agv01_0903_141041.json,agv01,2024-09-03 14:10:41,1,69.0,37.0,30.0,32.88,1.8,78.69,49.96,19.99,91.29,37.61,78.69,33.82754991620489,0.001355020641144,58.41,45.333333333333336,33.891531070209034,0.03824442830695413,10.305184924803008,40.0,40.98211669921875,34.834799194335936,Normal,Degradation Risk
/content/dacon_01/agv01_0903_1407/agv01_0903_141042.json,agv01,2024-09-03 14:10:42,1,70.0,36.0,30.0,32.9,2.09,78.53,50.05,20.01,91.6,37.67,78.53,33.6680659775204,0.0016925989298548,58.7,45.333333333333336,33.97505767929734,0.03871983744914916,10.50731265664823,40.0,40.96138000488281,34.81717300415039,Normal,Degradation Risk
/content/dacon_01/agv01_0903_1407/agv01_0903_141043.json,agv01,2024-09-03 14:10:43,1,70.0,36.0,30.0,32.9,1.77,78.77,50.02,19.95,91.83,37.6275,78.77,33.88477374377268,0.0014341597486778,58.93,45.333333333333336,34.05862742469555,0.03939294278764037,10.79349405975285,40.0,40.90671920776367,34.77071132659912,Normal,Degradation Risk
/content/dacon_01/agv01_0903_1407/agv01_0903_141044.json,agv01,2024-09-03 14:10:44,1,70.0,36.0,30.0,33.0,1.86,79.04,49.95,20.05,92.18,37.72500000000001,79.04,33.93662574073426,0.0016283276292986,59.18000000000001,45.333333333333336,34.235399045168144,0.03952404844264641,10.849235706949829,40.0,41.00431823730469,34.85367050170898,Normal,Degradation Risk
/content/dacon_01/agv01_0903_1407/agv01_0903_141045.json,agv01,2024-09-03 14:10:45,1,70.0,36.0,31.0,33.1,2.16,78.88,50.04,19.98,92.4,37.76499999999999,78.88,33.789254208993725,0.0020364769477518,59.3,45.66666666666666,34.54461653851529,0.04014210911675422,11.112013998556366,40.0,41.00043869018555,34.850372886657716,Normal,Degradation Risk
/content/dacon_01/agv01_0903_1407/agv01_0903_141046.json,agv01,2024-09-03 14:10:46,1,70.0,37.0,31.0,33.18,1.7,79.14,50.02,19.95,92.71,37.7025,79.14,34.05935248454772,0.0015675144225573,59.53,46.0,34.89863260476784,0.0406021477036426,11.307606695195933,40.0,40.88935089111328,34.755948257446285,Normal,Degradation Risk
/content/dacon_01/agv01_0903_1407/agv01_0903_141047.json,agv01,2024-09-03 14:10:47,1,71.0,38.0,31.0,33.22,1.96,79.3,49.97,20.04,93.07,37.8175,79.3,34.01117892203483,0.00179397294327,59.85,46.66666666666666,35.453414727061016,0.04171891692681424,11.782418830764058,40.0,40.868587493896484,34.73829936981201,Normal,Degradation Risk
/content/dacon_01/agv01_0903_1407/agv01_0903_141048.json,agv01,2024-09-03 14:10:48,1,71.0,36.0,31.0,33.4,2.11,79.28,50.05,19.95,93.14,37.8475,79.28,33.97568971583456,0.002123894052866,59.74,46.0,35.150641424823746,0.042236216228087264,12.002356827683226,40.0,41.0225715637207,34.869185829162596,Normal,Degradation Risk
/content/dacon_01/agv01_0903_1407/agv01_0903_141049.json,agv01,2024-09-03 14:10:49,1,71.0,38.0,32.0,33.43,1.73,79.53,49.99,19.97,93.41,37.805,79.53,34.20011062360277,0.0014876983487352,59.98,47.0,35.88148849257357,0.04232387621683264,12.039626861273392,40.0,41.153778076171875,34.98071136474609,Normal,Degradation Risk
/content/dacon_01/agv01_0903_1407/agv01_0903_141050.json,agv01,2024-09-03 14:10:50,1,72.0,37.0,31.0,33.5,2.01,79.65,49.97,20.04,93.69,37.9175,79.65,34.13608977314186,0.0019298729354799,60.19,46.66666666666666,35.803643263049544,0.04245428528550696,12.095072343750829,40.0,41.14752197265625,34.97539367675781,Normal,Degradation Risk
/content/dacon_01/agv01_0903_1407/agv01_0903_141051.json,agv01,2024-09-03 14:10:51,1,72.0,36.0,32.0,33.63,1.94,79.75,50.05,19.95,93.98,37.9225,79.75,34.2265349059274,0.002159538734715,60.35,46.66666666666666,35.96278960056203,0.04310923980931631,12.373536640310448,40.0,41.18955993652344,35.01112594604492,Normal,Degradation Risk
/content/dacon_01/agv01_0903_1407/agv01_0903_141052.json,agv01,2024-09-03 14:10:52,1,72.0,38.0,32.0,33.7,1.79,80.03,49.96,19.94,94.18,37.93,80.03,34.384447065497504,0.0014951796531195,60.48,47.333333333333336,36.489305320172264,0.04369827417231108,12.623973935692085,40.0,41.25517654418945,35.06690006256103,Normal,Degradation Risk
/content/dacon_01/agv01_0903_1407/agv01_0903_141053.json,agv01,2024-09-03 14:10:53,1,73.0,38.0,32.0,33.9,2.07,80.03,50.0,20.04,94.45,38.035,80.03,34.273617161503886,0.0020826602220539,60.55,47.66666666666666,36.88196887242995,0.0437412671413956,12.642253077919394,40.0,41.381595611572266,35.17435626983642,Normal,Degradation Risk
/content/dacon_01/agv01_0903_1407/agv01_0903_141054.json,agv01,2024-09-03 14:10:54,1,72.0,37.0,32.0,33.97,1.91,80.14,50.03,19.94,94.69,38.005,80.14,34.39550406666546,0.0021181394763444,60.72,47.0,36.578395017703606,0.04431047496024977,12.88426080381702,40.0,41.295188903808594,35.1009105682373,Normal,Degradation Risk
/content/dacon_01/agv01_0903_1407/agv01_0903_141055.json,agv01,2024-09-03 14:10:55,1,72.0,38.0,32.0,34.2,1.86,80.58,49.94,20.02,94.93,38.1,80.58,34.56857918206455,0.0019563913389299,60.73,47.333333333333336,37.0123944432945,0.04502894133073025,13.189728168625733,40.0,41.225284576416016,35.04149188995361,Normal,Degradation Risk
/content/dacon_01/agv01_0903_1407/agv01_0903_141056.json,agv01,2024-09-03 14:10:56,1,73.0,38.0,32.0,34.31,2.02,80.42,50.02,20.0,95.02,38.115,80.42,34.45985248565834,0.0021515852222364,60.71,47.66666666666666,37.28832152980408,0.04595056601628566,13.581571511064991,40.0,41.23847198486328,35.052701187133785,Normal,Degradation Risk
/content/dacon_01/agv01_0903_1407/agv01_0903_141057.json,agv01,2024-09-03 14:10:57,1,73.0,38.0,31.0,34.4,1.83,80.67,50.04,19.94,95.3,38.12,80.67,34.64133080584521,0.0019761510181563,60.9,47.333333333333336,37.22551955899847,0.046240138787053374,13.704687964167197,40.0,41.270355224609375,35.07980194091797,Normal,Degradation Risk
/content/dacon_01/agv01_0903_1407/agv01_0903_141058.json,agv01,2024-09-03 14:10:58,1,73.0,38.0,31.0,34.49,1.82,80.99,49.95,20.02,95.49,38.195,80.99,34.75180235134096,0.0017706703717186,60.99999999999999,47.333333333333336,37.35305492244656,0.04684657960896153,13.962525891441135,40.0,41.317440032958984,35.11982402801514,Normal,Degradation Risk
/content/dacon_01/agv01_0903_1407/agv01_0903_141059.json,agv01,2024-09-03 14:10:59,1,73.0,38.0,33.0,34.52,2.14,80.9,50.04,19.98,95.61,38.265,80.9,34.620565660697494,0.0023229391427468,61.09,48.0,37.816299814516604,0.047896705595177155,14.409003598549287,40.0,41.41361999511719,35.20157699584961,Normal,Degradation Risk
/content/dacon_01/agv01_0903_1407/agv01_0903_141100.json,agv01,2024-09-03 14:11:00,1,74.0,38.0,33.0,34.6,1.69,81.25,50.0,19.95,95.85,38.2225,81.25,34.9217366645284,0.001770323017199,61.24999999999999,48.333333333333336,38.159082489307664,0.04820679004659053,14.540840917779768,40.0,41.526939392089844,35.29789848327636,Normal,Degradation Risk
/content/dacon_01/agv01_0903_1407/agv01_0903_141101.json,agv01,2024-09-03 14:11:01,1,75.0,38.0,34.0,34.7,1.91,81.44,49.95,20.04,95.97,38.335,81.44,34.90194311687149,0.0022252947661123,61.27,49.0,38.6850517995271,0.0489858094881711,14.872053380508166,40.0,41.545318603515625,35.31352081298828,Normal,Degradation Risk
/content/dacon_01/agv01_0903_1407/agv01_0903_141102.json,agv01,2024-09-03 14:11:02,1,74.0,39.0,33.0,34.8,2.11,81.43,50.04,19.96,96.17,38.385000000000005,81.43,34.85239016193868,0.0025147773004562,61.370000000000005,48.66666666666666,38.58560608877595,0.04946836147914171,15.077218007721566,40.0,41.53995132446289,35.30895862579346,Normal,Degradation Risk
/content/dacon_01/agv01_0903_1407/agv01_0903_141103.json,agv01,2024-09-03 14:11:03,1,74.0,39.0,33.0,34.96,1.72,81.76,49.98,19.96,96.33,38.355,81.76,35.11710836615111,0.0020035178653656,61.37,48.66666666666666,38.73774904081838,0.049721817897456035,15.184979021148756,40.0,41.593624114990234,35.3545804977417,Normal,Degradation Risk
/content/dacon_01/agv01_0903_1407/agv01_0903_141104.json,agv01,2024-09-03 14:11:04,1,74.0,39.0,33.0,35.02,2.04,81.93,50.0,20.04,96.55,38.502500000000005,81.93,35.06431269824065,0.002555488957744,61.53,48.66666666666666,38.853183904379726,0.051330279515999035,15.868841971732945,40.0,41.567626953125,35.33248291015625,Normal,Degradation Risk
/content/dacon_01/agv01_0903_1407/agv01_0903_141105.json,agv01,2024-09-03 14:11:05,1,75.0,40.0,33.0,35.2,2.02,82.01,50.04,19.94,96.86,38.5025,82.01,35.126227973789995,0.0027916373822506,61.66,49.333333333333336,39.458194654425746,0.05164579843385056,16.00298984050368,40.0,41.68946075439453,35.43604164123535,Normal,Degradation Risk
/content/dacon_01/agv01_0903_1407/agv01_0903_141106.json,agv01,2024-09-03 14:11:06,1,74.0,39.0,31.0,35.2,1.76,82.36,49.97,19.98,97.37,38.5175,82.36,35.34627408464245,0.002170479917053,62.17,48.0,38.791227902232734,0.05203638940035605,16.169055780621004,40.0,41.66058349609375,35.411495971679685,Normal,Degradation Risk
/content/dacon_01/agv01_0903_1407/agv01_0903_141107.json,agv01,2024-09-03 14:11:07,1,75.0,39.0,32.0,35.35,1.76,82.44,49.97,19.96,97.75,38.532500000000006,82.44,35.3828559003745,0.0019668941543105,62.4,48.66666666666666,39.39411237220526,0.05245748940327439,16.348093121125032,40.0,41.587486267089844,35.34936332702637,Normal,Degradation Risk
/content/dacon_01/agv01_0903_1407/agv01_0903_141108.json,agv01,2024-09-03 14:11:08,1,75.0,39.0,32.0,35.5,1.77,82.52,49.97,19.94,98.12,38.55,82.52,35.41599356223117,0.0018234382854713,62.620000000000005,48.66666666666666,39.578399545198366,0.05349522179438534,16.789301494841006,40.0,41.499244689941406,35.27435798645019,Normal,Degradation Risk
/content/dacon_01/agv01_0903_1407/agv01_0903_141109.json,agv01,2024-09-03 14:11:09,1,74.0,39.0,32.0,35.5,1.99,82.67,49.98,20.03,98.41,38.6675,82.67,35.38732388393712,0.0016224580504146,62.91,48.333333333333336,39.46178253335385,0.054200860147211365,17.08931482462508,40.0,41.535240173339844,35.30495414733887,Normal,Degradation Risk
/content/dacon_01/agv01_0903_1407/agv01_0903_141110.json,agv01,2024-09-03 14:11:10,1,75.0,40.0,34.0,35.7,1.94,82.74,50.04,19.95,98.79,38.6675,82.74,35.45406923048467,0.0019428205189083,63.09,49.66666666666666,40.512994437150276,0.05521914162440521,17.522253334000144,40.0,41.65053176879883,35.402952003479,Normal,Degradation Risk
/content/dacon_01/agv01_0903_1407/agv01_0903_141111.json,agv01,2024-09-03 14:11:11,1,76.0,39.0,33.0,35.75,1.79,83.18,49.95,19.96,99.03,38.720000000000006,83.18,35.67710283454456,0.0022241601050598,63.28,49.333333333333336,40.44393031022725,0.056116886855704956,17.903943947982995,40.0,41.76445007324219,35.49978256225586,Normal,Degradation Risk
/content/dacon_01/agv01_0903_1407/agv01_0903_141112.json,agv01,2024-09-03 14:11:12,1,75.0,39.0,34.0,35.9,1.96,83.21,49.97,20.02,99.29,38.79,83.21,35.62251441621342,0.0025555916713772,63.39000000000001,49.333333333333336,40.599460520721195,0.05650264035965923,18.06795316422486,40.0,41.85310745239258,35.57514133453369,Normal,Degradation Risk
/content/dacon_01/agv01_0903_1407/agv01_0903_141113.json,agv01,2024-09-03 14:11:13,1,77.0,38.0,33.0,36.01,1.93,83.46,50.03,19.94,99.61,38.84,83.46,35.75713728287916,0.0026476019505902,63.6,49.333333333333336,40.7697768455597,0.0574617436707454,18.475731138329447,40.0,41.84493637084961,35.56819591522217,Normal,Degradation Risk
/content/dacon_01/agv01_0903_1407/agv01_0903_141114.json,agv01,2024-09-03 14:11:14,1,76.0,41.0,35.0,36.1,1.77,83.88,49.95,20.02,99.89,38.905,83.88,35.96477026202169,0.0024980650776148,63.79,50.66666666666666,41.76606181217914,0.058036541108170143,18.720115379155526,40.0,42.723793029785156,36.31522407531738,Normal,Degradation Risk
/content/dacon_01/agv01_0903_1407/agv01_0903_141115.json,agv01,2024-09-03 14:11:15,1,76.0,40.0,33.0,36.28,2.1,83.88,49.98,20.0,100.02,38.99,83.88,35.857980980529284,0.0030626456960813,63.74,49.66666666666666,41.276522587003555,0.05838792359819444,18.869511214058505,40.0,45.08818054199219,38.32495346069336,Normal,Degradation Risk
/content/dacon_01/agv01_0903_1407/agv01_0903_141116.json,agv01,2024-09-03 14:11:16,1,76.0,39.0,34.0,36.34,1.81,84.17,50.02,19.94,100.25,38.985,84.17,36.09315770798301,0.002785826904214,63.91,49.66666666666666,41.39564488086563,0.059897826937915115,19.511470550292863,40.0,42.245933532714844,35.90904350280761,Normal,Degradation Risk
/content/dacon_01/agv01_0903_1407/agv01_0903_141117.json,agv01,2024-09-03 14:11:17,1,76.0,40.0,34.0,36.5,1.87,84.55,49.95,20.01,100.53,39.095,84.55,36.21199571044564,0.0028617250308387,64.03,50.0,41.801838572348736,0.06053902690324062,19.78408687830893,40.0,50.96122741699219,43.31704330444336,Caution,Degradation Risk
/content/dacon_01/agv01_0903_1407/agv01_0903_141118.json,agv01,2024-09-03 14:11:18,1,77.0,40.0,35.0,36.56,2.12,84.61,50.04,19.97,100.71,39.185,84.61,36.16762871224303,0.0032066662974952,64.14999999999999,50.66666666666666,42.309175838549734,0.06136813760789968,20.13659643546124,40.0,47.25234603881836,40.16449413299561,Caution,Degradation Risk
/content/dacon_01/agv01_0903_1407/agv01_0903_141119.json,agv01,2024-09-03 14:11:19,1,77.0,40.0,34.0,36.6,1.75,84.95,50.0,19.95,100.84,39.1625,84.95,36.43607129846284,0.002843778930344,64.24000000000001,50.333333333333336,42.186214813332356,0.062003674353119195,20.40680495568952,40.0,42.375770568847656,36.01940498352051,Normal,Degradation Risk
/content/dacon_01/agv01_0903_1407/agv01_0903_141120.json,agv01,2024-09-03 14:11:20,1,76.0,40.0,33.0,36.91,1.89,85.34,49.94,20.01,101.03,39.295,85.34,36.5353860433051,0.0030760255543961,64.12,49.66666666666666,42.022825874793405,0.0633082511629484,20.961466463398757,40.0,42.19029235839844,35.86174850463867,Normal,Degradation Risk
/content/dacon_01/agv01_0903_1407/agv01_0903_141121.json,agv01,2024-09-03 14:11:21,2,77.0,40.0,36.0,37.02,2.03,85.36,50.03,19.97,101.09,39.3475,85.36,36.5118669065278,0.0033639035429766,64.07,51.0,42.93486412280582,0.06420372285766202,21.342190447267388,70.0,44.54887008666992,37.866539573669435,Normal,Degradation Risk
/content/dacon_01/agv01_0903_1407/agv01_0903_141122.json,agv01,2024-09-03 14:11:22,2,77.0,40.0,34.0,37.2,1.76,85.87,49.98,19.94,101.44,39.3875,85.87,36.81873560657219,0.0029323319122221,64.24,50.333333333333336,42.75172806339345,0.06483918904972835,21.612368970704356,70.0,51.9046630859375,44.118963623046874,Caution,Degradation Risk
/content/dacon_01/agv01_0903_1407/agv01_0903_141123.json,agv01,2024-09-03 14:11:23,2,77.0,40.0,35.0,37.38,1.89,86.12,49.96,20.03,101.72,39.5,86.12,36.86203557410615,0.0032389457965344,64.34,50.66666666666666,43.158214738325846,0.06556056832725052,21.919074804110235,70.0,65.69796752929688,55.84327239990234,Caution,Degradation Risk
/content/dacon_01/agv01_0903_1407/agv01_0903_141124.json,agv01,2024-09-03 14:11:24,2,78.0,40.0,35.0,37.6,2.0,86.27,50.04,19.95,101.99,39.565,86.27,36.9096197939417,0.0036659111892236,64.38999999999999,51.0,43.57405225506227,0.0665427230343296,22.336653444576438,70.0,61.804481506347656,52.53380928039551,Caution,Degradation Risk
/content/dacon_01/agv01_0903_1407/agv01_0903_141125.json,agv01,2024-09-03 14:11:25,2,78.0,40.0,34.0,37.67,1.69,86.8,49.97,19.97,102.05,39.6075,86.8,37.22849121752496,0.003185577467022,64.38,50.66666666666666,43.46483698307862,0.06735875972650682,22.68360437810432,70.0,65.82707977294922,55.95301780700684,Caution,Degradation Risk
/content/dacon_01/agv01_0903_1407/agv01_0903_141126.json,agv01,2024-09-03 14:11:26,2,77.0,41.0,35.0,37.7,2.01,86.98,49.98,20.03,102.15,39.75,86.98,37.18651995907478,0.0037535560533478,64.45,51.0,43.7416035958827,0.06773523639396022,22.843669400273765,70.0,65.7869873046875,55.918939208984376,Caution,Degradation Risk
/content/dacon_01/agv01_0903_1407/agv01_0903_141127.json,agv01,2024-09-03 14:11:27,2,77.0,40.0,36.0,37.9,1.91,87.26,50.04,19.94,102.29,39.7875,87.26,37.360318855705714,0.00381463796084,64.39000000000001,51.0,43.91143671576861,0.06826810416757435,23.07022657996269,70.0,65.75933074951172,55.89543113708496,Caution,Degradation Risk
/content/dacon_01/agv01_0903_1407/agv01_0903_141128.json,agv01,2024-09-03 14:11:28,2,78.0,41.0,35.0,38.02,1.8,87.74,49.95,19.99,102.46,39.870000000000005,87.74,37.58405069529716,0.0036247857517975,64.44,51.333333333333336,44.273500433586236,0.0690936929800492,23.421238748832334,70.0,65.6599349975586,55.8109447479248,Caution,Degradation Risk
/content/dacon_01/agv01_0903_1407/agv01_0903_141129.json,agv01,2024-09-03 14:11:29,2,78.0,41.0,35.0,38.4,2.09,87.87,49.98,20.0,102.71,39.985,87.87,37.54244042857808,0.003974369913512,64.31,51.333333333333336,44.55455994683534,0.06944673615299869,23.571340649402103,70.0,65.60867309570312,55.767372131347656,Caution,Degradation Risk
/content/dacon_01/agv01_0903_1407/agv01_0903_141130.json,agv01,2024-09-03 14:11:30,2,78.0,42.0,35.0,38.84,1.91,88.25,50.03,19.94,102.97,40.0325,88.25,37.77967211345276,0.0039510958150843,64.13,51.66666666666666,45.09757999300417,0.0707573689720027,24.12857696539729,70.0,65.63121032714844,55.78652877807617,Caution,Degradation Risk
/content/dacon_01/agv01_0903_1407/agv01_0903_141131.json,agv01,2024-09-03 14:11:31,2,78.0,41.0,35.0,39.2,1.86,88.77,49.94,19.96,103.19,40.1325,88.77,38.00661115735875,0.0037277495309091,63.99,51.333333333333336,45.18333409653399,0.07101688506530184,24.238914345687647,70.0,65.64022827148438,55.794194030761716,Caution,Degradation Risk
/content/dacon_01/agv01_0903_1407/agv01_0903_141132.json,agv01,2024-09-03 14:11:32,2,79.0,41.0,34.0,39.64,2.1,88.88,50.04,19.99,103.3,40.2525,88.88,37.97635700888997,0.0042423166134833,63.66,51.333333333333336,45.45706809485446,0.07222143338324598,24.751047154661155,70.0,65.68019104003906,55.8281623840332,Caution,Degradation Risk
/content/dacon_01/agv01_0903_1407/agv01_0903_141133.json,agv01,2024-09-03 14:11:33,2,79.0,41.0,35.0,39.81,1.79,89.35,50.02,19.94,103.43,40.275,89.35,38.28806646114861,0.0039463635704759,63.620000000000005,51.66666666666666,45.83141012549668,0.073087932028275,25.11945278724536,70.0,65.74725341796875,55.88516540527343,Caution,Degradation Risk
/content/dacon_01/agv01_0903_1407/agv01_0903_141134.json,agv01,2024-09-03 14:11:34,2,79.0,41.0,34.0,40.7,1.86,89.87,49.94,20.04,103.74,40.4275,89.87,38.46275546984814,0.0041263428900625,63.03999999999999,51.333333333333336,46.219054541195405,0.07398181415563011,25.499500941357528,70.0,65.8743896484375,55.993231201171874,Caution,Degradation Risk
/content/dacon_01/agv01_0903_1407/agv01_0903_141135.json,agv01,2024-09-03 14:11:35,2,79.0,41.0,34.0,40.81,2.09,90.0,49.99,19.95,103.79,40.5075,90.0,38.46184462121736,0.0043980263077168,62.98,51.333333333333336,46.30585408056599,0.07444017931699896,25.694382154614352,70.0,65.91844177246094,56.0306755065918,Caution,Degradation Risk
/content/dacon_01/agv01_0903_1407/agv01_0903_141136.json,agv01,2024-09-03 14:11:36,2,79.0,41.0,36.0,40.9,1.72,90.6,49.97,19.96,103.91,40.5625,90.6,38.8392210486599,0.0041141480244523,63.01,52.0,46.8579751676248,0.07495307739964459,25.91244890367656,70.0,65.91073608398438,56.02412567138672,Caution,Degradation Risk
/content/dacon_01/agv01_0903_1407/agv01_0903_141137.json,agv01,2024-09-03 14:11:37,2,81.0,40.0,36.0,40.97,1.83,90.85,49.93,20.03,104.13,40.66,90.85,38.89445033249173,0.0039890203772466,63.16,52.333333333333336,47.185838733284086,0.0752354327793156,26.032496768561302,70.0,65.84786987304688,55.970689392089845,Caution,Degradation Risk
/content/dacon_01/agv01_0903_1407/agv01_0903_141138.json,agv01,2024-09-03 14:11:38,2,80.0,40.0,34.0,41.03,1.79,90.97,50.03,19.93,104.28,40.68000000000001,90.97,38.98504499591264,0.0037548288337423,63.25,51.333333333333336,46.64157071324078,0.07676118501662517,26.681194514804137,70.0,65.89611053466797,56.01169395446777,Caution,Degradation Risk
/content/dacon_01/agv01_0903_1407/agv01_0903_141139.json,agv01,2024-09-03 14:11:39,2,79.0,41.0,37.0,41.2,1.83,91.44,49.94,19.99,104.45,40.8,91.44,39.15637964197745,0.0032945470811138,63.25,52.333333333333336,47.44132239171308,0.07717461738057278,26.85697183707081,70.0,65.89680480957031,56.01228408813476,Caution,Degradation Risk
/content/dacon_01/agv01_0903_1407/agv01_0903_141140.json,agv01,2024-09-03 14:11:40,2,79.0,41.0,35.0,41.11,2.17,91.73,50.02,19.99,104.53,40.977500000000006,91.73,39.17516336915521,0.0041835118711161,63.42,51.66666666666666,47.04140942627474,0.07890453797807372,27.59247499763424,70.0,65.97335815429688,56.077354431152344,Caution,Degradation Risk
/content/dacon_01/agv01_0903_1407/agv01_0903_141141.json,agv01,2024-09-03 14:11:41,2,80.0,40.0,35.0,41.0,1.82,92.14,50.02,19.93,104.76,40.9775,92.14,39.47858185142926,0.0042481818713061,63.760000000000005,51.66666666666666,47.08995541549724,0.0793888163423513,27.798373619821415,70.0,66.11515808105469,56.19788436889648,Caution,Degradation Risk
/content/dacon_01/agv01_0903_1407/agv01_0903_141142.json,agv01,2024-09-03 14:11:42,2,80.0,42.0,36.0,41.0,1.89,92.77,49.93,20.01,104.83,41.15,92.77,39.70709424439583,0.0047251457263068,63.83,52.66666666666666,47.80376753222944,0.07947902465925072,27.836727115516226,70.0,66.14148712158203,56.22026405334473,Caution,Degradation Risk
/content/dacon_01/agv01_0903_1407/agv01_0903_141143.json,agv01,2024-09-03 14:11:43,2,79.0,42.0,36.0,41.0,2.04,92.93,50.03,19.99,105.1,41.2475,92.93,39.73798550086135,0.005148548897708,64.1,52.333333333333336,47.69104554179629,0.08068683172697115,28.350245433606986,70.0,66.08930969238281,56.17591323852539,Caution,Degradation Risk
/content/dacon_01/agv01_0903_1407/agv01_0903_141144.json,agv01,2024-09-03 14:11:44,2,80.0,42.0,36.0,41.2,1.77,93.59,49.99,19.93,105.19,41.32,93.59,40.120885666528686,0.0047449117996882,63.99,52.66666666666666,48.08747201106024,0.08204617573280236,28.928192082734196,70.0,66.20271301269531,56.27230606079102,Caution,Degradation Risk
/content/dacon_01/agv01_0903_1407/agv01_0903_141145.json,agv01,2024-09-03 14:11:45,2,80.0,42.0,37.0,41.5,1.86,94.15,49.93,20.03,105.26,41.4925,94.15,40.31285020519719,0.0048976045099106,63.760000000000005,53.0,48.52712972768745,0.08232636390016178,29.04731852295523,70.0,66.37730407714844,56.42070846557617,Caution,Degradation Risk
/content/dacon_01/agv01_0903_1407/agv01_0903_141146.json,agv01,2024-09-03 14:11:46,2,80.0,42.0,36.0,42.1,2.1,94.37,50.0,19.94,105.39,41.6025,94.37,40.35111925337388,0.0055025956404103,63.29,52.66666666666666,48.692333270981436,0.08251591488860906,29.127909129999445,70.0,66.38549041748047,56.427666854858394,Caution,Degradation Risk
/content/dacon_01/agv01_0903_1407/agv01_0903_141147.json,agv01,2024-09-03 14:11:47,2,80.0,43.0,35.0,42.04,1.7,95.05,49.97,19.93,105.53,41.6625,95.05,40.77802788675948,0.0049450401245342,63.49,52.66666666666666,48.760685903099215,0.0837423339346423,29.649340625662152,70.0,66.49427032470703,56.52012977600098,Caution,Degradation Risk
/content/dacon_01/agv01_0903_1407/agv01_0903_141148.json,agv01,2024-09-03 14:11:48,2,80.0,42.0,35.0,42.0,1.96,95.54,49.94,20.02,105.65,41.865,95.54,40.88938044692452,0.0054941501953527,63.650000000000006,52.333333333333336,48.62123232354206,0.08471489649033949,30.06284101093665,70.0,66.6446304321289,56.64793586730957,Caution,Degradation Risk
/content/dacon_01/agv01_0903_1407/agv01_0903_141149.json,agv01,2024-09-03 14:11:49,2,80.0,42.0,35.0,42.44,2.03,95.96,50.03,19.94,105.67,41.99,95.96,41.070697583557056,0.0058584444212593,63.23,52.333333333333336,48.89946371984732,0.08554009207617602,30.413685993268523,70.0,66.81636047363281,56.793906402587886,Caution,Degradation Risk
/content/dacon_01/agv01_0903_1407/agv01_0903_141150.json,agv01,2024-09-03 14:11:50,2,81.0,42.0,36.0,42.5,1.74,96.58,49.93,19.97,105.8,42.055,96.58,41.42478203523425,0.0054043930208836,63.3,53.0,49.4386616528195,0.08552737051219857,30.408277218711916,70.0,66.81095123291016,56.78930854797363,Caution,Degradation Risk
/content/dacon_01/agv01_0903_1407/agv01_0903_141151.json,agv01,2024-09-03 14:11:51,2,82.0,42.0,36.0,42.5,2.02,97.09,49.97,20.02,105.89,42.275,97.09,41.55176410214132,0.0060221204873879,63.39,53.333333333333336,49.73111254917301,0.08631814637888174,30.744488111907227,70.0,66.73062133789062,56.72102813720703,Caution,Degradation Risk
/content/dacon_01/agv01_0903_1407/agv01_0903_141152.json,agv01,2024-09-03 14:11:52,2,81.0,42.0,36.0,42.59,2.01,97.59,50.03,19.93,106.03,42.39,97.59,41.79475884206855,0.0063255831445897,63.44,53.0,49.661528938747054,0.08749164747564439,31.243420702709624,70.0,66.66651916503906,56.6665412902832,Caution,Degradation Risk
/content/dacon_01/agv01_0903_1407/agv01_0903_141153.json,agv01,2024-09-03 14:11:53,2,81.0,42.0,36.0,42.7,1.8,98.37,49.94,19.97,106.08,42.52,98.37,42.19360062063125,0.0059939283233216,63.38,53.0,49.80552839386634,0.08855706124130101,31.696398251552193,70.0,66.80001068115234,56.78000907897949,Caution,Degradation Risk
/content/dacon_01/agv01_0903_1407/agv01_0903_141154.json,agv01,2024-09-03 14:11:54,2,81.0,42.0,36.0,43.75,1.95,98.69,49.98,20.01,106.08,42.6575,98.69,42.28187111517181,0.0061606135706662,62.33,53.0,50.3784987225326,0.0884463138438965,31.64931224024458,70.0,66.82002258300781,56.797019195556636,Caution,Degradation Risk
/content/dacon_01/agv01_0903_1407/agv01_0903_141155.json,agv01,2024-09-03 14:11:55,2,82.0,42.0,37.0,44.1,1.89,99.35,50.03,19.93,106.16,42.8,99.35,42.61001603692102,0.0063272904761441,62.06,53.66666666666666,51.065103835122265,0.08893445977247713,31.85685521869451,70.0,66.82894897460938,56.804606628417964,Caution,Degradation Risk
/content/dacon_01/agv01_0903_1407/agv01_0903_141156.json,agv01,2024-09-03 14:11:56,2,81.0,42.0,36.0,46.0,1.78,100.12,49.92,19.98,106.3,42.95,100.12,42.971229134542256,0.0059565307285596,60.3,53.0,51.73371650722412,0.08992085541285094,32.276236959168024,70.0,66.97113800048828,56.925467300415036,Caution,Degradation Risk
/content/dacon_01/agv01_0903_1407/agv01_0903_141157.json,agv01,2024-09-03 14:11:57,2,82.0,41.0,36.0,46.62,2.12,100.55,50.0,19.98,106.32,43.1625,100.55,43.058068059308006,0.006646805646028,59.7,53.0,52.10964960102097,0.09079930522964887,32.649723821850976,70.0,67.12218475341797,57.05385704040527,Caution,Degradation Risk
/content/dacon_01/agv01_0903_1407/agv01_0903_141158.json,agv01,2024-09-03 14:11:58,2,81.0,42.0,36.0,47.4,1.73,101.35,49.99,19.92,106.37,43.2475,101.35,43.547816152669085,0.0066334471642652,58.970000000000006,53.0,52.60359865118197,0.09190895723562154,33.12150995972197,70.0,67.32528686523438,57.22649383544922,Caution,Degradation Risk
/content/dacon_01/agv01_0903_1407/agv01_0903_141159.json,agv01,2024-09-03 14:11:59,2,81.0,42.0,37.0,47.24,1.89,102.07,49.92,20.02,106.45,43.475,102.07,43.796351826759874,0.0070369169561998,59.21,53.333333333333336,52.82946227988171,0.09229047835956594,33.28371971252114,70.0,67.38859558105469,57.28030624389648,Caution,Degradation Risk
/content/dacon_01/agv01_0903_1407/agv01_0903_141200.json,agv01,2024-09-03 14:12:00,2,81.0,41.0,38.0,47.2,2.11,102.53,50.0,19.93,106.53,43.6425,102.53,43.9521962856617,0.0072929223057312,59.33,53.333333333333336,52.88045947684525,0.09280329845621503,33.50175330460088,70.0,67.37083435058594,57.26520919799805,Caution,Degradation Risk
/content/dacon_01/agv01_0903_1407/agv01_0903_141201.json,agv01,2024-09-03 14:12:01,2,81.0,43.0,37.0,47.4,1.76,103.37,49.98,19.95,106.64,43.765,103.37,44.433307701918096,0.007111274925334,59.24,53.66666666666666,53.30340884873166,0.09348115742715336,33.78995578988353,70.0,67.37791442871094,57.271227264404295,Caution,Degradation Risk
/content/dacon_01/agv01_0903_1407/agv01_0903_141202.json,agv01,2024-09-03 14:12:02,2,82.0,42.0,38.0,47.67,1.9,104.09,49.92,19.99,106.69,43.97500000000001,104.09,44.70176021888475,0.0071340719790317,59.02,54.0,53.73653539178611,0.09478682203197095,34.345079790873186,70.0,67.47496032714844,57.35371627807617,Caution,Degradation Risk
/content/dacon_01/agv01_0903_1407/agv01_0903_141203.json,agv01,2024-09-03 14:12:03,2,82.0,42.0,37.0,48.2,2.02,104.67,50.02,19.92,106.78,44.1575,104.67,44.94128345222612,0.0075683324737616,58.58,53.66666666666666,53.888757173139915,0.09498050555366223,34.427427409925066,70.0,67.51162719726562,57.38488311767578,Caution,Degradation Risk
/content/dacon_01/agv01_0903_1407/agv01_0903_141204.json,agv01,2024-09-03 14:12:04,2,82.0,42.0,38.0,48.39,1.76,105.61,49.94,19.92,107.47,44.307500000000005,105.61,45.44139623368396,0.0072209087829577,59.08,54.0,54.47308662116131,0.09571564041662808,34.739981648502734,70.0,67.58883666992188,57.45051116943359,Caution,Degradation Risk
/content/dacon_01/agv01_0903_1407/agv01_0903_141205.json,agv01,2024-09-03 14:12:05,2,83.0,44.0,38.0,48.5,1.96,106.27,49.96,20.02,109.76,44.5525,106.27,45.65908261233464,0.0077396283659451,61.260000000000005,55.0,55.85428281279356,0.096926730389696,35.25489574583469,70.0,67.79803466796875,57.62832946777343,Caution,Degradation Risk
/content/dacon_01/agv01_0903_1407/agv01_0903_141206.json,agv01,2024-09-03 14:12:06,2,81.0,43.0,36.0,50.37,1.92,106.96,50.02,19.93,111.78,44.7075,106.96,46.001054607476114,0.0079802188108338,61.41,53.333333333333336,56.39702435938971,0.09744305670162152,35.47442006091128,70.0,67.90669250488281,57.72068862915039,Caution,Degradation Risk
/content/dacon_01/agv01_0903_1407/agv01_0903_141207.json,agv01,2024-09-03 14:12:07,2,82.0,43.0,37.0,50.98,1.73,108.02,49.94,19.98,113.26,44.9175,108.02,46.52665929335567,0.0079610117583999,62.28000000000001,54.0,57.63771704980406,0.09837516737940802,35.87072168914627,70.0,68.0920181274414,57.8782154083252,Caution,Degradation Risk
/content/dacon_01/agv01_0903_1407/agv01_0903_141208.json,agv01,2024-09-03 14:12:08,2,82.0,44.0,37.0,52.3,1.9,108.54,49.92,20.02,114.59,45.095000000000006,108.54,46.70157848866924,0.0080042030526129,62.290000000000006,54.333333333333336,58.939835210357685,0.09961760548229674,36.39896394072662,70.0,68.35494995117188,58.101707458496094,Caution,Degradation Risk
/content/dacon_01/agv01_0903_1407/agv01_0903_141209.json,agv01,2024-09-03 14:12:09,2,82.0,44.0,39.0,52.79,1.77,108.8,50.0,19.94,115.76,45.1275,108.8,46.87647411015466,0.0071942044778658,62.970000000000006,55.0,59.94322140821681,0.10026127598498823,36.672630656860846,70.0,68.46134948730469,58.19214706420898,Caution,Degradation Risk
/content/dacon_01/agv01_0903_1407/agv01_0903_141210.json,agv01,2024-09-03 14:12:10,2,82.0,43.0,37.0,53.4,1.9,109.74,49.92,20.02,116.89,45.395,109.74,47.2456710539001,0.0067960095013616,63.49,54.0,60.029360412632464,0.10136028483604669,37.139891688730394,70.0,68.53521728515625,58.25493469238281,Caution,Degradation Risk
/content/dacon_01/agv01_0903_1407/agv01_0903_141211.json,agv01,2024-09-03 14:12:11,2,82.0,44.0,38.0,52.7,2.03,110.36,50.0,19.93,118.12,45.58,110.36,47.50617433555348,0.0069871242662801,65.42,54.66666666666666,60.48831340059347,0.10260469442128212,37.66897214727762,70.0,68.74359893798828,58.432059097290036,Caution,Degradation Risk
/content/dacon_01/agv01_0903_1407/agv01_0903_141212.json,agv01,2024-09-03 14:12:12,2,82.0,43.0,37.0,52.41,1.78,111.46,49.95,19.94,119.01,45.7825,111.46,48.07964529472599,0.007230040648968,66.60000000000001,54.0,60.28012123004455,0.102925796802966,37.80549391419231,70.0,68.89228057861328,58.558438491821285,Caution,Degradation Risk
/content/dacon_01/agv01_0903_1407/agv01_0903_141213.json,agv01,2024-09-03 14:12:13,2,81.0,43.0,37.0,51.7,1.91,112.41,49.92,20.0,119.92,46.06,112.41,48.46155933658484,0.0083002282893808,68.22,53.66666666666666,60.066309745106324,0.10421138229211105,38.35208096090799,70.0,69.12464141845703,58.75594520568848,Caution,Degradation Risk
/content/dacon_01/agv01_0903_1407/agv01_0903_141214.json,agv01,2024-09-03 14:12:14,2,82.0,43.0,38.0,51.53,2.0,113.06,50.01,19.93,120.72,46.25,113.06,48.74600359687619,0.0091492003267112,69.19,54.333333333333336,60.6913042008276,0.10501989318606264,38.69583218203942,70.0,69.28092956542969,58.888790130615234,Caution,Degradation Risk
/content/dacon_01/agv01_0903_1407/agv01_0903_141215.json,agv01,2024-09-03 14:12:15,2,82.0,43.0,36.0,51.2,1.67,114.26,49.94,19.93,121.57,46.45,114.26,49.39276262773728,0.008816567612965,70.36999999999999,53.66666666666666,60.45398462366338,0.10602258960176553,39.12214445550473,70.0,69.55740356445312,59.123793029785155,Caution,Degradation Risk
/content/dacon_01/agv01_0903_1407/agv01_0903_141216.json,agv01,2024-09-03 14:12:16,2,83.0,44.0,37.0,50.89,2.03,115.14,49.94,20.01,122.25,46.78,115.14,49.67316713612424,0.0095190355494284,71.36,54.66666666666666,61.20380451905921,0.10675822523423814,39.434911604175205,70.0,69.63674926757812,59.191236877441405,Caution,Degradation Risk
/content/dacon_01/agv01_0903_1407/agv01_0903_141217.json,agv01,2024-09-03 14:12:17,2,83.0,43.0,37.0,50.8,2.01,116.03,50.01,19.91,123.02,46.99,116.03,50.107114597962365,0.0097043436677702,72.22,54.333333333333336,61.25184208789246,0.10783210866188796,39.891490164054865,70.0,69.6328353881836,59.187910079956055,Caution,Degradation Risk
/content/dacon_01/agv01_0903_1407/agv01_0903_141218.json,agv01,2024-09-03 14:12:18,2,83.0,42.0,38.0,50.6,1.8,117.18,49.91,19.93,123.67,47.205,117.18,50.69305442234337,0.0095156026346967,73.07,54.333333333333336,61.44005899596574,0.10875533578561353,40.28401480848015,70.0,69.64192199707031,59.19563369750976,Caution,Degradation Risk
/content/dacon_01/agv01_0903_1407/agv01_0903_141219.json,agv01,2024-09-03 14:12:19,2,84.0,43.0,37.0,50.83,2.06,118.1,49.98,19.99,124.52,47.5325,118.1,51.02972948847236,0.0101630357826087,73.69,54.66666666666666,62.09999812126301,0.10953015185474312,40.61344014078928,70.0,69.68472290039062,59.23201446533203,Caution,Degradation Risk
/content/dacon_01/agv01_0903_1407/agv01_0903_141220.json,agv01,2024-09-03 14:12:20,2,83.0,44.0,36.0,51.3,1.87,119.2,50.01,19.91,125.29,47.7475,119.2,51.6083006082032,0.0101895082583212,73.99000000000001,54.333333333333336,62.45425216182511,0.11106415165799129,41.26564447041147,70.0,69.88442993164062,59.40176544189453,Caution,Degradation Risk
/content/dacon_01/agv01_0903_1407/agv01_0903_141221.json,agv01,2024-09-03 14:12:21,2,83.0,44.0,37.0,51.68,1.78,120.47,49.9,19.96,125.82,48.0275,120.47,52.21123083207289,0.0099903769917452,74.13999999999999,54.66666666666666,63.12739551007661,0.11232389121540881,41.80124270960572,70.0,70.14102172851562,59.61986846923828,Caution,Degradation Risk
/content/dacon_01/agv01_0903_1407/agv01_0903_141222.json,agv01,2024-09-03 14:12:22,2,83.0,43.0,37.0,51.9,2.11,121.27,49.96,19.97,126.57,48.3275,121.27,52.48326233190921,0.0105277474661177,74.66999999999999,54.333333333333336,63.324652723480476,0.11351316496325609,42.30688129300683,70.0,70.4404067993164,59.874345779418945,Caution,Degradation Risk
/content/dacon_01/agv01_0903_1407/agv01_0903_141223.json,agv01,2024-09-03 14:12:23,2,83.0,43.0,37.0,51.81,1.8,122.56,49.98,19.93,127.29,48.5675,122.56,53.17954078716112,0.010586958767185,75.48,54.333333333333336,63.60582760421502,0.11483439671955152,42.8686239151803,70.0,70.80738067626953,60.1862735748291,Warning,Degradation Risk
/content/dacon_01/agv01_0903_1407/agv01_0903_141224.json,agv01,2024-09-03 14:12:24,2,83.0,43.0,37.0,52.0,1.88,123.82,49.9,20.0,127.78,48.9,123.82,53.728008834623054,0.0106627186234183,75.78,54.333333333333336,63.964910246116766,0.11568104828774989,43.22859124848188,70.0,70.95185852050781,60.30907974243164,Warning,Degradation Risk
/content/dacon_01/agv01_0903_1407/agv01_0903_141225.json,agv01,2024-09-03 14:12:25,2,83.0,42.0,37.0,52.7,2.07,124.83,50.0,19.93,128.17,49.2075,124.83,54.15565983040615,0.0112116048785723,75.46999999999998,54.0,64.33113415240106,0.11759314345657028,44.04154881543443,70.0,71.27510833740234,60.58384208679199,Warning,Degradation Risk
/content/dacon_01/agv01_0903_1407/agv01_0903_141226.json,agv01,2024-09-03 14:12:26,2,82.0,43.0,38.0,53.55,1.72,126.19,49.96,19.9,128.82,49.4425,126.19,54.89578877291044,0.0110286773309068,75.27,54.333333333333336,65.28745258743787,0.11879462807025262,44.55237904198257,70.0,71.62262725830078,60.87923316955566,Warning,Degradation Risk
/content/dacon_01/agv01_0903_1407/agv01_0903_141227.json,agv01,2024-09-03 14:12:27,2,83.0,43.0,39.0,54.4,1.92,127.46,49.93,20.0,129.59,49.8275,127.46,55.41246512894609,0.0113908501366556,75.19,55.0,66.48319801007118,0.12010809690776304,45.1108211361955,70.0,72.00829315185547,61.207049179077146,Warning,Degradation Risk
/content/dacon_01/agv01_0903_1407/agv01_0903_141228.json,agv01,2024-09-03 14:12:28,2,83.0,42.0,38.0,54.4,2.08,128.56,49.98,19.91,130.2,50.1325,128.56,55.8967449111902,0.011760305094187,75.79999999999998,54.333333333333336,66.3488493340178,0.1210782733268836,45.523307017685156,70.0,72.25530242919922,61.41700706481934,Warning,Degradation Risk
/content/dacon_01/agv01_0903_1407/agv01_0903_141229.json,agv01,2024-09-03 14:12:29,2,83.0,43.0,38.0,54.33,1.73,130.08,49.93,19.91,130.6,50.4125,130.08,56.7084111192217,0.011558709052149,76.27,54.66666666666666,66.78067150162349,0.12241218867387237,46.09044226947162,70.0,72.6175308227539,61.72490119934082,Warning,Degradation Risk
/content/dacon_01/agv01_0903_1407/agv01_0903_141230.json,agv01,2024-09-03 14:12:30,2,83.0,43.0,39.0,53.8,2.02,131.38,49.93,19.99,131.13,50.830000000000005,131.38,57.2207252662879,0.0121438625042144,77.33,55.0,67.0005457422548,0.12359303440936124,46.592497549838015,70.0,72.79803466796875,61.8868499989088,Warning,Degradation Risk
/content/dacon_01/agv01_0903_1407/agv01_0903_141231.json,agv01,2024-09-03 14:12:31,2,82.0,43.0,40.0,53.8,2.06,132.58,49.99,19.89,131.61,51.13000000000001,132.58,57.79043923233901,0.0124767832673619,77.81000000000002,55.0,67.25684988355127,0.1250672036542038,47.2192639692641,70.0,73.17475128173828,62.314960302916205,Warning,Degradation Risk
/content/dacon_01/agv01_0903_1407/agv01_0903_141232.json,agv01,2024-09-03 14:12:32,2,83.0,42.0,37.0,53.8,1.77,134.22,49.91,19.9,132.12,51.45,134.22,58.64227542197408,0.0121792184940457,78.32000000000001,54.0,66.93210758850991,0.12625416008245852,47.72391730751187,70.0,73.34151458740234,62.45253343977295,Warning,Degradation Risk
/content/dacon_01/agv01_0903_1407/agv01_0903_141233.json,agv01,2024-09-03 14:12:33,2,84.0,43.0,37.0,53.73,2.02,135.53,49.97,19.98,132.68,51.875,135.53,59.17375572554666,0.0127350298016171,78.95000000000002,54.66666666666666,67.60509236024551,0.12765742180682907,48.32053627075401,70.0,73.45567321777344,62.90320102905825,Warning,Degradation Risk
/content/dacon_01/agv01_0903_1407/agv01_0903_141234.json,agv01,2024-09-03 14:12:34,2,84.0,43.0,38.0,53.7,1.94,136.99,49.99,19.89,133.1,52.2025,136.99,59.90056169742206,0.0129361572155592,79.39999999999999,55.0,68.0622725178665,0.1292075344163002,48.979591215323296,70.0,73.62794494628906,63.33131941192427,Warning,Degradation Risk
/content/dacon_01/agv01_0903_1407/agv01_0903_141235.json,agv01,2024-09-03 14:12:35,2,84.0,44.0,38.0,54.2,1.73,138.57,49.89,19.95,133.54,52.535,138.57,60.695819460651485,0.0126002752644159,79.33999999999999,55.333333333333336,68.8016486175579,0.13090707473791996,49.70217772008086,70.0,73.84892272949219,63.88337974261793,Warning,Degradation Risk
/content/dacon_01/agv01_0903_1407/agv01_0903_141236.json,agv01,2024-09-03 14:12:36,2,84.0,43.0,37.0,54.18,2.11,140.01,49.92,19.95,133.85,52.9975,140.01,61.27076811171865,0.0132910525046266,79.66999999999999,54.66666666666666,68.61341200838952,0.13277956733821716,50.49829762734122,70.0,74.18858337402344,64.22443195299448,Warning,Degradation Risk
/content/dacon_01/agv01_0903_1407/agv01_0903_141237.json,agv01,2024-09-03 14:12:37,2,84.0,43.0,38.0,54.1,1.82,141.68,49.96,19.88,134.2,53.335,141.68,62.1537392278212,0.0134041263813396,80.1,55.0,69.04570406502502,0.1338377393492966,50.94819622944644,70.0,74.46585083007812,64.60862769034111,Warning,Degradation Risk
/content/dacon_01/agv01_0903_1407/agv01_0903_141238.json,agv01,2024-09-03 14:12:38,2,84.0,44.0,38.0,54.49,1.88,143.53,49.88,19.94,134.92,53.8075,143.53,63.005357113502654,0.0137191154530793,80.42999999999998,55.333333333333336,69.84109684905926,0.13599749517203624,51.86645064873311,70.0,74.82835388183594,65.29551064041694,Warning,Degradation Risk
/content/dacon_01/agv01_0903_1407/agv01_0903_141239.json,agv01,2024-09-03 14:12:39,2,84.0,46.0,39.0,54.8,2.0,144.35,49.88,19.98,135.32,54.0525,144.35,63.35467958249019,0.0135142282206001,80.52,56.333333333333336,70.81416107780285,0.1374670293040269,52.491246376465575,70.0,75.33248901367188,65.98255570988897,Warning,Degradation Risk
/content/dacon_01/agv01_0903_1407/agv01_0903_141240.json,agv01,2024-09-03 14:12:40,2,84.0,44.0,39.0,54.5,1.75,145.26,49.92,19.89,135.74,54.205,145.26,63.87075621910233,0.0121363574586615,81.24000000000001,55.66666666666666,70.43145840228938,0.13938323175816694,53.30595022087057,70.0,75.74261474609375,66.29643525912432,Warning,Degradation Risk
/content/dacon_01/agv01_0903_1407/agv01_0903_141241.json,agv01,2024-09-03 14:12:41,2,84.0,44.0,38.0,54.48,1.91,146.73,49.92,19.98,136.25,54.635,146.73,64.50998604867311,0.0110707304704296,81.77000000000001,55.333333333333336,70.48576330088325,0.1406447357260485,53.84229862713879,70.0,76.09758758544922,66.62468916467077,Warning,Degradation Risk
/content/dacon_01/agv01_0903_1407/agv01_0903_141242.json,agv01,2024-09-03 14:12:42,2,84.0,44.0,39.0,54.4,1.96,148.27,49.98,19.88,136.59,55.0225,148.27,65.24606571791641,0.0110330745304217,82.19,55.66666666666666,70.90024444304777,0.1423368149724055,54.561712937493404,70.0,76.54441833496094,67.15721927827335,Warning,Degradation Risk
/content/dacon_01/agv01_0903_1407/agv01_0903_141243.json,agv01,2024-09-03 14:12:43,2,84.0,44.0,36.0,54.3,1.75,150.07,49.9,19.92,137.04,55.41,150.07,66.15590525417969,0.0112563011301635,82.74,54.66666666666666,70.53083537505195,0.14357936409124353,55.090002389264136,70.0,76.88993835449219,67.35222987283029,Warning,Degradation Risk
/content/dacon_01/agv01_0903_1407/agv01_0903_141244.json,agv01,2024-09-03 14:12:44,2,84.0,44.0,39.0,54.2,2.0,151.67,49.88,19.95,137.41,55.87499999999999,151.67,66.8474464732947,0.012863402841441,83.21,55.66666666666666,71.38798699754413,0.14506596037499708,55.72205236124673,70.0,77.0914535522461,67.90112316898572,Warning,Degradation Risk
/content/dacon_01/agv01_0903_1407/agv01_0903_141245.json,agv01,2024-09-03 14:12:45,2,83.0,44.0,37.0,54.04,1.91,153.61,49.97,19.87,137.95,56.34,153.61,67.8103128833169,0.0143124762480882,83.91,54.66666666666666,71.04290340996535,0.14763133325831002,56.81276130270112,70.0,77.41932678222656,68.29410185271429,Warning,Degradation Risk
/content/dacon_01/agv01_0903_1407/agv01_0903_141246.json,agv01,2024-09-03 14:12:46,2,84.0,44.0,40.0,54.0,1.82,155.7,49.87,19.9,138.27,56.8225,155.7,68.83226780854068,0.0147566658814512,84.27000000000001,56.0,72.159121781991,0.1486716740465718,57.2550786778078,70.0,77.71207427978516,68.88624006975483,Warning,Degradation Risk
/content/dacon_01/agv01_0903_1407/agv01_0903_141247.json,agv01,2024-09-03 14:12:47,2,84.0,44.0,38.0,55.7,2.16,157.44,49.93,19.96,138.52,57.3725,157.44,69.56294673411509,0.015684679768983,82.82000000000001,55.333333333333336,72.87005378970137,0.15032221555925152,57.956832562333375,70.0,77.93116760253906,69.42181619461576,Warning,Degradation Risk
/content/dacon_01/agv01_0903_1407/agv01_0903_141248.json,agv01,2024-09-03 14:12:48,2,84.0,44.0,38.0,55.68,1.83,159.4,49.96,19.87,138.75,57.76500000000001,159.4,70.60535036383575,0.0158285143484132,83.07,55.333333333333336,73.12149512900433,0.15245208270293178,58.86237933599459,70.0,78.13336181640625,69.88495794204158,Warning,Degradation Risk
/content/dacon_01/agv01_0903_1407/agv01_0903_141249.json,agv01,2024-09-03 14:12:49,2,84.0,44.0,39.0,55.6,1.84,161.7,49.86,19.95,139.07,58.33749999999999,161.7,71.69668071117378,0.0160586753400407,83.47,55.66666666666666,73.61041952371039,0.1548094132173064,59.86463576690815,70.0,78.40397644042969,70.47714012968136,Warning,Degradation Risk
/content/dacon_01/agv01_0903_1407/agv01_0903_141250.json,agv01,2024-09-03 14:12:50,2,84.0,44.0,37.0,55.71,2.07,163.58,49.92,19.89,139.36,58.865,163.58,72.548758087234,0.016315982495349,83.65,55.0,73.52177907282314,0.15672137471884584,60.67753650309763,70.0,78.74061584472656,70.85288704358541,Warning,Degradation Risk
/content/dacon_01/agv01_0903_1407/agv01_0903_141251.json,agv01,2024-09-03 14:12:51,2,84.0,44.0,38.0,55.8,1.74,165.42,49.96,19.86,139.34,59.245000000000005,165.42,73.52402124476053,0.0158209776414035,83.54,55.333333333333336,73.94897091870784,0.1587312301006373,61.532058374054344,70.0,79.07745361328125,71.3980204711798,Warning,Degradation Risk
/content/dacon_01/agv01_0903_1407/agv01_0903_141252.json,agv01,2024-09-03 14:12:52,2,84.0,44.0,38.0,55.65,1.87,166.02,49.96,19.86,139.98,59.42750000000001,166.02,73.77905636651457,0.0140672991391623,84.32999999999998,55.333333333333336,74.08390198963247,0.15979781555728137,61.98553408589104,70.0,79.32684326171875,71.68450266855316,Warning,Degradation Risk
/content/dacon_01/agv01_0903_1407/agv01_0903_141253.json,agv01,2024-09-03 14:12:53,2,84.0,44.0,38.0,55.5,2.0,166.62,49.96,19.86,140.62,59.61,166.62,74.03431006409573,0.012018680531191,85.12,55.333333333333336,74.2148827897402,0.16174508685051078,62.813447339663306,70.0,79.52157592773438,72.08172298051124,Warning,Degradation Risk
/content/dacon_01/agv01_0903_1407/agv01_0903_141254.json,agv01,2024-09-03 14:12:54,2,85.0,43.0,38.0,55.5,1.77,168.72,49.9,19.86,141.07,60.0625,168.72,75.10877728335083,0.0101302702512246,85.57,55.333333333333336,74.5236163421285,0.16387754607553992,63.72009617779343,70.0,79.70867156982422,72.55715361430472,Warning,Degradation Risk
/content/dacon_01/agv01_0903_1407/agv01_0903_141255.json,agv01,2024-09-03 14:12:55,2,84.0,43.0,38.0,56.33,1.93,171.05,49.87,19.94,141.38,60.697500000000005,171.05,76.17896007647606,0.0108611740568424,85.05,55.0,75.06964408600963,0.16610194180453403,64.66583327774033,70.0,79.8822021484375,73.11270562496513,Warning,Degradation Risk
/content/dacon_01/agv01_0903_1407/agv01_0903_141256.json,agv01,2024-09-03 14:12:56,2,84.0,44.0,38.0,57.0,1.97,173.3,49.95,19.86,141.98,61.27000000000001,173.3,77.26608009555898,0.0131898082573745,84.97999999999999,55.333333333333336,76.04297413765407,0.16815232107620773,65.5375845227676,70.0,80.02635192871094,73.7602699993137,Warning,Degradation Risk
/content/dacon_01/agv01_0903_1407/agv01_0903_141257.json,agv01,2024-09-03 14:12:57,3,85.0,44.0,39.0,57.96,1.71,175.85,49.89,19.86,142.21,61.8275,175.85,78.56848238956891,0.0157306524715633,84.25,56.0,77.30513420887272,0.1701817138920383,66.40041304346639,95.0,80.16502380371094,74.48944315917387,Warning,Degradation Risk
/content/dacon_01/agv01_0903_1407/agv01_0903_141258.json,agv01,2024-09-03 14:12:58,3,85.0,43.0,37.0,58.07,2.0,178.02,49.91,19.94,142.32,62.4675,178.02,79.52982223669308,0.0176792256169644,84.25,55.0,77.01068997378313,0.1718615198612144,67.1146091755011,95.0,80.29087829589844,74.69512760712477,Warning,Degradation Risk
/content/dacon_01/agv01_0903_1407/agv01_0903_141259.json,agv01,2024-09-03 14:12:59,3,85.0,44.0,38.0,57.8,1.94,180.58,49.94,19.84,142.51,63.075,180.58,80.80162271472854,0.0181750978419029,84.71,55.66666666666666,77.60459017662784,0.1747848363000559,68.35750349284783,95.0,80.41999816894531,75.35350263461595,Warning,Degradation Risk
/content/dacon_01/agv01_0903_1407/agv01_0903_141300.json,agv01,2024-09-03 14:13:00,3,85.0,44.0,38.0,58.07,1.79,183.36,49.85,19.88,142.87,63.72,183.36,82.18551575551498,0.0182038070334787,84.80000000000001,55.66666666666666,78.12116751724403,0.17663959777309046,69.14608473032135,95.0,80.52362823486328,75.82074979298783,Warning,Degradation Risk
/content/dacon_01/agv01_0903_1407/agv01_0903_141301.json,agv01,2024-09-03 14:13:01,3,84.0,44.0,38.0,58.4,2.12,185.68,49.92,19.92,143.17,64.41000000000001,185.68,83.21814145164905,0.0187226048247809,84.76999999999998,55.333333333333336,78.40413810987239,0.178460711448175,69.92036007319253,95.0,80.59896850585938,76.20300643562987,Warning,Degradation Risk
/content/dacon_01/agv01_0903_1407/agv01_0903_141302.json,agv01,2024-09-03 14:13:02,3,86.0,43.0,37.0,58.07,1.87,188.34,49.93,19.84,143.07,64.995,188.34,84.58660827814295,0.0188079917827524,85.0,55.333333333333336,78.4757965229404,0.18147698043604266,71.20277464001771,95.0,80.67616271972656,76.70036703279261,Warning,Degradation Risk
/content/dacon_01/agv01_0903_1407/agv01_0903_141303.json,agv01,2024-09-03 14:13:03,3,86.0,44.0,37.0,57.9,1.86,191.34,49.83,19.87,143.42,65.72500000000001,191.34,86.04882044514034,0.0189772296741857,85.51999999999998,55.66666666666666,78.99624949678157,0.1836724805850924,72.13622632616811,95.0,80.75381469726562,77.21038920723628,Warning,Degradation Risk
/content/dacon_01/agv01_0903_1407/agv01_0903_141304.json,agv01,2024-09-03 14:13:04,3,85.0,44.0,37.0,57.6,2.12,194.0,49.93,19.87,143.7,66.48,194.0,87.27342970992565,0.0195207431252067,86.1,55.333333333333336,78.98506620839362,0.18597119992681055,73.1135632880636,95.0,80.80876922607422,77.56833624246632,Warning,Degradation Risk
/content/dacon_01/agv01_0903_1407/agv01_0903_141305.json,agv01,2024-09-03 14:13:05,3,85.0,43.0,39.0,57.6,1.78,197.08,49.9,19.83,143.85,67.14750000000001,197.08,88.86654165094983,0.0196862472237491,86.25,55.66666666666666,79.54598600674248,0.18795705117738593,73.9578794221781,95.0,80.84649658203125,78.045327403496,Warning,Degradation Risk
/content/dacon_01/agv01_0903_1407/agv01_0903_141306.json,agv01,2024-09-03 14:13:06,3,85.0,44.0,38.0,57.6,1.86,200.04,49.82,19.92,144.08,67.91,200.04,90.27961674708196,0.0199923934992171,86.48000000000002,55.66666666666666,79.91029216028893,0.1905863682945195,75.07577526813137,95.0,80.88837432861328,78.5605400069473,Warning,Degradation Risk
/content/dacon_01/agv01_0903_1407/agv01_0903_141307.json,agv01,2024-09-03 14:13:07,3,85.0,44.0,38.0,58.27,2.09,202.72,49.89,19.84,144.18,68.63499999999999,202.72,91.5411588667451,0.0203399478443868,85.91,55.66666666666666,80.5551421421901,0.1928801551748086,76.05101511587279,95.0,80.91968536376953,79.10628781053184,Warning,Degradation Risk
/content/dacon_01/agv01_0903_1407/agv01_0903_141308.json,agv01,2024-09-03 14:13:08,3,85.0,44.0,37.0,58.8,1.72,206.08,49.86,19.85,144.21,69.37750000000001,206.08,93.27203381328545,0.0201736366561391,85.41000000000001,55.333333333333336,80.96210487977574,0.19494172246944982,76.9275231261903,95.0,80.94389343261719,79.54362725951535,Warning,Sensor Risk
/content/dacon_01/agv01_0903_1407/agv01_0903_141309.json,agv01,2024-09-03 14:13:09,3,85.0,44.0,37.0,58.97,1.93,208.95,49.82,19.92,144.42,70.155,208.95,94.61460440474644,0.0201921543617282,85.44999999999999,55.333333333333336,81.39524971259982,0.1971180080954298,77.85280545331523,95.0,80.9651870727539,80.00487229790414,Critical,Sensor Risk
/content/dacon_01/agv01_0903_1407/agv01_0903_141310.json,agv01,2024-09-03 14:13:10,3,85.0,46.0,37.0,58.6,1.7,210.56,49.91,19.81,144.51,70.49499999999999,210.56,95.47018330347962,0.0188550830665145,85.91,56.0,81.79053519622347,0.20003299727907678,79.09215930613242,95.0,80.98143768310547,80.5629195051003,Critical,Sensor Risk
/content/dacon_01/agv01_0903_1407/agv01_0903_141311.json,agv01,2024-09-03 14:13:11,3,86.0,44.0,38.0,58.6,1.81,212.68,49.82,19.89,144.72,71.05,212.68,96.4733002787127,0.0170578563803763,86.12,56.0,82.03683517558953,0.2023489904454124,80.07684050834709,95.0,80.99765014648438,80.98712228186787,Critical,Sensor Risk
/content/dacon_01/agv01_0903_1407/agv01_0903_141312.json,agv01,2024-09-03 14:13:12,3,85.0,44.0,39.0,58.47,2.14,215.95,49.89,19.87,144.75,71.96249999999999,215.95,97.99388667156742,0.0168432557841765,86.28,56.0,82.30389727101839,0.2046452271987424,81.05312195844134,95.0,81.01026916503906,81.41335607452365,Critical,Sensor Risk
/content/dacon_01/agv01_0903_1407/agv01_0903_141313.json,agv01,2024-09-03 14:13:13,3,85.0,44.0,39.0,58.3,1.83,219.46,49.88,19.81,144.63,72.745,219.46,99.7983815834038,0.0173364525575694,86.33,56.0,82.54298512017903,0.20701745646504993,82.06171282987833,95.0,81.02198028564453,81.84218812648672,Critical,Sensor Risk
/content/dacon_01/agv01_0903_1407/agv01_0903_141314.json,agv01,2024-09-03 14:13:14,3,85.0,44.0,39.0,58.21,1.88,223.02,49.81,19.88,144.72,73.64750000000001,223.02,101.52485455131992,0.0189370761480747,86.50999999999999,56.0,82.90041855110867,0.20997026383179485,83.31714568264236,95.0,81.0287094116211,82.39117484832481,Critical,Sudden Anomaly
/content/dacon_01/agv01_0903_1407/agv01_0903_141315.json,agv01,2024-09-03 14:13:15,3,85.0,44.0,39.0,58.18,2.07,226.18,49.9,19.86,144.97,74.5025,226.18,103.02688463859,0.0211633425593672,86.78999999999999,56.0,83.3006115383693,0.21249569817111608,84.39087411910904,95.0,81.03680419921875,82.88987087292551,Critical,Sudden Anomaly
/content/dacon_01/agv01_0903_1407/agv01_0903_141316.json,agv01,2024-09-03 14:13:16,3,85.0,44.0,39.0,58.0,1.77,230.1,49.86,19.81,145.22,75.385,230.1,105.03333708875482,0.0220492021082304,87.22,56.0,83.6822372349044,0.21545253205138779,85.6480189079176,95.0,81.04350280761719,83.4467037709085,Critical,Sudden Anomaly
/content/dacon_01/agv01_0903_1407/agv01_0903_141317.json,agv01,2024-09-03 14:13:17,3,85.0,45.0,40.0,57.91,1.87,234.01,49.79,19.89,145.44,76.39,234.01,106.92225337443402,0.0223099780201447,87.53,56.66666666666666,84.509110991128,0.21861942444498045,86.99447340300631,95.0,81.04739379882812,84.16738681798046,Critical,Sudden Anomaly
/content/dacon_01/agv01_0903_1407/agv01_0903_141318.json,agv01,2024-09-03 14:13:18,3,85.0,45.0,39.0,57.8,2.08,237.74,49.87,19.81,145.61,77.375,237.74,108.7144953536556,0.023001004010034,87.81000000000002,56.333333333333336,84.67473062233049,0.22151392023926358,88.22511416652358,95.0,81.05037689208984,84.64884105721384,Critical,Sudden Anomaly
/content/dacon_01/agv01_0903_1407/agv01_0903_141319.json,agv01,2024-09-03 14:13:19,3,85.0,44.0,38.0,57.58,1.69,241.71,49.83,19.82,145.77,78.2625,241.71,110.75854500518984,0.0230275106452205,88.19000000000001,55.66666666666666,84.58805964487821,0.2238018900530824,89.19788079625704,95.0,81.05547332763672,84.96509183682628,Critical,Sudden Anomaly
/content/dacon_01/agv01_0903_1407/agv01_0903_141320.json,agv01,2024-09-03 14:13:20,3,84.0,44.0,39.0,57.5,1.97,245.56,49.79,19.88,145.82,79.3,245.56,112.58166369351628,0.0233727596589328,88.32,55.66666666666666,84.95199010327003,0.2270759427531596,90.5898961940948,95.0,81.05500793457031,85.5613134760138,Critical,Sudden Anomaly
/content/dacon_01/agv01_0903_1407/agv01_0903_141321.json,agv01,2024-09-03 14:13:21,3,86.0,44.0,40.0,57.4,2.07,249.67,49.88,19.8,145.9,80.355,249.67,114.58874886596269,0.0236737827381803,88.5,56.66666666666666,85.96438939940445,0.23047057081026504,92.03317611604336,95.0,81.05525970458984,86.37026935704296,Critical,Sudden Anomaly
/content/dacon_01/agv01_0903_1407/agv01_0903_141322.json,agv01,2024-09-03 14:13:22,3,86.0,45.0,39.0,57.37,1.78,254.15,49.79,19.77,146.1,81.3725,254.15,116.87507985737022,0.0236625403810817,88.72999999999999,56.66666666666666,86.45350454562329,0.23402663436205462,93.54509289724363,95.0,81.05669403076172,87.04667678848885,Critical,Sudden Anomaly
/content/dacon_01/agv01_0903_1407/agv01_0903_141323.json,agv01,2024-09-03 14:13:23,3,84.0,44.0,39.0,57.3,2.05,258.27,49.82,19.87,146.32,82.5025,258.27,118.8245130083295,0.024122632277869,89.02,55.66666666666666,86.27273089815748,0.23710813334842998,94.85524103180325,95.0,81.06033325195312,87.45227026876196,Critical,Sudden Anomaly
/content/dacon_01/agv01_0903_1407/agv01_0903_141324.json,agv01,2024-09-03 14:13:24,3,85.0,44.0,40.0,57.13,1.92,262.45,49.86,19.76,146.48,83.4975,262.45,120.93088394478336,0.0243221429679007,89.35,56.333333333333336,87.06844867019707,0.24093541370122576,96.48246993462696,95.0,81.0584945678711,88.25987217693344,Critical,Sudden Anomaly
/content/dacon_01/agv01_0903_1407/agv01_0903_141325.json,agv01,2024-09-03 14:13:25,3,85.0,44.0,38.0,57.0,1.73,267.32,49.78,19.78,146.43,84.6525,267.32,123.38029161228845,0.0243471566515318,89.43,55.66666666666666,87.06085651138562,0.24441520080346996,97.9619565743524,95.0,81.06098175048828,88.77628536710992,Critical,Sudden Anomaly
/content/dacon_01/agv01_0903_1407/agv01_0903_141326.json,agv01,2024-09-03 14:13:26,3,86.0,42.0,38.0,57.0,1.85,270.14,49.76,19.86,146.63,85.4025,270.14,124.73327713565452,0.0232695239572538,89.63,55.333333333333336,87.17602733817391,0.2492087265008012,100.0,95.0,81.05905151367188,89.52347623123732,Critical,Sudden Anomaly
/content/dacon_01/agv01_1027_0724/agv01_1027_072426.json,agv01,2024-10-27 07:24:26,0,40.0,23.0,17.0,21.0,1.8,74.88,49.96,19.91,41.87,36.6375,74.88,32.31840793830455,0.2534474657918133,20.87,26.666666666666668,5.603537028379046,0.0305931768112505,7.052134082189025,10.0,9.556928634643555,8.123389339447021,Normal,Degradation Risk
/content/dacon_01/agv01_1027_0724/agv01_1027_072427.json,agv01,2024-10-27 07:24:27,0,41.0,23.0,19.0,21.4,1.79,75.0,49.98,19.95,41.9,36.68,75.0,32.365194267916884,0.3587050459274785,20.5,27.666666666666668,7.8637416141998,0.0305931768112505,7.052134082189025,10.0,9.556928634643555,8.172294435151343,Normal,Degradation Risk
/content/dacon_01/agv01_1027_0724/agv01_1027_072428.json,agv01,2024-10-27 07:24:28,0,39.0,22.0,18.0,21.44,1.98,75.0,49.99,19.99,41.81,36.74,75.0,32.29143436475582,0.4324226362797835,20.37,26.33333333333333,8.013636734053973,0.0305931768112505,7.052134082189025,10.0,9.556928634643555,8.217262971107594,Normal,Degradation Risk
/content/dacon_01/agv01_1027_0724/agv01_1027_072429.json,agv01,2024-10-27 07:24:29,0,39.0,22.0,18.0,21.6,1.86,74.92,50.08,19.91,41.8,36.6925,74.92,32.32915234995602,0.4727920966911638,20.2,26.33333333333333,8.625625602817315,0.0305931768112505,7.052134082189025,10.0,9.556928634643555,8.400859631736598,Normal,Degradation Risk
/content/dacon_01/agv01_1027_0724/agv01_1027_072430.json,agv01,2024-10-27 07:24:30,0,40.0,22.0,18.0,21.54,1.78,75.13,49.97,19.97,41.85,36.7125,75.13,32.41530746936289,0.4437722332835169,20.31,26.666666666666668,8.449275787456822,0.0305931768112505,7.052134082189025,10.0,9.556928634643555,8.34795468712845,Normal,Degradation Risk
/content/dacon_01/agv01_1027_0724/agv01_1027_072431.json,agv01,2024-10-27 07:24:31,0,40.0,22.0,18.0,21.5,2.04,74.89,49.98,19.99,41.93,36.725,74.89,32.22510253410117,0.0009988129389993,20.43,26.666666666666668,2.4962703252627008,0.0305931768112505,7.052134082189025,10.0,9.556928634643555,8.123389339447021,Normal,Degradation Risk
/content/dacon_01/agv01_1027_0724/agv01_1027_072432.json,agv01,2024-10-27 07:24:32,0,40.0,22.0,18.0,21.58,1.87,74.98,50.08,19.9,41.88,36.7075,74.98,32.35094782228181,0.0005896504769339,20.300000000000004,26.666666666666668,2.527185360677704,0.0305931768112505,7.052134082189025,10.0,9.556928634643555,8.123389339447021,Normal,Degradation Risk
/content/dacon_01/agv01_1027_0724/agv01_1027_072433.json,agv01,2024-10-27 07:24:33,0,40.0,22.0,17.0,21.63,1.84,75.13,49.95,19.99,41.9,36.7275,75.13,32.38759060195741,0.0004577581897039,20.27,26.33333333333333,2.363269868960097,0.0305931768112505,7.052134082189025,10.0,9.556928634643555,8.123389339447021,Normal,Degradation Risk
/content/dacon_01/agv01_1027_0724/agv01_1027_072434.json,agv01,2024-10-27 07:24:34,0,40.0,22.0,17.0,21.9,2.12,74.88,50.02,19.97,41.93,36.7475,74.88,32.20142375216765,0.0005162808816947,20.03,26.33333333333333,2.4856507113684443,0.0305931768112505,7.052134082189025,10.0,9.556928634643555,8.123389339447021,Normal,Degradation Risk
/content/dacon_01/agv01_1027_0724/agv01_1027_072435.json,agv01,2024-10-27 07:24:35,0,40.0,22.0,19.0,21.86,1.81,74.93,50.06,19.9,41.95,36.675,74.93,32.35002369911549,0.0006638970705707,20.090000000000003,27.0,2.8942699382257397,0.0305931768112505,7.052134082189025,10.0,9.556928634643555,8.123389339447021,Normal,Degradation Risk
/content/dacon_01/agv01_1027_0724/agv01_1027_072436.json,agv01,2024-10-27 07:24:36,0,41.0,21.0,19.0,21.8,1.91,75.13,49.92,20.0,41.92,36.74,75.13,32.3566634044159,0.0007119916430763,20.12,27.0,2.8760154060566467,0.0305931768112505,7.052134082189025,10.0,9.556928634643555,8.123389339447021,Normal,Degradation Risk
/content/dacon_01/agv01_1027_0724/agv01_1027_072437.json,agv01,2024-10-27 07:24:37,0,40.0,22.0,17.0,22.05,2.08,74.82,50.05,19.98,41.93,36.7325,74.82,32.19448956472727,0.0007239105721478,19.88,26.33333333333333,2.559348487375926,0.0305931768112505,7.052134082189025,10.0,9.556928634643555,8.123389339447021,Normal,Degradation Risk
/content/dacon_01/agv01_1027_0724/agv01_1027_072438.json,agv01,2024-10-27 07:24:38,0,40.0,22.0,19.0,22.37,1.74,75.09,49.96,19.91,42.01,36.675,75.09,32.42284636898289,0.000889607531533,19.64,27.0,3.1913834896954407,0.0305931768112505,7.052134082189025,10.0,9.556928634643555,8.123389339447021,Normal,Degradation Risk
/content/dacon_01/agv01_1027_0724/agv01_1027_072439.json,agv01,2024-10-27 07:24:39,0,40.0,21.0,19.0,22.8,1.91,75.03,49.98,20.0,42.55,36.73,75.03,32.32531412582611,0.000894707369473,19.75,26.666666666666668,3.3454047442791035,0.0305931768112505,7.052134082189025,10.0,9.556928634643555,8.123389339447021,Normal,Degradation Risk
/content/dacon_01/agv01_1027_0724/agv01_1027_072440.json,agv01,2024-10-27 07:24:40,0,41.0,21.0,17.0,22.93,1.98,74.9,50.07,19.91,42.97,36.715,74.9,32.27681572480987,0.0007962053543709,20.04,26.33333333333333,3.304290831746908,0.0305931768112505,7.052134082189025,10.0,9.556928634643555,8.123389339447021,Normal,Degradation Risk
/content/dacon_01/agv01_1027_0724/agv01_1027_072441.json,agv01,2024-10-27 07:24:41,0,40.0,21.0,18.0,23.4,1.74,75.07,49.97,19.93,43.33,36.6775,75.07,32.412869229160606,0.0007796183176945,19.93,26.33333333333333,3.6607247598532484,0.0305931768112505,7.052134082189025,10.0,9.556928634643555,8.123389339447021,Normal,Degradation Risk
/content/dacon_01/agv01_1027_0724/agv01_1027_072442.json,agv01,2024-10-27 07:24:42,0,40.0,22.0,19.0,23.68,2.07,75.0,49.99,20.01,43.85,36.7675,75.0,32.255691358270404,0.0009655788085267,20.17,27.0,4.358749285130672,0.0305931768112505,7.052134082189025,10.0,9.556928634643555,8.123389339447021,Normal,Degradation Risk
/content/dacon_01/agv01_1027_0724/agv01_1027_072443.json,agv01,2024-10-27 07:24:43,0,40.0,22.0,19.0,23.9,1.96,74.91,50.08,19.9,43.96,36.7125,74.91,32.29104868225868,0.0009410222755848,20.06,27.0,4.492326728678611,0.0305931768112505,7.052134082189025,10.0,9.556928634643555,8.123389339447021,Normal,Degradation Risk
/content/dacon_01/agv01_1027_0724/agv01_1027_072444.json,agv01,2024-10-27 07:24:44,0,40.0,22.0,18.0,24.0,1.84,75.15,49.92,19.92,44.19,36.7075,75.15,32.4034909384776,0.0008063698605861,20.19,26.666666666666668,4.420516278712093,0.0305931768112505,7.052134082189025,10.0,9.556928634643555,8.123389339447021,Normal,Degradation Risk
/content/dacon_01/agv01_1027_0724/agv01_1027_072445.json,agv01,2024-10-27 07:24:45,0,40.0,22.0,17.0,24.09,2.01,74.86,50.01,19.97,44.43,36.7125,74.86,32.2316101314636,0.0007922229420423,20.34,26.33333333333333,4.2946973887555275,0.0305931768112505,7.052134082189025,10.0,9.556928634643555,8.123389339447021,Normal,Degradation Risk
/content/dacon_01/agv01_1027_0724/agv01_1027_072446.json,agv01,2024-10-27 07:24:46,0,40.0,21.0,18.0,24.4,1.88,74.98,50.07,19.9,44.69,36.7075,74.98,32.34598107441892,0.0007972091218425,20.29,26.33333333333333,4.536966556834166,0.0305931768112505,7.052134082189025,10.0,9.556928634643555,8.123389339447021,Normal,Degradation Risk
/content/dacon_01/agv01_1027_0724/agv01_1027_072447.json,agv01,2024-10-27 07:24:47,0,40.0,22.0,19.0,24.57,1.8,75.12,49.95,19.97,44.94,36.71,75.12,32.40144749853006,0.0006421787403292,20.37,27.0,5.121218588483515,0.0305931768112505,7.052134082189025,10.0,9.556928634643555,8.123389339447021,Normal,Degradation Risk
/content/dacon_01/agv01_1027_0724/agv01_1027_072448.json,agv01,2024-10-27 07:24:48,0,40.0,22.0,18.0,24.7,2.17,74.85,50.01,19.98,45.17,36.7525,74.85,32.16855024709693,0.0004764552364744,20.47,26.666666666666668,5.013160302995227,0.0305931768112505,7.052134082189025,10.0,9.556928634643555,8.123389339447021,Normal,Degradation Risk
/content/dacon_01/agv01_1027_0724/agv01_1027_072449.json,agv01,2024-10-27 07:24:49,0,41.0,22.0,18.0,24.47,1.72,74.99,50.07,19.91,45.47,36.6725,74.99,32.40567067145296,0.0006923743186941,21.0,27.0,5.202546375986172,0.0305931768112505,7.052134082189025,10.0,9.556928634643555,8.123389339447021,Normal,Degradation Risk
/content/dacon_01/agv01_1027_0724/agv01_1027_072450.json,agv01,2024-10-27 07:24:50,0,40.0,23.0,18.0,24.4,1.94,75.09,49.95,20.0,45.67,36.745000000000005,75.09,32.334162016872085,0.0007877945767446,21.270000000000003,27.0,5.23268048935548,0.0305931768112505,7.052134082189025,10.0,9.556928634643555,8.123389339447021,Normal,Degradation Risk
/content/dacon_01/agv01_1027_0724/agv01_1027_072451.json,agv01,2024-10-27 07:24:51,0,39.0,22.0,16.0,24.4,2.1,74.91,50.05,19.93,45.88,36.7475,74.91,32.23150878152205,0.0008535599713014,21.480000000000004,25.666666666666668,4.439605788816617,0.0305931768112505,7.052134082189025,10.0,9.556928634643555,8.123389339447021,Normal,Degradation Risk
/content/dacon_01/agv01_1027_0724/agv01_1027_072452.json,agv01,2024-10-27 07:24:52,0,41.0,22.0,17.0,24.4,1.72,75.03,50.04,19.92,46.14,36.6775,75.03,32.415589228024224,0.0009866805167324,21.74,26.666666666666668,5.1495759883136625,0.0305931768112505,7.052134082189025,10.0,9.556928634643555,8.123389339447021,Normal,Degradation Risk
/content/dacon_01/agv01_1027_0724/agv01_1027_072453.json,agv01,2024-10-27 07:24:53,0,42.0,22.0,18.0,24.4,1.94,75.01,49.96,19.98,46.43,36.7225,75.01,32.30736590418146,0.0009823084009409,22.03,27.33333333333333,5.643518825301515,0.0305931768112505,7.052134082189025,10.0,9.556928634643555,8.123389339447021,Normal,Degradation Risk
/content/dacon_01/agv01_1027_0724/agv01_1027_072454.json,agv01,2024-10-27 07:24:54,0,41.0,22.0,18.0,24.27,2.02,74.86,50.09,19.92,46.54,36.7225,74.86,32.24772072048917,0.0008851195294044,22.27,27.0,5.382231011562362,0.0305931768112505,7.052134082189025,10.0,9.556928634643555,8.123389339447021,Normal,Degradation Risk
/content/dacon_01/agv01_1027_0724/agv01_1027_072455.json,agv01,2024-10-27 07:24:55,0,41.0,22.0,18.0,24.2,1.76,75.09,49.98,19.92,46.76,36.6875,75.09,32.41667202227891,0.0007898426497601,22.56,27.0,5.428339126585734,0.0305931768112505,7.052134082189025,10.0,9.556928634643555,8.123389339447021,Normal,Degradation Risk
/content/dacon_01/agv01_1027_0724/agv01_1027_072456.json,agv01,2024-10-27 07:24:56,0,41.0,22.0,18.0,24.0,1.97,74.96,49.96,19.98,46.89,36.7175,74.96,32.27685070862191,0.0006997743321255,22.89,27.0,5.347053965724649,0.0305931768112505,7.052134082189025,10.0,9.556928634643555,8.123389339447021,Normal,Degradation Risk
/content/dacon_01/agv01_1027_0724/agv01_1027_072457.json,agv01,2024-10-27 07:24:57,0,40.0,22.0,18.0,24.13,1.92,74.96,50.08,19.9,47.03,36.715,74.96,32.325116653566255,0.0005317853349396,22.9,26.666666666666668,5.241458135800703,0.0305931768112505,7.052134082189025,10.0,9.556928634643555,8.123389339447021,Normal,Degradation Risk
/content/dacon_01/agv01_1027_0724/agv01_1027_072458.json,agv01,2024-10-27 07:24:58,0,42.0,22.0,18.0,24.4,1.7,75.1,49.95,19.9,47.16,36.6625,75.1,32.44152110593254,0.000665147574974,22.76,27.33333333333333,5.8480362113005055,0.0305931768112505,7.052134082189025,10.0,9.556928634643555,8.123389339447021,Normal,Degradation Risk
/content/dacon_01/agv01_1027_0724/agv01_1027_072459.json,agv01,2024-10-27 07:24:59,0,42.0,22.0,18.0,24.62,2.14,74.88,50.01,19.94,47.38,36.7425,74.88,32.19809764049216,0.0007734264304395,22.76,27.33333333333333,6.000432399175188,0.0305931768112505,7.052134082189025,10.0,9.556928634643555,8.123389339447021,Normal,Degradation Risk
/content/dacon_01/agv01_1027_0724/agv01_1027_072500.json,agv01,2024-10-27 07:25:00,0,41.0,22.0,18.0,24.7,1.73,75.01,50.03,19.91,47.56,36.67,75.01,32.40445648363818,0.0008438997070847,22.860000000000003,27.0,5.8963828579511945,0.0305931768112505,7.052134082189025,10.0,9.556928634643555,8.123389339447021,Normal,Degradation Risk
/content/dacon_01/agv01_1027_0724/agv01_1027_072501.json,agv01,2024-10-27 07:25:01,0,41.0,22.0,19.0,24.88,1.98,75.07,49.97,20.0,47.84,36.755,75.07,32.31463084527915,0.0010205242787872,22.960000000000004,27.33333333333333,6.2820464723801965,0.0305931768112505,7.052134082189025,10.0,9.556928634643555,8.123389339447021,Normal,Degradation Risk
/content/dacon_01/agv01_1027_0724/agv01_1027_072502.json,agv01,2024-10-27 07:25:02,0,41.0,22.0,18.0,24.92,2.02,74.85,50.05,19.91,48.02,36.7075,74.85,32.23999211641756,0.0010163201145881,23.1,27.0,6.121327509750748,0.0305931768112505,7.052134082189025,10.0,9.556928634643555,8.123389339447021,Normal,Degradation Risk
/content/dacon_01/agv01_1027_0724/agv01_1027_072503.json,agv01,2024-10-27 07:25:03,0,42.0,22.0,18.0,25.0,1.77,75.08,49.99,19.92,48.14,36.69,75.08,32.410499327635584,0.0010315371228889,23.14,27.33333333333333,6.426831879166579,0.0305931768112505,7.052134082189025,10.0,9.556928634643555,8.123389339447021,Normal,Degradation Risk
/content/dacon_01/agv01_1027_0724/agv01_1027_072504.json,agv01,2024-10-27 07:25:04,0,42.0,21.0,18.0,24.72,1.93,74.97,49.95,20.0,48.25,36.712500000000006,74.97,32.29033743500781,0.0008650237553272,23.53,27.0,6.0916900384520645,0.0305931768112505,7.052134082189025,10.0,9.556928634643555,8.123389339447021,Normal,Degradation Risk
/content/dacon_01/agv01_1027_0724/agv01_1027_072505.json,agv01,2024-10-27 07:25:05,0,41.0,23.0,18.0,24.5,1.99,74.93,50.07,19.9,48.43,36.7225,74.93,32.28679748235596,0.0007888290005866,23.93,27.33333333333333,6.231383742952415,0.0305931768112505,7.052134082189025,10.0,9.556928634643555,8.123389339447021,Normal,Degradation Risk
/content/dacon_01/agv01_1027_0724/agv01_1027_072506.json,agv01,2024-10-27 07:25:06,0,41.0,22.0,20.0,24.32,1.75,75.07,49.96,19.96,48.64,36.685,75.07,32.40274525406759,0.000688312395177,24.32,27.666666666666668,6.417555443681557,0.0305931768112505,7.052134082189025,10.0,9.556928634643555,8.123389339447021,Normal,Degradation Risk
/content/dacon_01/agv01_1027_0724/agv01_1027_072507.json,agv01,2024-10-27 07:25:07,0,41.0,22.0,18.0,24.26,2.02,74.92,49.98,20.0,48.73,36.73,74.92,32.242392384354275,0.0004823784465157,24.469999999999995,27.0,5.976912509421851,0.0305931768112505,7.052134082189025,10.0,9.556928634643555,8.123389339447021,Normal,Degradation Risk
/content/dacon_01/agv01_1027_0724/agv01_1027_072508.json,agv01,2024-10-27 07:25:08,0,42.0,22.0,18.0,24.0,1.89,74.92,50.08,19.9,48.93,36.6975,74.92,32.32011177270277,0.000496303401126,24.93,27.33333333333333,6.106784378294311,0.0305931768112505,7.052134082189025,10.0,9.556928634643555,8.123389339447021,Normal,Degradation Risk
/content/dacon_01/agv01_1027_0724/agv01_1027_072509.json,agv01,2024-10-27 07:25:09,0,41.0,22.0,18.0,23.96,1.84,75.1,49.92,19.97,49.03,36.7075,75.1,32.37509678235212,0.0004469265066427,25.07,27.0,5.9227091509330245,0.0305931768112505,7.052134082189025,10.0,9.556928634643555,8.123389339447021,Normal,Degradation Risk
/content/dacon_01/agv01_1027_0724/agv01_1027_072510.json,agv01,2024-10-27 07:25:10,0,40.0,23.0,17.0,23.9,2.08,74.83,50.02,19.97,49.14,36.725,74.83,32.19603547022521,0.0004810509865018,25.24,26.666666666666668,5.687034898231688,0.0305931768112505,7.052134082189025,10.0,9.556928634643555,8.123389339447021,Normal,Degradation Risk
/content/dacon_01/agv01_1027_0724/agv01_1027_072511.json,agv01,2024-10-27 07:25:11,0,41.0,23.0,18.0,23.9,1.82,74.94,50.08,19.9,49.4,36.685,74.94,32.35313225433771,0.0005293382166496,25.5,27.33333333333333,6.186531233546678,0.0305931768112505,7.052134082189025,10.0,9.556928634643555,8.123389339447021,Normal,Degradation Risk
/content/dacon_01/agv01_1027_0724/agv01_1027_072512.json,agv01,2024-10-27 07:25:12,0,41.0,23.0,17.0,23.9,1.86,75.13,49.93,19.94,49.62,36.715,75.13,32.38631449650711,0.0004618857252588,25.72,27.0,6.056568048735089,0.0305931768112505,7.052134082189025,10.0,9.556928634643555,8.123389339447021,Normal,Degradation Risk
/content/dacon_01/agv01_1027_0724/agv01_1027_072513.json,agv01,2024-10-27 07:25:13,0,42.0,23.0,19.0,23.8,2.06,74.83,50.05,19.96,49.68,36.725,74.83,32.20907791291145,0.0004321537871095,25.88,28.0,6.616160942657171,0.0305931768112505,7.052134082189025,10.0,9.556928634643555,8.123389339447021,Normal,Degradation Risk
/content/dacon_01/agv01_1027_0724/agv01_1027_072514.json,agv01,2024-10-27 07:25:14,0,43.0,23.0,19.0,23.8,1.73,75.01,50.03,19.9,49.74,36.6675,75.01,32.4061808662072,0.0006340896833232,25.94,28.33333333333333,6.861692500849832,0.0305931768112505,7.052134082189025,10.0,9.556928634643555,8.123389339447021,Normal,Degradation Risk
/content/dacon_01/agv01_1027_0724/agv01_1027_072515.json,agv01,2024-10-27 07:25:15,0,42.0,22.0,19.0,23.8,1.89,75.09,49.95,19.99,49.82,36.73,75.09,32.35383130326299,0.0006977598479726,26.02,27.666666666666668,6.475800971941119,0.0305931768112505,7.052134082189025,10.0,9.556928634643555,8.123389339447021,Normal,Degradation Risk
/content/dacon_01/agv01_1027_0724/agv01_1027_072516.json,agv01,2024-10-27 07:25:16,0,42.0,24.0,18.0,23.69,2.13,74.87,50.01,19.93,49.96,36.735,74.87,32.199471527754405,0.0007415524241055,26.27,28.0,6.644504800479395,0.0305931768112505,7.052134082189025,10.0,9.556928634643555,8.123389339447021,Normal,Degradation Risk
/content/dacon_01/agv01_1027_0724/agv01_1027_072517.json,agv01,2024-10-27 07:25:17,0,43.0,23.0,19.0,23.6,1.72,75.01,50.01,19.92,50.1,36.665000000000006,75.01,32.40358056347066,0.0008633918185434,26.5,28.33333333333333,6.860668455861906,0.0305931768112505,7.052134082189025,10.0,9.556928634643555,8.123389339447021,Normal,Degradation Risk
/content/dacon_01/agv01_1027_0724/agv01_1027_072518.json,agv01,2024-10-27 07:25:18,0,42.0,22.0,18.0,23.51,2.01,75.03,49.98,20.0,50.27,36.755,75.03,32.28942706212051,0.0010231776163688,26.76,27.33333333333333,6.240163123342313,0.0305931768112505,7.052134082189025,10.0,9.556928634643555,8.123389339447021,Normal,Degradation Risk
/content/dacon_01/agv01_1027_0724/agv01_1027_072519.json,agv01,2024-10-27 07:25:19,0,42.0,23.0,18.0,23.48,2.04,74.9,50.11,19.91,50.35,36.74,74.9,32.260819373764626,0.0010622386379425,26.87,27.666666666666668,6.442462741531187,0.0305931768112505,7.052134082189025,10.0,9.556928634643555,8.123389339447021,Normal,Degradation Risk
/content/dacon_01/agv01_1027_0724/agv01_1027_072520.json,agv01,2024-10-27 07:25:20,0,42.0,23.0,18.0,23.4,1.75,75.05,49.95,19.91,50.42,36.665,75.05,32.402092010650584,0.001079210827164,27.020000000000003,27.666666666666668,6.435870520215703,0.0305931768112505,7.052134082189025,10.0,9.556928634643555,8.123389339447021,Normal,Degradation Risk
/content/dacon_01/agv01_1027_0724/agv01_1027_072521.json,agv01,2024-10-27 07:25:21,0,42.0,23.0,19.0,23.4,1.99,74.96,49.99,19.99,50.53,36.7325,74.96,32.272050213768566,0.0010846979892839,27.130000000000003,28.0,6.665334237783619,0.0305931768112505,7.052134082189025,10.0,9.556928634643555,8.123389339447021,Normal,Degradation Risk
/content/dacon_01/agv01_1027_0724/agv01_1027_072522.json,agv01,2024-10-27 07:25:22,0,43.0,23.0,19.0,23.4,1.94,74.92,50.07,19.9,50.76,36.7075,74.92,32.300787787090684,0.0010538245219279,27.36,28.33333333333333,6.932164290625848,0.0305931768112505,7.052134082189025,10.0,9.556928634643555,8.123389339447021,Normal,Degradation Risk
/content/dacon_01/agv01_1027_0724/agv01_1027_072523.json,agv01,2024-10-27 07:25:23,0,42.0,23.0,19.0,23.56,1.78,75.14,49.96,19.97,50.85,36.7125,75.14,32.41789564936832,0.0008620230557898,27.290000000000003,28.0,6.850053208310485,0.0305931768112505,7.052134082189025,10.0,9.556928634643555,8.123389339447021,Normal,Degradation Risk
/content/dacon_01/agv01_1027_0724/agv01_1027_072524.json,agv01,2024-10-27 07:25:24,0,42.0,22.0,20.0,23.58,2.06,74.89,49.98,19.98,51.1,36.7275,74.89,32.2196600178628,0.0007354950065685,27.520000000000003,28.0,6.901909088291883,0.0305931768112505,7.052134082189025,10.0,9.556928634643555,8.123389339447021,Normal,Degradation Risk
/content/dacon_01/agv01_1027_0724/agv01_1027_072525.json,agv01,2024-10-27 07:25:25,0,41.0,23.0,19.0,23.4,1.84,74.97,50.08,19.9,51.22,36.6975,74.97,32.35777534071216,0.0006623067353711,27.82,27.666666666666668,6.641130429090704,0.0305931768112505,7.052134082189025,10.0,9.556928634643555,8.123389339447021,Normal,Degradation Risk
/content/dacon_01/agv01_1027_0724/agv01_1027_072526.json,agv01,2024-10-27 07:25:26,0,41.0,24.0,20.0,23.36,1.86,75.1,49.95,19.99,51.26,36.725,75.1,32.368553154772506,0.00036645537408,27.9,28.33333333333333,7.057316592365839,0.027821664142978368,5.87378154392772,10.0,9.549101829528809,8.116736555099488,Normal,Degradation Risk
/content/dacon_01/agv01_1027_0724/agv01_1027_072527.json,agv01,2024-10-27 07:25:27,0,42.0,23.0,19.0,23.3,2.11,74.83,50.02,19.96,51.42,36.73,74.83,32.1870129089358,0.0003516099276126,28.12,28.0,6.8346663530926595,0.024470466816149988,4.448966885315816,10.0,9.763022422790527,8.298569059371948,Normal,Degradation Risk
/content/dacon_01/agv01_1027_0724/agv01_1027_072528.json,agv01,2024-10-27 07:25:28,0,42.0,23.0,19.0,23.38,1.75,74.92,50.05,19.9,51.69,36.655,74.92,32.36626484474228,0.0007794004617595,28.31,28.0,6.964342391124406,0.020671808796015486,2.833907220875326,10.0,9.595863342285156,8.156483840942382,Normal,Degradation Risk
/content/dacon_01/agv01_1027_0724/agv01_1027_072529.json,agv01,2024-10-27 07:25:29,0,42.0,22.0,21.0,23.4,1.9,74.8,49.95,19.9,51.92,36.6375,74.8,32.25128873394054,0.0010963522664706,28.520000000000003,28.33333333333333,7.238055522778226,0.018048470120462363,1.7185532041158575,10.0,9.435786247253418,8.020418310165406,Normal,Degradation Risk
/content/dacon_01/agv01_1027_0724/agv01_1027_072530.json,agv01,2024-10-27 07:25:30,0,43.0,23.0,19.0,23.4,1.96,74.89,50.05,19.9,52.02,36.7,74.89,32.27902414881837,0.0010167402979921,28.620000000000005,28.33333333333333,7.273387890690203,0.016548289845253174,1.0807277828651691,10.0,9.526617050170898,8.097624492645263,Normal,Degradation Risk
/content/dacon_01/agv01_1027_0724/agv01_1027_072531.json,agv01,2024-10-27 07:25:31,0,43.0,22.0,19.0,23.5,1.79,75.12,49.97,19.94,52.14,36.705000000000005,75.12,32.41293414672606,0.001027379829475,28.64,28.0,7.172423325930574,0.01656063823051619,1.0859778945766099,10.0,9.491996765136719,8.068197250366211,Normal,Degradation Risk
/content/dacon_01/agv01_1027_0724/agv01_1027_072532.json,agv01,2024-10-27 07:25:32,0,43.0,22.0,18.0,23.7,2.04,74.92,49.96,19.99,52.23,36.727500000000006,74.92,32.23420892468125,0.0010395710909021,28.53,27.666666666666668,7.071381115274369,0.01631161951974884,0.9801036428488705,10.0,9.76470947265625,8.300003051757812,Normal,Degradation Risk
/content/dacon_01/agv01_1027_0724/agv01_1027_072533.json,agv01,2024-10-27 07:25:33,0,43.0,22.0,18.0,23.76,1.88,74.95,50.09,19.9,52.36,36.705,74.95,32.33690822161781,0.0009379472897921,28.6,27.666666666666668,7.139377813670677,0.015910627191575665,0.8096153989611913,10.0,9.897286415100098,8.412693452835082,Normal,Degradation Risk
/content/dacon_01/agv01_1027_0724/agv01_1027_072534.json,agv01,2024-10-27 07:25:34,0,43.0,23.0,18.0,23.8,1.81,75.07,49.93,19.94,52.43,36.6875,75.07,32.38054392687065,0.000829695026156,28.63,28.0,7.3979830249766465,0.01566130176466916,0.7036107420055637,10.0,10.004549026489258,8.50386667251587,Normal,Degradation Risk
/content/dacon_01/agv01_1027_0724/agv01_1027_072535.json,agv01,2024-10-27 07:25:35,0,43.0,23.0,20.0,23.8,2.04,74.86,50.01,19.96,52.53,36.7175,74.86,32.22257839362538,0.0003789983865998,28.73,28.666666666666668,7.814882391856758,0.01582072528545671,0.7713921786661732,10.0,9.869909286499023,8.38942289352417,Normal,Degradation Risk
/content/dacon_01/agv01_1027_0724/agv01_1027_072536.json,agv01,2024-10-27 07:25:36,0,44.0,24.0,18.0,23.78,1.84,74.97,50.08,19.9,52.69,36.6975,74.97,32.35777534071216,0.0003868762882976,28.91,28.666666666666668,7.859552017563157,0.015967082428280755,0.8336182376388365,10.0,9.940320014953613,8.449272012710571,Normal,Degradation Risk
/content/dacon_01/agv01_1027_0724/agv01_1027_072537.json,agv01,2024-10-27 07:25:37,0,43.0,24.0,17.0,23.7,1.83,75.16,49.95,19.99,52.8,36.7325,75.16,32.40303933789751,0.0004791190470272,29.1,28.0,7.452262450260104,0.015824970447440523,0.7731970765676768,10.0,9.990107536315918,8.49159140586853,Normal,Degradation Risk
/content/dacon_01/agv01_1027_0724/agv01_1027_072538.json,agv01,2024-10-27 07:25:38,0,43.0,24.0,19.0,23.7,2.11,74.88,49.99,19.94,52.92,36.73,74.88,32.20609983631465,0.0004923209415093,29.22,28.666666666666668,7.87381675346606,0.015654814109242646,0.7008524124742885,10.0,9.824584007263184,8.350896406173705,Normal,Degradation Risk
/content/dacon_01/agv01_1027_0724/agv01_1027_072539.json,agv01,2024-10-27 07:25:39,0,43.0,24.0,19.0,23.7,1.74,74.97,50.03,19.91,53.11,36.6625,74.97,32.385088518226,0.0007416534404317,29.41,28.666666666666668,7.93817863152848,0.01595820455653944,0.8298436697573699,10.0,10.005012512207031,8.504260635375976,Normal,Degradation Risk
/content/dacon_01/agv01_1027_0724/agv01_1027_072540.json,agv01,2024-10-27 07:25:40,0,43.0,24.0,19.0,23.62,1.93,75.04,49.95,20.0,53.41,36.73,75.04,32.31798983022717,0.0007468072827928,29.79,28.666666666666668,7.986321069585785,0.01585926265085892,0.7877769503684467,10.0,9.722386360168457,8.264028406143188,Normal,Degradation Risk
/content/dacon_01/agv01_1027_0724/agv01_1027_072541.json,agv01,2024-10-27 07:25:41,0,44.0,24.0,20.0,23.6,2.11,74.85,50.05,19.94,53.61,36.7375,74.85,32.20251064228792,0.0008010590317077,30.01,29.33333333333333,8.429092823942735,0.01586782457948283,0.7914171900259778,10.0,9.631400108337402,8.186690092086792,Normal,Degradation Risk
/content/dacon_01/agv01_1027_0724/agv01_1027_072542.json,agv01,2024-10-27 07:25:42,0,43.0,24.0,20.0,23.5,1.74,75.02,50.02,19.92,53.82,36.675,75.02,32.40170931705096,0.0009062543769597,30.32,29.0,8.24540217322624,0.01577511201439359,0.7519989735219452,10.0,9.798470497131348,8.328699922561645,Normal,Degradation Risk
/content/dacon_01/agv01_1027_0724/agv01_1027_072543.json,agv01,2024-10-27 07:25:43,0,44.0,24.0,20.0,23.46,1.91,75.02,49.95,20.0,54.02,36.72,75.02,32.31726783006261,0.0008728511838705,30.56,29.33333333333333,8.487489602651756,0.015892189899881164,0.8017764921737204,10.0,9.655518531799316,8.207190752029419,Normal,Degradation Risk
/content/dacon_01/agv01_1027_0724/agv01_1027_072544.json,agv01,2024-10-27 07:25:44,0,45.0,24.0,20.0,23.4,2.0,74.9,50.07,19.9,54.28,36.7175,74.9,32.27137883119757,0.000839031621436,30.880000000000003,29.666666666666668,8.723676460503004,0.01580713930873213,0.7656158853295282,10.0,9.793662071228027,8.324612760543824,Normal,Degradation Risk
/content/dacon_01/agv01_1027_0724/agv01_1027_072545.json,agv01,2024-10-27 07:25:45,0,44.0,24.0,20.0,23.4,1.76,75.03,49.94,19.9,54.41,36.6575,75.03,32.39096003002484,0.0008793621944987,31.01,29.33333333333333,8.564507150268737,0.015924787940759397,0.8156360659187537,10.0,9.903436660766602,8.417921161651611,Normal,Degradation Risk
/content/dacon_01/agv01_1027_0724/agv01_1027_072546.json,agv01,2024-10-27 07:25:46,0,44.0,24.0,19.0,23.39,1.98,74.91,49.98,19.99,54.61,36.715,74.91,32.25452991441667,0.0008339315161277,31.22,29.0,8.39310356162176,0.01569420420319805,0.7175997352363516,10.0,9.724589347839355,8.265900945663452,Normal,Degradation Risk
/content/dacon_01/agv01_1027_0724/agv01_1027_072547.json,agv01,2024-10-27 07:25:47,0,44.0,24.0,20.0,23.3,1.89,74.9,50.08,19.9,54.68,36.6925,74.9,32.31222820646492,0.0007037210349323,31.38,29.33333333333333,8.5716747697713,0.015896720338267847,0.8037026798594197,10.0,9.963054656982422,8.468596458435059,Normal,Degradation Risk
/content/dacon_01/agv01_1027_0724/agv01_1027_072548.json,agv01,2024-10-27 07:25:48,0,44.0,24.0,21.0,23.3,1.74,75.06,49.94,19.96,54.84,36.675,75.06,32.39965997763968,0.0007037210349323,31.540000000000003,29.666666666666668,8.839852850017046,0.0159139347685929,0.8110216677538149,10.0,10.045642852783203,8.538796424865723,Normal,Degradation Risk
/content/dacon_01/agv01_1027_0724/agv01_1027_072549.json,agv01,2024-10-27 07:25:49,0,44.0,24.0,20.0,23.3,2.11,74.89,49.99,19.98,55.13,36.7425,74.89,32.20310272318492,0.0008464427559415,31.83,29.33333333333333,8.695701005027823,0.016030358908939866,0.8605212362974679,10.0,9.935277938842773,8.444986248016358,Normal,Degradation Risk
/content/dacon_01/agv01_1027_0724/agv01_1027_072550.json,agv01,2024-10-27 07:25:50,0,43.0,24.0,19.0,23.17,1.82,74.94,50.09,19.9,55.38,36.6875,74.94,32.354512694007106,0.0008198179022305,32.21,28.666666666666668,8.285415019825257,0.01611891076323384,0.8981704606613254,10.0,9.785164833068848,8.31739010810852,Normal,Degradation Risk
/content/dacon_01/agv01_1027_0724/agv01_1027_072551.json,agv01,2024-10-27 07:25:51,0,45.0,24.0,19.0,23.1,1.84,75.16,49.95,19.99,55.51,36.735,75.16,32.39944906939005,0.0007428359582444,32.41,29.33333333333333,8.72280671256799,0.015860614124793775,0.7883515509321602,10.0,9.92209243774414,8.433778572082518,Normal,Degradation Risk
/content/dacon_01/agv01_1027_0724/agv01_1027_072552.json,agv01,2024-10-27 07:25:52,0,44.0,24.0,21.0,23.1,2.16,74.92,49.99,19.96,55.68,36.7575,74.92,32.20050970093486,0.0009296499071194,32.58,29.666666666666668,8.956050114745713,0.015781910627759105,0.7548895117495422,10.0,10.016915321350098,8.514378023147582,Normal,Degradation Risk
/content/dacon_01/agv01_1027_0724/agv01_1027_072553.json,agv01,2024-10-27 07:25:53,0,45.0,24.0,19.0,23.08,1.76,74.97,50.06,19.9,55.84,36.6725,74.97,32.38375660214032,0.0010234390379787,32.760000000000005,29.33333333333333,8.787511144983391,0.01604444588686848,0.8665105382366725,10.0,10.117026329040527,8.599472379684448,Normal,Degradation Risk
/content/dacon_01/agv01_1027_0724/agv01_1027_072554.json,agv01,2024-10-27 07:25:54,0,45.0,24.0,20.0,23.0,1.88,75.04,49.95,19.99,55.97,36.715,75.04,32.33766483014299,0.0008998333079129,32.97,29.666666666666668,8.99575075127639,0.015957369086758537,0.8294884565381638,10.0,9.842462539672852,8.366093158721924,Normal,Degradation Risk
/content/dacon_01/agv01_1027_0724/agv01_1027_072555.json,agv01,2024-10-27 07:25:55,0,45.0,24.0,20.0,22.95,2.12,74.86,50.02,19.92,56.15,36.73,74.86,32.20222145546277,0.0008599278891383,33.2,29.666666666666668,9.000738549146552,0.0161334558097021,0.9043545177003592,10.0,9.732672691345215,8.272771787643432,Normal,Degradation Risk
/content/dacon_01/agv01_1027_0724/agv01_1027_072556.json,agv01,2024-10-27 07:25:56,0,44.0,24.0,20.0,22.9,1.72,75.01,50.04,19.9,56.36,36.6675,75.01,32.41114970191585,0.0009796508571902,33.46,29.33333333333333,8.840881438488138,0.016073752487420448,0.8789707039590079,10.0,9.705963134765625,8.250068664550781,Normal,Degradation Risk
/content/dacon_01/agv01_1027_0724/agv01_1027_072557.json,agv01,2024-10-27 07:25:57,0,45.0,25.0,20.0,22.9,1.91,75.03,49.97,20.01,56.54,36.73,75.03,32.32222352087389,0.0009644070059474,33.64,30.0,9.308600180282486,0.01607269988064485,0.8785231715049749,10.0,9.478314399719238,8.056567239761351,Normal,Degradation Risk
/content/dacon_01/agv01_1027_0724/agv01_1027_072558.json,agv01,2024-10-27 07:25:58,0,45.0,26.0,18.0,22.9,2.07,74.88,50.04,19.92,56.73,36.72749999999999,74.88,32.23078380989205,0.000798235082148,33.83,29.666666666666668,9.134960034217633,0.01610383775365117,0.891761931736198,10.0,9.598624229431152,8.158830595016479,Normal,Degradation Risk
/content/dacon_01/agv01_1027_0724/agv01_1027_072559.json,agv01,2024-10-27 07:25:59,0,44.0,25.0,20.0,22.9,1.7,75.03,50.02,19.9,56.93,36.6625,75.03,32.42347747646243,0.0008673425357367,34.03,29.666666666666668,9.205669963465109,0.016077108763105256,0.8803976777620046,10.0,9.524500846862793,8.095825719833373,Normal,Degradation Risk
/content/dacon_01/agv01_1027_0724/agv01_1027_072600.json,agv01,2024-10-27 07:26:00,0,45.0,25.0,22.0,22.82,2.18,74.88,50.05,19.98,57.12,36.7725,74.88,32.18230712156396,0.0011507356762938,34.3,30.666666666666668,9.83034822284026,0.015948348402514308,0.8256531696575636,10.0,9.63741683959961,8.355795989414222,Normal,Sensor Risk
/content/dacon_01/agv01_1027_0724/agv01_1027_072601.json,agv01,2024-10-27 07:26:01,0,45.0,25.0,21.0,22.8,1.83,74.94,50.06,19.9,57.26,36.6825,74.94,32.346781782221655,0.0011799710770492,34.459999999999994,30.33333333333333,9.656477017116208,0.016052985443103088,0.8701412659182999,10.0,9.538361549377441,8.208005464548776,Normal,Sensor Risk
/content/dacon_01/agv01_1027_0724/agv01_1027_072602.json,agv01,2024-10-27 07:26:02,0,45.0,25.0,21.0,22.8,1.83,75.07,49.93,19.98,57.43,36.70249999999999,75.07,32.36646966126107,0.0010640555649551,34.629999999999995,30.33333333333333,9.714492275749404,0.01577068510454606,0.7501168026355512,10.0,9.64960765838623,8.257318434386994,Normal,Sensor Risk
/content/dacon_01/agv01_1027_0724/agv01_1027_072603.json,agv01,2024-10-27 07:26:03,0,44.0,25.0,21.0,22.8,2.13,74.88,50.02,19.96,57.63,36.7475,74.88,32.19957698997509,0.0011218760432408,34.83,30.0,9.542570868548056,0.015833938509471446,0.7770099902802494,10.0,9.830745697021484,8.356133842468262,Normal,Degradation Risk
/content/dacon_01/agv01_1027_0724/agv01_1027_072604.json,agv01,2024-10-27 07:26:04,0,46.0,25.0,20.0,22.8,1.76,75.0,50.08,19.9,57.88,36.685,75.0,32.398338949191,0.0011555566599963,35.08,30.33333333333333,9.831806577780863,0.01594530893511136,0.8243608919168826,10.0,9.792826652526855,8.357035591113734,Normal,Sensor Risk
/content/dacon_01/agv01_1027_0724/agv01_1027_072605.json,agv01,2024-10-27 07:26:05,0,46.0,25.0,21.0,22.8,1.87,75.14,49.95,19.99,58.05,36.7375,75.14,32.380773487776146,0.0010003428530328,35.25,30.666666666666668,10.098633147869272,0.015602996419288325,0.6788213003009578,10.0,9.639480590820312,8.58383817568888,Normal,Sensor Risk
/content/dacon_01/agv01_1027_0724/agv01_1027_072606.json,agv01,2024-10-27 07:26:06,0,46.0,25.0,20.0,22.8,2.13,74.86,50.03,19.96,58.25,36.745,74.86,32.193057740243724,0.0008223463920401,35.45,30.33333333333333,9.914514466950074,0.015709427948306032,0.7240723517591618,10.0,9.724143028259277,8.427337296907563,Normal,Sensor Risk
/content/dacon_01/agv01_1027_0724/agv01_1027_072607.json,agv01,2024-10-27 07:26:07,0,46.0,25.0,22.0,22.8,1.73,75.01,50.03,19.91,58.36,36.67,75.01,32.40445648363818,0.0009068540711745,35.56,31.0,10.377473522280013,0.015690510254186937,0.7160291942666922,10.0,9.591536521911621,8.82085249393801,Normal,Sensor Risk
/content/dacon_01/agv01_1027_0724/agv01_1027_072608.json,agv01,2024-10-27 07:26:08,0,46.0,25.0,20.0,22.8,1.89,75.05,49.95,20.0,58.59,36.7225,75.05,32.33630093769745,0.0008944177968111,35.790000000000006,30.33333333333333,10.027585061632204,0.015858781315318725,0.7875723029345602,10.0,9.66874885559082,8.523447302387373,Normal,Sensor Risk
/content/dacon_01/agv01_1027_0724/agv01_1027_072609.json,agv01,2024-10-27 07:26:09,0,46.0,25.0,21.0,22.8,2.07,74.88,50.05,19.92,58.63,36.73,74.88,32.23216095765221,0.0008272554843012,35.83,30.666666666666668,10.228889355455022,0.015723861314789714,0.730208926282671,10.0,9.941815376281738,8.694555952136769,Normal,Sensor Risk
/content/dacon_01/agv01_1027_0724/agv01_1027_072610.json,agv01,2024-10-27 07:26:10,0,46.0,24.0,21.0,22.84,1.74,75.04,50.02,19.93,58.82,36.682500000000005,75.04,32.40787597174489,0.0008410682402536,35.980000000000004,30.33333333333333,10.109311785632437,0.015821612169323044,0.7717692513986921,10.0,9.885375022888184,8.592915017787572,Normal,Sensor Risk
/content/dacon_01/agv01_1027_0724/agv01_1027_072611.json,agv01,2024-10-27 07:26:11,0,46.0,25.0,21.0,23.0,1.96,74.97,49.97,20.0,59.09,36.725,74.97,32.28230113648447,0.0008011135811825,36.09,30.666666666666668,10.466023492802256,0.01588564345944409,0.798993169263487,10.0,9.676661491394043,8.896119968881917,Normal,Sensor Risk
/content/dacon_01/agv01_1027_0724/agv01_1027_072612.json,agv01,2024-10-27 07:26:12,0,46.0,27.0,21.0,23.0,1.99,74.91,50.07,19.9,59.26,36.7175,74.91,32.27890887767635,0.000685690061007,36.26,31.33333333333333,10.92162995475289,0.01596063670294277,0.8308777353492743,10.0,9.801878929138184,9.283385461539956,Normal,Sensor Risk
/content/dacon_01/agv01_1027_0724/agv01_1027_072613.json,agv01,2024-10-27 07:26:13,0,47.0,26.0,22.0,23.0,1.78,75.12,49.96,19.95,59.45,36.7025,75.12,32.41343792832432,0.0004847048420831,36.45,31.666666666666668,11.200345673121136,0.016257990264065308,0.957302314793187,10.0,9.91688346862793,9.520293822152965,Normal,Sensor Risk
/content/dacon_01/agv01_1027_0724/agv01_1027_072614.json,agv01,2024-10-27 07:26:14,0,46.0,26.0,20.0,22.92,2.1,74.98,49.98,19.98,59.64,36.76,74.98,32.24086847465496,0.0007146071692064,36.72,30.666666666666668,10.575311823577392,0.015995945029144015,0.8458896298563029,10.0,10.000842094421387,8.989015050040782,Normal,Sensor Risk
/content/dacon_01/agv01_1027_0724/agv01_1027_072615.json,agv01,2024-10-27 07:26:15,0,47.0,26.0,21.0,22.91,1.96,74.93,50.07,19.9,59.74,36.715,74.93,32.297556667132994,0.0007015617853875,36.83,31.33333333333333,11.009012435198247,0.016264197665923383,0.9599414900779356,10.0,9.904948234558105,9.35766056991851,Normal,Sensor Risk
/content/dacon_01/agv01_1027_0724/agv01_1027_072616.json,agv01,2024-10-27 07:26:16,0,46.0,26.0,21.0,23.0,1.8,75.13,49.95,19.97,59.89,36.7125,75.13,32.40539911290504,0.0005436376854856,36.89,31.0,10.90585567710206,0.0160182032409234,0.8553530613778877,10.0,9.719244956970215,9.26997732553675,Normal,Sensor Risk
/content/dacon_01/agv01_1027_0724/agv01_1027_072617.json,agv01,2024-10-27 07:26:17,0,47.0,25.0,22.0,23.15,2.14,74.86,50.0,19.98,60.0,36.745,74.86,32.18187636957588,0.000601844191346,36.85,31.33333333333333,11.194890561094551,0.01592243004428266,0.8146335688599712,10.0,9.643098831176758,9.515656976930368,Normal,Sensor Risk
/content/dacon_01/agv01_1027_0724/agv01_1027_072618.json,agv01,2024-10-27 07:26:18,0,47.0,25.0,22.0,23.4,1.86,74.94,50.06,19.9,60.16,36.69,74.94,32.33600882401331,0.0007213613916138,36.76,31.33333333333333,11.376539518970754,0.01607995317986092,0.8816070266285203,10.0,9.804991722106934,9.67005859112514,Normal,Sensor Risk
/content/dacon_01/agv01_1027_0724/agv01_1027_072619.json,agv01,2024-10-27 07:26:19,0,48.0,26.0,22.0,23.67,1.8,75.12,49.95,19.97,60.33,36.71,75.12,32.40144749853006,0.0006974906657696,36.66,32.0,11.995972886528895,0.016316307610145957,0.9820968587855252,10.0,9.913196563720703,10.19657695354956,Normal,Sensor Risk
/content/dacon_01/agv01_1027_0724/agv01_1027_072620.json,agv01,2024-10-27 07:26:20,0,48.0,26.0,22.0,23.8,2.14,74.88,50.05,19.97,60.45,36.76,74.88,32.19837987642649,0.0006974906657696,36.650000000000006,32.0,12.071384743266552,0.016125755032419108,0.9010804101843166,10.0,9.84441089630127,10.26067703177657,Normal,Sensor Risk
/content/dacon_01/agv01_1027_0724/agv01_1027_072621.json,agv01,2024-10-27 07:26:21,0,47.0,26.0,22.0,24.0,1.79,74.99,50.08,19.9,60.67,36.69,74.99,32.383618286617285,0.0007851151679815,36.67,31.666666666666668,12.038054436417493,0.01599188482519532,0.8441633697949388,10.0,9.95449161529541,10.232346270954869,Normal,Sensor Risk
/content/dacon_01/agv01_1027_0724/agv01_1027_072622.json,agv01,2024-10-27 07:26:22,0,49.0,26.0,22.0,24.11,1.83,75.1,49.95,19.98,60.78,36.715,75.1,32.38104846974538,0.0007830369446716,36.67,32.333333333333336,12.552261256257681,0.016206623545029473,0.9354629400535555,10.0,10.243260383605957,10.66942206781903,Normal,Sensor Risk
/content/dacon_01/agv01_1027_0724/agv01_1027_072623.json,agv01,2024-10-27 07:26:23,0,48.0,26.0,22.0,24.5,2.16,74.84,50.07,19.93,61.05,36.75,74.84,32.18514667772491,0.0008097934369016,36.55,32.0,12.5920967065587,0.016484517583665908,1.053613995087007,10.0,10.542872428894043,10.703282200574893,Normal,Sensor Risk
/content/dacon_01/agv01_1027_0724/agv01_1027_072624.json,agv01,2024-10-27 07:26:24,0,48.0,28.0,22.0,24.94,1.77,75.01,50.01,19.9,61.24,36.6725,75.01,32.38906232562674,0.0009193376044765,36.3,32.666666666666664,13.30498644648127,0.016244761294793946,0.9516778088337002,10.0,10.365131378173828,11.309238479509078,Normal,Sensor Risk
/content/dacon_01/agv01_1027_0724/agv01_1027_072625.json,agv01,2024-10-27 07:26:25,0,48.0,27.0,22.0,25.3,1.94,75.04,49.95,19.99,61.33,36.73,75.04,32.316127036924875,0.000925953119867,36.03,32.333333333333336,13.309041210593973,0.016162842641656,0.9168487950748612,10.0,10.554980278015137,11.312685029004877,Normal,Sensor Risk
/content/dacon_01/agv01_1027_0724/agv01_1027_072626.json,agv01,2024-10-27 07:26:26,0,50.0,27.0,24.0,26.3,2.0,74.86,50.09,19.91,61.57,36.715,74.86,32.25663187625143,0.0007539059413667,35.27,33.666666666666664,14.700608014996655,0.015957635858805448,0.8296018789021362,10.0,10.333016395568848,12.495516812747157,Normal,Sensor Risk
/content/dacon_01/agv01_1027_0724/agv01_1027_072627.json,agv01,2024-10-27 07:26:27,0,49.0,27.0,22.0,26.37,1.72,75.02,49.95,19.9,61.68,36.6475,75.02,32.4027482116358,0.0010347434419571,35.31,32.666666666666664,14.161440902105749,0.01631262695667585,0.9805319706258528,10.0,10.576350212097168,12.037224766789887,Normal,Sensor Risk
/content/dacon_01/agv01_1027_0724/agv01_1027_072628.json,agv01,2024-10-27 07:26:28,0,49.0,27.0,22.0,26.6,1.96,74.98,49.99,20.0,61.88,36.7325,74.98,32.288986125302856,0.0010771966461582,35.28,32.666666666666664,14.330690754660859,0.016309136868233362,0.9790481042080508,10.0,10.322647094726562,12.18108714146173,Normal,Sensor Risk
/content/dacon_01/agv01_1027_0724/agv01_1027_072629.json,agv01,2024-10-27 07:26:29,0,49.0,27.0,24.0,26.45,1.98,74.91,50.11,19.9,62.07,36.725,74.91,32.28801686900782,0.000962057480162,35.620000000000005,33.333333333333336,14.713825856906894,0.016186328131535782,0.9268340233326866,10.0,10.019608497619629,12.50675197837086,Normal,Sensor Risk
/content/dacon_01/agv01_1027_0724/agv01_1027_072630.json,agv01,2024-10-27 07:26:30,0,49.0,27.0,23.0,26.22,2.09,74.91,50.1,19.9,62.44,36.75,74.91,32.247202462642655,0.0009740927707004,36.22,33.0,14.488905939034245,0.016186308397520725,0.9268256331034088,10.0,10.134539604187012,12.315570048179108,Normal,Sensor Risk
/content/dacon_01/agv01_1027_0724/agv01_1027_072631.json,agv01,2024-10-27 07:26:31,0,49.0,27.0,22.0,26.0,2.2,74.92,50.1,19.9,62.91,36.78,74.92,32.21176182700971,0.001206265837247,36.91,32.666666666666664,14.300428049463425,0.015912078062717085,0.8102322598226815,10.0,10.113887786865234,12.155363842043911,Normal,Sensor Risk
/content/dacon_01/agv01_1027_0724/agv01_1027_072632.json,agv01,2024-10-27 07:26:32,0,49.0,27.0,23.0,26.0,1.76,75.0,50.09,19.9,63.41,36.6875,75.0,32.39971746275987,0.0012769084176547,37.41,33.0,14.654540986092199,0.016035711481889564,0.8627969675231303,10.0,9.924947738647461,12.456359838178368,Normal,Sensor Risk
/content/dacon_01/agv01_1027_0724/agv01_1027_072633.json,agv01,2024-10-27 07:26:33,0,49.0,26.0,24.0,26.0,1.9,75.09,49.97,19.99,63.8,36.7375,75.09,32.3529672776187,0.0008272623835175,37.8,33.0,14.76426067990411,0.016138721098619743,0.9065931387363776,10.0,9.722264289855957,12.549621577918494,Normal,Sensor Risk
/content/dacon_01/agv01_1027_0724/agv01_1027_072634.json,agv01,2024-10-27 07:26:34,0,50.0,27.0,22.0,25.82,2.12,74.9,50.05,19.91,64.21,36.745000000000005,74.9,32.22387779271762,0.0008323312612937,38.38999999999999,33.0,14.76509025251036,0.016303081899228047,0.9764737381666518,10.0,9.522482872009277,12.550326714633806,Normal,Sensor Risk
/content/dacon_01/agv01_1027_0724/agv01_1027_072635.json,agv01,2024-10-27 07:26:35,0,50.0,28.0,23.0,25.6,1.69,75.04,50.02,19.91,64.47,36.665,75.04,32.42929385601851,0.0011663440198117,38.87,33.666666666666664,15.158576950629808,0.01620827711726016,0.9361659824958775,10.0,9.678114891052246,12.884790408035336,Normal,Sensor Risk
/content/dacon_01/agv01_1027_0724/agv01_1027_072636.json,agv01,2024-10-27 07:26:36,0,50.0,29.0,24.0,25.53,1.97,75.06,50.01,20.0,64.76,36.76,75.06,32.319726690263536,0.0011997099551468,39.23,34.333333333333336,15.62113586254177,0.01633065847874369,0.9881983580252649,10.0,9.601582527160645,13.277965483160504,Normal,Sensor Risk
/content/dacon_01/agv01_1027_0724/agv01_1027_072637.json,agv01,2024-10-27 07:26:37,0,50.0,28.0,23.0,25.5,2.04,74.94,50.16,19.91,64.87,36.7625,74.94,32.283500816980805,0.0011016183760823,39.370000000000005,33.666666666666664,15.205810784693028,0.01655976687138332,1.0856074224305838,10.0,9.4043550491333,12.924939166989073,Normal,Sensor Risk
/content/dacon_01/agv01_1027_0724/agv01_1027_072638.json,agv01,2024-10-27 07:26:38,0,50.0,28.0,22.0,25.3,1.79,75.16,50.03,19.93,65.08,36.7275,75.16,32.438652227448245,0.0009753254847215,39.78,33.333333333333336,14.972746092678044,0.0164379568018264,1.0338179407185384,10.0,9.722136497497559,12.726834178776336,Normal,Sensor Risk
/content/dacon_01/agv01_1027_0724/agv01_1027_072639.json,agv01,2024-10-27 07:26:39,0,51.0,28.0,23.0,25.3,2.04,74.97,50.04,19.98,65.31,36.7575,74.97,32.26664570419429,0.0010137335921893,40.010000000000005,34.0,15.43377262084923,0.016925162269649692,1.240961067371565,10.0,10.01046371459961,13.118706727721845,Normal,Sensor Risk
/content/dacon_01/agv01_1027_0724/agv01_1027_072640.json,agv01,2024-10-27 07:26:40,0,51.0,28.0,23.0,25.3,1.95,75.0,50.15,19.9,65.43,36.75,75.0,32.339784579781394,0.0010215983338656,40.13000000000001,34.0,15.469722650069489,0.01685932559659025,1.2129695623359278,10.0,10.586109161376953,13.149264252559066,Normal,Sensor Risk
/content/dacon_01/agv01_1027_0724/agv01_1027_072641.json,agv01,2024-10-27 07:26:41,0,51.0,28.0,24.0,25.36,1.8,75.14,50.01,19.93,65.55,36.72,75.14,32.424430090082794,0.0004920144163497,40.19,34.333333333333336,15.748632337905157,0.01661306320611673,1.1082672038676609,10.0,11.327609062194824,13.386337487219382,Normal,Sensor Risk
/content/dacon_01/agv01_1027_0724/agv01_1027_072642.json,agv01,2024-10-27 07:26:42,0,51.0,28.0,24.0,25.4,2.01,74.96,50.08,19.97,65.72,36.755,74.96,32.28069030653878,0.0004741393295454,40.32,34.333333333333336,15.797344903714189,0.016773003237529657,1.1762682432071325,10.0,11.644801139831543,13.42774316815706,Normal,Sensor Risk
/content/dacon_01/agv01_1027_0724/agv01_1027_072643.json,agv01,2024-10-27 07:26:43,0,51.0,28.0,24.0,25.84,1.84,75.05,50.19,19.9,65.83,36.745,75.05,32.40449608722015,0.0004172201057229,39.99,34.333333333333336,16.061416081436906,0.016698435136382674,1.1445644331305025,10.0,12.404434204101562,13.65220366922137,Normal,Sensor Risk
/content/dacon_01/agv01_1027_0724/agv01_1027_072644.json,agv01,2024-10-27 07:26:44,0,51.0,29.0,25.0,25.98,1.84,75.25,50.04,19.98,65.9,36.7775,75.25,32.44899626079878,0.0005102680915123,39.92,35.0,16.590380486947616,0.016748123385288156,1.1656901796911474,10.0,12.381129264831543,14.101823413905473,Normal,Sensor Risk
/content/dacon_01/agv01_1027_0724/agv01_1027_072645.json,agv01,2024-10-27 07:26:45,0,52.0,28.0,23.0,26.2,2.12,74.99,50.09,19.96,66.05,36.79,74.99,32.256202504324655,0.0006743503248229,39.85,34.333333333333336,16.303688287836785,0.016970234002928356,1.260124029143579,10.0,11.983976364135742,13.858135044661267,Normal,Sensor Risk
/content/dacon_01/agv01_1027_0724/agv01_1027_072646.json,agv01,2024-10-27 07:26:46,0,52.0,29.0,24.0,26.14,1.76,75.08,50.14,19.9,66.28,36.72,75.08,32.43814626844964,0.0007883260901597,40.14,35.0,16.76307072661912,0.016782587444418802,1.1803431206718225,10.0,12.371994018554688,14.248610117626251,Normal,Sensor Risk
/content/dacon_01/agv01_1027_0724/agv01_1027_072647.json,agv01,2024-10-27 07:26:47,0,52.0,29.0,23.0,26.1,1.9,75.19,50.05,19.97,66.42,36.7775,75.19,32.40684842745434,0.0007050039498635,40.32,34.666666666666664,16.58245453715992,0.0170080113549838,1.2761856691255726,10.0,12.92361831665039,14.09508635658593,Normal,Sensor Risk
/content/dacon_01/agv01_1027_0724/agv01_1027_072648.json,agv01,2024-10-27 07:26:48,0,53.0,29.0,24.0,26.28,2.04,74.95,50.16,19.94,66.54,36.7725,74.95,32.28222563062632,0.0007102848965711,40.260000000000005,35.333333333333336,17.10025139270329,0.017190717399092396,1.3538660395946236,10.0,12.877167701721191,14.535213683797794,Normal,Sensor Risk
/content/dacon_01/agv01_1027_0724/agv01_1027_072649.json,agv01,2024-10-27 07:26:49,0,53.0,29.0,24.0,26.32,1.74,75.18,50.17,19.91,66.65,36.75,75.18,32.487161566789226,0.00069269059894,40.330000000000005,35.333333333333336,17.17372891194389,0.016908005855501906,1.2336667459744668,10.0,12.483712196350098,14.597669575152306,Normal,Sensor Risk
/content/dacon_01/agv01_1027_0724/agv01_1027_072650.json,agv01,2024-10-27 07:26:50,0,53.0,29.0,25.0,26.5,1.92,75.22,50.09,20.0,66.81,36.807500000000005,75.22,32.41180173434773,0.000839810169061,40.31,35.666666666666664,17.524156977597684,0.01663148022400694,1.1160974909259056,10.0,11.86080265045166,14.89553343095803,Normal,Sensor Risk
/content/dacon_01/agv01_1027_0724/agv01_1027_072651.json,agv01,2024-10-27 07:26:51,0,53.0,30.0,25.0,26.5,2.09,75.04,50.22,19.91,66.83,36.815000000000005,75.04,32.31330634068057,0.0009659847026293,40.33,36.0,17.721574447453946,0.016777038875043594,1.1779840584593915,10.0,11.178675651550293,15.063338280335854,Normal,Sensor Risk
/content/dacon_01/agv01_1027_0724/agv01_1027_072652.json,agv01,2024-10-27 07:26:52,0,52.0,30.0,25.0,26.5,1.74,75.2,50.12,19.9,66.9,36.74,75.2,32.489904072906505,0.0008150642161489,40.400000000000006,35.666666666666664,17.546440709343393,0.01673194750040234,1.1588127458507658,10.0,10.525038719177246,14.914474602941883,Normal,Sensor Risk
/content/dacon_01/agv01_1027_0724/agv01_1027_072653.json,agv01,2024-10-27 07:26:53,0,54.0,31.0,24.0,26.56,2.02,75.16,50.12,19.99,67.16,36.8225,75.16,32.35807202229453,0.0009586593884106,40.6,36.333333333333336,18.062925892306012,0.017138853481807617,1.331815273139064,10.0,10.149123191833496,15.35348700846011,Normal,Sensor Risk
/content/dacon_01/agv01_1027_0724/agv01_1027_072654.json,agv01,2024-10-27 07:26:54,1,54.0,31.0,26.0,26.6,1.99,75.08,50.26,19.91,67.32,36.81,75.08,32.37044845740221,0.0009787562502287,40.71999999999999,37.0,18.53612090844023,0.017160512903073397,1.3410241193832033,40.0,9.72713565826416,15.755702772174194,Normal,Sensor Risk
/content/dacon_01/agv01_1027_0724/agv01_1027_072655.json,agv01,2024-10-27 07:26:55,1,53.0,30.0,25.0,27.04,1.77,75.3,50.15,19.92,67.48,36.785,75.3,32.51926044669528,0.0008283966465861,40.440000000000005,36.0,18.200676627411045,0.016945742157945663,1.249710933063433,40.0,9.989693641662598,15.470575133299388,Normal,Sensor Risk
/content/dacon_01/agv01_1027_0724/agv01_1027_072656.json,agv01,2024-10-27 07:26:56,1,54.0,30.0,26.0,27.17,2.07,75.14,50.16,20.0,67.65,36.8425,75.14,32.33600096383802,0.0009740342820501,40.48,36.66666666666666,18.71642018291998,0.017228433973914138,1.3699018391724151,40.0,10.851348876953125,15.908957155481982,Normal,Sensor Risk
/content/dacon_01/agv01_1027_0724/agv01_1027_072657.json,agv01,2024-10-27 07:26:57,1,54.0,31.0,26.0,27.4,1.82,75.13,50.29,19.9,67.7,36.785,75.13,32.45704083862236,0.0009741666326564,40.3,37.0,19.05540982984433,0.01725344891557346,1.380537338095498,40.0,12.336865425109863,16.19709835536768,Normal,Sensor Risk
/content/dacon_01/agv01_1027_0724/agv01_1027_072658.json,agv01,2024-10-27 07:26:58,1,55.0,31.0,26.0,27.53,1.81,75.31,50.16,19.92,67.9,36.8,75.31,32.510225058177205,0.0006105333170092,40.370000000000005,37.333333333333336,19.398353913632643,0.01741159865105949,1.4477772047461896,40.0,14.90764045715332,16.488600826587746,Normal,Sensor Risk
/content/dacon_01/agv01_1027_0724/agv01_1027_072659.json,agv01,2024-10-27 07:26:59,1,56.0,31.0,26.0,27.7,2.02,75.08,50.24,19.97,67.96,36.8275,75.08,32.34649014962829,0.0006308343949382,40.25999999999999,37.66666666666666,19.687477536993885,0.01752821589515689,1.4973588744099542,40.0,17.565397262573242,16.7343559064448,Normal,Sensor Risk
/content/dacon_01/agv01_1027_0724/agv01_1027_072700.json,agv01,2024-10-27 07:27:00,1,55.0,31.0,26.0,27.62,1.83,75.21,50.29,19.9,68.18,36.8075,75.21,32.48496511208429,0.0006304757953958,40.56,37.333333333333336,19.511350897526288,0.017660087358156107,1.5534261170129753,40.0,19.82114028930664,16.847969245910644,Normal,Degradation Risk
/content/dacon_01/agv01_1027_0724/agv01_1027_072701.json,agv01,2024-10-27 07:27:01,1,55.0,30.0,27.0,27.62,1.86,75.4,50.2,19.99,68.34,36.8625,75.4,32.521193474409884,0.0007820370057051,40.72,37.333333333333336,19.576238530342284,0.01759179748583082,1.5243915954272553,40.0,22.0142879486084,18.712144756317137,Normal,Degradation Risk
/content/dacon_01/agv01_1027_0724/agv01_1027_072702.json,agv01,2024-10-27 07:27:02,1,56.0,30.0,26.0,27.8,2.11,75.12,50.3,19.95,68.41,36.87,75.12,32.34177587373128,0.0009381474946265,40.61,37.333333333333336,19.661691684999646,0.01773129912603732,1.5837029288051492,40.0,23.709489822387695,20.15306634902954,Normal,Degradation Risk
/content/dacon_01/agv01_1027_0724/agv01_1027_072703.json,agv01,2024-10-27 07:27:03,1,55.0,31.0,25.0,27.87,1.76,75.23,50.32,19.9,68.63,36.8025,75.23,32.522130285904296,0.0008420351404872,40.75999999999999,37.0,19.55921673940852,0.017683580579116794,1.5634146322623814,40.0,26.423128128051758,22.459658908843995,Normal,Degradation Risk
/content/dacon_01/agv01_1027_0724/agv01_1027_072704.json,agv01,2024-10-27 07:27:04,1,56.0,32.0,27.0,28.0,1.92,75.35,50.22,19.96,68.91,36.8625,75.35,32.48786068159408,0.0008163368267342,40.91,38.333333333333336,20.547548858250476,0.01783264219637378,1.6267905414050272,40.0,31.121578216552734,26.453341484069824,Normal,Degradation Risk
/content/dacon_01/agv01_1027_0724/agv01_1027_072705.json,agv01,2024-10-27 07:27:05,1,56.0,32.0,27.0,28.16,2.07,75.14,50.38,19.93,69.09,36.88,75.14,32.3785741913795,0.0009112766615997,40.93000000000001,38.333333333333336,20.659049674164,0.01782773085337639,1.6247024060869035,40.0,36.77583694458008,31.259461402893066,Normal,Degradation Risk
/content/dacon_01/agv01_1027_0724/agv01_1027_072706.json,agv01,2024-10-27 07:27:06,1,56.0,31.0,27.0,28.2,1.7,75.26,50.36,19.9,69.28,36.805,75.26,32.56104574487742,0.0009277244123198,41.08,38.0,20.53549012177966,0.017843938414043102,1.631593307387582,40.0,39.93465042114258,33.94445285797119,Normal,Degradation Risk
/content/dacon_01/agv01_1027_0724/agv01_1027_072707.json,agv01,2024-10-27 07:27:07,1,57.0,32.0,28.0,28.3,2.04,75.22,50.28,19.97,69.39,36.8775,75.22,32.40004771087022,0.0009779020651659,41.09,39.0,21.23853586341163,0.017808316262148405,1.6164479849129727,40.0,42.325408935546875,35.97659759521484,Normal,Degradation Risk
/content/dacon_01/agv01_1027_0724/agv01_1027_072708.json,agv01,2024-10-27 07:27:08,1,57.0,32.0,26.0,28.37,1.91,75.28,50.42,19.9,69.61,36.8775,75.28,32.50186084416296,0.0010041089669757,41.24,38.333333333333336,20.924344270657045,0.01774776693864161,1.590704480341977,40.0,43.67742919921875,37.125814819335936,Normal,Degradation Risk
/content/dacon_01/agv01_1027_0724/agv01_1027_072709.json,agv01,2024-10-27 07:27:09,1,57.0,32.0,27.0,28.5,1.79,75.44,50.27,19.98,69.82,36.87,75.44,32.5734216808735,0.0007785076993194,41.31999999999999,38.66666666666666,21.269864423211626,0.01797803326315744,1.6886058578372098,40.0,43.93324661254883,37.3432596206665,Normal,Degradation Risk
/content/dacon_01/agv01_1027_0724/agv01_1027_072710.json,agv01,2024-10-27 07:27:10,1,57.0,31.0,26.0,28.81,2.1,75.23,50.36,19.98,70.02,36.9175,75.23,32.3917977014758,0.0009916479989171,41.21,38.0,21.048696448651977,0.01822914423509505,1.795369667562972,40.0,43.74168395996094,37.1804313659668,Normal,Degradation Risk
/content/dacon_01/agv01_1027_0724/agv01_1027_072711.json,agv01,2024-10-27 07:27:11,1,58.0,33.0,27.0,29.0,1.82,75.35,50.46,19.9,70.24,36.8825,75.35,32.56727025199789,0.0009952616876238,41.24,39.333333333333336,22.051782410521824,0.018202253554624525,1.7839366685546105,40.0,43.141273498535156,36.67008247375488,Normal,Degradation Risk
/content/dacon_01/agv01_1027_0724/agv01_1027_072712.json,agv01,2024-10-27 07:27:12,1,58.0,33.0,27.0,29.18,1.86,75.5,50.34,19.94,70.28,36.91,75.5,32.58852763371388,0.0005313259108541,41.1,39.333333333333336,22.163908759635692,0.018473520908245254,1.8992702834233797,40.0,43.304443359375,36.80877685546875,Normal,Degradation Risk
/content/dacon_01/agv01_1027_0724/agv01_1027_072713.json,agv01,2024-10-27 07:27:13,1,58.0,33.0,29.0,29.2,2.03,75.24,50.46,19.96,70.56,36.9225,75.24,32.43818570245054,0.0006130648689284,41.36,40.0,22.642424339511983,0.018863344699793835,2.065010046948362,40.0,43.24717712402344,36.76010055541992,Normal,Degradation Risk
/content/dacon_01/agv01_1027_0724/agv01_1027_072714.json,agv01,2024-10-27 07:27:14,1,58.0,33.0,27.0,29.2,1.8,75.46,50.48,19.9,70.75,36.91,75.46,32.620543629232586,0.0005674852088342,41.55,39.333333333333336,22.299225795802336,0.01872001366699713,2.0040705866164314,40.0,42.77231216430664,36.356465339660645,Normal,Degradation Risk
/content/dacon_01/agv01_1027_0724/agv01_1027_072715.json,agv01,2024-10-27 07:27:15,1,59.0,33.0,28.0,29.2,1.9,75.53,50.39,20.0,70.83,36.955,75.53,32.582484558424945,0.0006363598667773,41.63,40.0,22.745732987870582,0.018810728595531293,2.0426394762773503,40.0,41.95609664916992,35.662682151794435,Normal,Degradation Risk
/content/dacon_01/agv01_1027_0724/agv01_1027_072716.json,agv01,2024-10-27 07:27:16,1,60.0,34.0,28.0,29.2,2.06,75.3,50.54,19.92,70.88,36.955,75.3,32.46918282515489,0.000768434475636,41.67999999999999,40.66666666666666,23.154749155016017,0.018863559457810642,2.065101354723035,40.0,41.48323059082031,35.260746002197266,Normal,Degradation Risk
/content/dacon_01/agv01_1027_0724/agv01_1027_072717.json,agv01,2024-10-27 07:27:17,1,59.0,34.0,28.0,29.12,1.73,75.51,50.46,19.92,71.01,36.905,75.51,32.65912276837822,0.000623083869607,41.89,40.333333333333336,22.960091315323655,0.01897628834848042,2.11302982929823,40.0,40.96073913574219,34.81662826538086,Normal,Degradation Risk
/content/dacon_01/agv01_1027_0724/agv01_1027_072718.json,agv01,2024-10-27 07:27:18,1,59.0,33.0,28.0,29.11,1.98,75.5,50.46,20.0,71.23,36.985,75.5,32.551605695162465,0.0008472124166124,42.120000000000005,40.0,22.808817519981815,0.019314996963685407,2.257037165446037,40.0,40.993431091308594,34.8444164276123,Normal,Degradation Risk
/content/dacon_01/agv01_1027_0724/agv01_1027_072719.json,agv01,2024-10-27 07:27:19,1,60.0,34.0,30.0,29.2,2.07,75.42,50.64,19.9,71.46,37.0075,75.42,32.53029703215143,0.0010929085040659,42.25999999999999,41.333333333333336,23.746500207487394,0.019809882860432542,2.4674457481877017,40.0,41.06155014038086,34.90231761932373,Normal,Degradation Risk
/content/dacon_01/agv01_1027_0724/agv01_1027_072720.json,agv01,2024-10-27 07:27:20,1,60.0,34.0,30.0,29.46,1.78,75.6,50.52,19.91,71.69,36.9525,75.6,32.68668370554998,0.0009382327320216,42.23,41.333333333333336,23.958801323484234,0.019882493476750952,2.4983173025641277,40.0,40.86094665527344,34.73180465698242,Normal,Degradation Risk
/content/dacon_01/agv01_1027_0724/agv01_1027_072721.json,agv01,2024-10-27 07:27:21,1,60.0,34.0,30.0,29.9,1.91,75.52,50.55,20.0,71.9,36.995,75.52,32.59703923160302,0.0010082468771377,42.00000000000001,41.333333333333336,24.234858944634244,0.020134968575977373,2.605661092627589,40.0,40.84878158569336,34.72146434783935,Normal,Degradation Risk
/content/dacon_01/agv01_1027_0724/agv01_1027_072722.json,agv01,2024-10-27 07:27:22,1,61.0,35.0,29.0,30.17,1.93,75.5,50.64,19.9,72.1,36.9925,75.5,32.611931737734686,0.0010293943592974,41.92999999999999,41.66666666666666,24.634683491719066,0.02046011720287287,2.743903184825332,40.0,40.976837158203125,34.83031158447265,Normal,Degradation Risk
/content/dacon_01/agv01_1027_0724/agv01_1027_072723.json,agv01,2024-10-27 07:27:23,1,61.0,34.0,29.0,30.3,1.74,75.71,50.55,19.95,72.19,36.9875,75.71,32.74159472292087,0.000499753808301,41.89,41.333333333333336,24.531654692750706,0.021017412976142836,2.980846315741766,40.0,40.87864685058594,34.746849822998044,Normal,Degradation Risk
/content/dacon_01/agv01_1027_0724/agv01_1027_072724.json,agv01,2024-10-27 07:27:24,1,61.0,35.0,28.0,30.5,2.04,75.53,50.6,19.98,72.29,37.0375,75.53,32.564793233388315,0.0007481320724795,41.790000000000006,41.333333333333336,24.646853793702128,0.021162655706407813,3.042598564551958,40.0,40.905235290527344,34.76944999694824,Normal,Degradation Risk
/content/dacon_01/agv01_1027_0724/agv01_1027_072725.json,agv01,2024-10-27 07:27:25,1,61.0,35.0,29.0,30.63,1.87,75.6,50.73,19.9,72.48,37.025,75.6,32.685355028411934,0.0008115977729749,41.85000000000001,41.66666666666666,24.981734732041375,0.02182464302095131,3.3240529635590645,40.0,40.857112884521484,34.72854595184326,Normal,Degradation Risk
/content/dacon_01/agv01_1027_0724/agv01_1027_072726.json,agv01,2024-10-27 07:27:26,1,62.0,35.0,30.0,30.9,1.83,75.75,50.6,19.97,72.67,37.0375,75.75,32.72851292578588,0.0006321842059612,41.77,42.333333333333336,25.60154384207545,0.02175061421865573,3.292578444936775,40.0,40.83543395996094,34.7101188659668,Normal,Degradation Risk
/content/dacon_01/agv01_1027_0724/agv01_1027_072727.json,agv01,2024-10-27 07:27:27,1,63.0,36.0,31.0,31.17,2.16,75.59,50.73,19.94,72.85,37.105,75.59,32.57057004925356,0.0011438469184493,41.67999999999999,43.333333333333336,26.405072339580553,0.022359646101211054,3.551518002712111,40.0,41.02374267578125,34.87018127441406,Normal,Degradation Risk
/content/dacon_01/agv01_1027_0724/agv01_1027_072728.json,agv01,2024-10-27 07:27:28,1,62.0,36.0,30.0,31.3,1.77,75.72,50.79,19.92,73.04,37.05,75.72,32.77332146731545,0.0010328248586879,41.74000000000001,42.66666666666666,26.118642193135774,0.02273234993721499,3.709978945792974,40.0,40.962608337402344,34.81821708679199,Normal,Degradation Risk
/content/dacon_01/agv01_1027_0724/agv01_1027_072729.json,agv01,2024-10-27 07:27:29,1,63.0,36.0,30.0,32.1,1.92,75.89,50.72,19.98,73.16,37.1275,75.89,32.76630522859319,0.0011341057572772,41.06,43.0,26.788598813146855,0.02293328167668166,3.7954082595133483,40.0,40.94881820678711,34.80649547576904,Normal,Degradation Risk
/content/dacon_01/agv01_1027_0724/agv01_1027_072730.json,agv01,2024-10-27 07:27:30,1,63.0,36.0,30.0,32.19,2.04,75.63,50.83,19.94,73.3,37.11,75.63,32.643236154932104,0.0011699853523092,41.11,43.0,26.847436459611476,0.023290746605964825,3.9473901398714206,40.0,40.87807846069336,34.74636669158935,Normal,Degradation Risk
/content/dacon_01/agv01_1027_0724/agv01_1027_072731.json,agv01,2024-10-27 07:27:31,1,62.0,36.0,30.0,32.5,1.78,75.86,50.85,19.92,73.56,37.102500000000006,75.86,32.8331888744707,0.0009747086687892,41.06,42.66666666666666,26.889737584408397,0.02366989855320206,4.108592599643054,40.0,40.74903869628906,34.6366828918457,Normal,Degradation Risk
/content/dacon_01/agv01_1027_0724/agv01_1027_072732.json,agv01,2024-10-27 07:27:32,1,64.0,35.0,30.0,32.56,1.92,75.93,50.81,20.0,73.81,37.165000000000006,75.93,32.791048067015694,0.0010091610516736,41.25,43.0,27.204739159755835,0.024040681375230948,4.266236793185139,40.0,40.80068588256836,34.680583000183105,Normal,Degradation Risk
/content/dacon_01/agv01_1027_0724/agv01_1027_072733.json,agv01,2024-10-27 07:27:33,1,64.0,37.0,32.0,32.6,2.04,75.76,50.96,19.92,73.95,37.17,75.76,32.71611020073546,0.0011977026270551,41.35,44.333333333333336,28.082346078055384,0.0245014280110712,4.462130528058881,40.0,40.87295150756836,34.74200878143311,Normal,Degradation Risk
/content/dacon_01/agv01_1027_0724/agv01_1027_072734.json,agv01,2024-10-27 07:27:34,1,64.0,37.0,31.0,32.91,1.72,75.99,50.9,19.93,74.14,37.135,75.99,32.91109488708431,0.0007484552100864,41.23,44.0,28.102093807219735,0.0245168957010103,4.468706861593065,40.0,40.90719985961914,34.77111988067627,Normal,Degradation Risk
/content/dacon_01/agv01_1027_0724/agv01_1027_072735.json,agv01,2024-10-27 07:27:35,1,64.0,38.0,30.0,33.0,2.0,75.92,50.92,20.0,74.43,37.21,75.92,32.77375169247488,0.0010965490587661,41.43000000000001,44.0,28.22523480975538,0.024945918617393356,4.651112754331567,40.0,41.0082893371582,34.85704593658447,Normal,Degradation Risk
/content/dacon_01/agv01_1027_0724/agv01_1027_072736.json,agv01,2024-10-27 07:27:36,1,64.0,37.0,30.0,33.0,2.08,75.88,51.1,19.91,74.54,37.2425,75.88,32.77043217597229,0.0013536330956747,41.540000000000006,43.66666666666666,28.046423208153634,0.024975260109820135,4.6635877548875,40.0,41.0924072265625,34.92854614257812,Normal,Degradation Risk
/content/dacon_01/agv01_1027_0724/agv01_1027_072737.json,agv01,2024-10-27 07:27:37,1,65.0,36.0,33.0,33.4,1.9,76.21,50.96,20.0,74.53,37.2675,76.21,32.92936619999439,0.0013599589622666,41.13,44.66666666666666,28.907095283730936,0.02504799444534972,4.6945119104474555,40.0,40.98006057739258,34.83305149078369,Normal,Degradation Risk
/content/dacon_01/agv01_1027_0724/agv01_1027_072738.json,agv01,2024-10-27 07:27:38,1,66.0,37.0,32.0,33.4,2.02,75.87,51.03,19.97,74.58,37.2225,75.87,32.767570731848075,0.0013010709672324,41.18,45.0,29.094172961783375,0.025214791584406628,4.765428357784125,40.0,41.09081268310547,34.92719078063965,Normal,Degradation Risk
/content/dacon_01/agv01_1027_0724/agv01_1027_072739.json,agv01,2024-10-27 07:27:39,1,65.0,37.0,33.0,34.53,1.82,76.06,51.16,19.9,74.79,37.235,76.06,32.94445173318263,0.0012200268351466,40.260000000000005,45.0,29.749260897042905,0.02543300047693986,4.858203326966577,40.0,41.08073425292969,34.91862411499023,Normal,Degradation Risk
/content/dacon_01/agv01_1027_0724/agv01_1027_072740.json,agv01,2024-10-27 07:27:40,1,64.0,39.0,31.0,35.1,1.83,76.22,51.06,20.0,74.85,37.2775,76.22,32.972275601379614,0.0006963175126993,39.74999999999999,44.66666666666666,29.85878090776062,0.026062162248585395,5.125701426139147,40.0,40.959197998046875,34.81531829833984,Normal,Degradation Risk
/content/dacon_01/agv01_1027_0724/agv01_1027_072741.json,agv01,2024-10-27 07:27:41,1,66.0,37.0,32.0,35.9,2.07,76.0,51.2,19.94,75.01,37.3025,76.0,32.829978551114934,0.0008034253593035,39.11000000000001,45.0,30.500591059037003,0.026125109943180885,5.152464636191706,40.0,41.05712127685547,34.898553085327144,Normal,Degradation Risk
/content/dacon_01/agv01_1027_0724/agv01_1027_072742.json,agv01,2024-10-27 07:27:42,1,65.0,38.0,33.0,36.05,1.71,76.22,51.22,19.94,75.18,37.2725,76.22,33.04818439289315,0.0007874722142722,39.13000000000001,45.333333333333336,30.85426016672697,0.02625500882668515,5.2076932053578675,40.0,41.02143096923828,34.868216323852536,Normal,Degradation Risk
/content/dacon_01/agv01_1027_0724/agv01_1027_072743.json,agv01,2024-10-27 07:27:43,1,66.0,38.0,31.0,36.3,1.94,76.25,51.17,20.0,75.36,37.34,76.25,32.96003944172398,0.0011601206337998,39.06,45.0,30.831416459486004,0.026797747923616264,5.438447334611456,40.0,40.983154296875,34.835681152343746,Normal,Degradation Risk
/content/dacon_01/agv01_1027_0724/agv01_1027_072744.json,agv01,2024-10-27 07:27:44,1,66.0,37.0,32.0,36.8,2.04,76.1,51.36,19.92,75.59,37.355,76.1,32.90614684219348,0.0012031102854847,38.790000000000006,45.0,31.136330977527162,0.027217916855031544,5.617088815308857,40.0,40.9664192199707,34.821456336975096,Normal,Degradation Risk
/content/dacon_01/agv01_1027_0724/agv01_1027_072745.json,agv01,2024-10-27 07:27:45,1,67.0,38.0,33.0,37.2,1.73,76.37,51.29,19.9,75.73,37.322500000000005,76.37,33.11680275932446,0.0008956062741213,38.53,46.0,32.02781354299457,0.02699276480792192,5.521361853912083,40.0,40.958473205566406,34.81470222473144,Normal,Degradation Risk
/content/dacon_01/agv01_1027_0724/agv01_1027_072746.json,agv01,2024-10-27 07:27:46,1,67.0,39.0,34.0,37.81,1.91,76.34,51.34,20.0,75.88,37.3975,76.34,33.03002308506611,0.0011604226329886,38.06999999999999,46.66666666666666,32.798954478797214,0.027953653207952386,5.92989878687427,40.0,40.92344284057617,34.784926414489746,Normal,Degradation Risk
/content/dacon_01/agv01_1027_0724/agv01_1027_072747.json,agv01,2024-10-27 07:27:47,1,67.0,39.0,33.0,37.88,2.01,76.31,51.46,19.91,76.0,37.4225,76.31,33.01525846736122,0.001435935013301,38.12,46.333333333333336,32.66003663603089,0.028250442223172613,6.056083340679994,40.0,41.08528518676758,34.92249240875244,Normal,Degradation Risk
/content/dacon_01/agv01_1027_0724/agv01_1027_072748.json,agv01,2024-10-27 07:27:48,1,67.0,40.0,33.0,37.8,1.74,76.53,51.41,19.93,76.09,37.4025,76.53,33.187715975442885,0.001062449040601,38.290000000000006,46.66666666666666,32.869050345432704,0.028446170893862255,6.139300487243295,40.0,41.11823654174805,34.95050106048584,Normal,Degradation Risk
/content/dacon_01/agv01_1027_0724/agv01_1027_072749.json,agv01,2024-10-27 07:27:49,1,68.0,39.0,32.0,37.47,2.04,76.45,51.51,19.99,76.16,37.4975,76.45,33.05245464913814,0.0016067543563032,38.69,46.333333333333336,32.509850273194665,0.028938346131525926,6.348556590312785,40.0,41.086341857910156,34.92339057922363,Normal,Degradation Risk
/content/dacon_01/agv01_1027_0724/agv01_1027_072750.json,agv01,2024-10-27 07:27:50,1,68.0,39.0,32.0,37.2,1.92,76.48,51.68,19.9,76.37,37.495000000000005,76.48,33.14719244018514,0.0017686873078108,39.17,46.333333333333336,32.4339905625102,0.029324222969346718,6.512618243902792,40.0,41.057350158691406,34.89874763488769,Normal,Degradation Risk
/content/dacon_01/agv01_1027_0724/agv01_1027_072751.json,agv01,2024-10-27 07:27:51,1,67.0,39.0,33.0,37.12,1.83,76.73,51.58,19.93,76.56,37.5175,76.73,33.25804100765207,0.0014342889936606,39.440000000000005,46.333333333333336,32.465567194707205,0.029640461358218014,6.647072007180905,40.0,41.05451202392578,34.896335220336915,Normal,Degradation Risk
/content/dacon_01/agv01_1027_0724/agv01_1027_072752.json,agv01,2024-10-27 07:27:52,1,68.0,40.0,32.0,37.07,2.04,76.52,51.67,19.97,76.64,37.55,76.52,33.1061514928369,0.0015161284320389,39.57,46.66666666666666,32.650146174906716,0.030226863292661124,6.8963900838408865,40.0,41.0383186340332,34.882570838928224,Normal,Degradation Risk
/content/dacon_01/agv01_1027_0724/agv01_1027_072753.json,agv01,2024-10-27 07:27:53,1,69.0,40.0,31.0,36.8,1.82,76.7,51.77,19.9,76.82,37.5475,76.7,33.28205860520049,0.0014401005952409,40.02,46.66666666666666,32.57795618827132,0.03093801659007984,7.198748179728169,40.0,41.10018539428711,34.93515758514404,Normal,Degradation Risk
/content/dacon_01/agv01_1027_0724/agv01_1027_072754.json,agv01,2024-10-27 07:27:54,1,69.0,40.0,31.0,36.84,1.86,76.9,51.73,19.98,76.89,37.6175,76.9,33.32645433185675,0.0012186174371948,40.05,46.66666666666666,32.63474606046152,0.030604313144577955,7.0568688708095335,40.0,41.266841888427734,35.076815605163574,Normal,Degradation Risk
/content/dacon_01/agv01_1027_0724/agv01_1027_072755.json,agv01,2024-10-27 07:27:55,1,69.0,41.0,32.0,36.9,2.19,76.72,51.91,19.95,76.88,37.6925,76.72,33.16879494846524,0.0019395727125527,39.98,47.333333333333336,33.071032228382684,0.031374484895837,7.384319597765455,40.0,41.26995849609375,35.079464721679685,Normal,Degradation Risk
/content/dacon_01/agv01_1027_0724/agv01_1027_072756.json,agv01,2024-10-27 07:27:56,1,69.0,40.0,34.0,36.97,1.78,76.91,52.01,19.9,77.01,37.65,76.91,33.412954573538286,0.0018165498268098,40.040000000000006,47.66666666666666,33.368274269668206,0.03184278214899513,7.583423597266097,40.0,41.392093658447266,35.18327960968018,Normal,Degradation Risk
/content/dacon_01/agv01_1027_0724/agv01_1027_072757.json,agv01,2024-10-27 07:27:57,1,69.0,40.0,33.0,37.0,1.91,77.06,51.95,19.99,77.23,37.727500000000006,77.06,33.400784796169084,0.0019589467973113,40.23,47.333333333333336,33.25249298376305,0.032295213834706044,7.7757820993037825,40.0,41.39806365966797,35.188354110717775,Normal,Degradation Risk
/content/dacon_01/agv01_1027_0724/agv01_1027_072758.json,agv01,2024-10-27 07:27:58,1,70.0,40.0,35.0,36.6,2.12,76.93,52.13,19.94,77.39,37.78,76.93,33.30938906674814,0.0021913934700475,40.79,48.333333333333336,33.70614494358874,0.033473373708132394,8.276695442844467,40.0,41.39411163330078,35.18499488830566,Normal,Degradation Risk
/content/dacon_01/agv01_1027_0724/agv01_1027_072759.json,agv01,2024-10-27 07:27:59,1,70.0,40.0,36.0,36.55,1.7,77.13,52.1,19.91,77.49,37.71,77.13,33.5388759501567,0.0015254948311178,40.94,48.66666666666666,33.92735813549532,0.03356214755418898,8.314439050524678,40.0,41.4686393737793,35.2483434677124,Normal,Degradation Risk
/content/dacon_01/agv01_1027_0724/agv01_1027_072800.json,agv01,2024-10-27 07:28:00,1,70.0,41.0,34.0,36.4,1.97,77.25,52.17,20.0,77.59,37.8475,77.25,33.483425128462194,0.0018509958729429,41.190000000000005,48.333333333333336,33.6858531880055,0.034471066750525005,8.70088045284549,40.0,41.473289489746094,35.25229606628418,Normal,Degradation Risk
/content/dacon_01/agv01_1027_0724/agv01_1027_072801.json,agv01,2024-10-27 07:28:01,1,70.0,40.0,34.0,36.46,2.01,77.14,52.35,19.91,77.77,37.8525,77.14,33.46791137293552,0.0021271426240933,41.31,48.0,33.55019564138898,0.034827640788586176,8.85248355668027,40.0,41.49431228637695,35.27016544342041,Normal,Degradation Risk
/content/dacon_01/agv01_1027_0724/agv01_1027_072802.json,agv01,2024-10-27 07:28:02,1,72.0,41.0,34.0,36.5,1.74,77.48,52.34,19.93,77.83,37.8725,77.48,33.692499041576994,0.0018332570057926,41.33,49.0,34.24234027542291,0.03480996210637436,8.844967184738014,40.0,41.555877685546875,35.322496032714845,Normal,Degradation Risk
/content/dacon_01/agv01_1027_0724/agv01_1027_072803.json,agv01,2024-10-27 07:28:03,1,72.0,41.0,33.0,37.02,2.0,77.37,52.41,20.0,77.85,37.945,77.37,33.5541000972062,0.0021347782275071,40.82999999999999,48.66666666666666,34.29920486909951,0.035435793189186084,9.111049188762829,40.0,41.51924514770508,35.291358375549315,Normal,Degradation Risk
/content/dacon_01/agv01_1027_0724/agv01_1027_072804.json,agv01,2024-10-27 07:28:04,1,71.0,42.0,34.0,37.14,1.9,77.4,52.59,19.9,78.06,37.947500000000005,77.4,33.6453913386861,0.002293762102664,40.92,49.0,34.631690288593056,0.03640097005462336,9.521409430763148,40.0,41.41518020629883,35.202903175354,Normal,Degradation Risk
/content/dacon_01/agv01_1027_0724/agv01_1027_072805.json,agv01,2024-10-27 07:28:05,1,70.0,41.0,35.0,37.5,1.76,77.73,52.57,19.93,78.27,37.9975,77.73,33.81626962967185,0.0016219862711794,40.77,48.66666666666666,34.68962033446915,0.03675884060615653,9.673563767849757,40.0,41.449153900146484,35.23178081512451,Normal,Degradation Risk
/content/dacon_01/agv01_1027_0724/agv01_1027_072806.json,agv01,2024-10-27 07:28:06,1,70.0,41.0,35.0,37.56,2.06,77.58,52.7,19.98,78.36,38.08,77.58,33.660287184356186,0.0021950853724948,40.8,48.66666666666666,34.73763226564495,0.0369329155072311,9.747574471057796,40.0,41.42973327636719,35.21527328491211,Normal,Degradation Risk
/content/dacon_01/agv01_1027_0724/agv01_1027_072807.json,agv01,2024-10-27 07:28:07,1,72.0,41.0,33.0,37.6,1.92,77.63,52.88,19.9,78.59,38.0825,77.63,33.77030487968189,0.0021807228069622,40.99,48.66666666666666,34.82590707207424,0.03805047153527211,10.22272112918667,40.0,41.33610153198242,35.13568630218506,Normal,Degradation Risk
/content/dacon_01/agv01_1027_0724/agv01_1027_072808.json,agv01,2024-10-27 07:28:08,1,72.0,42.0,35.0,37.8,1.94,77.8,52.77,20.0,78.85,38.1275,77.8,33.79571706099261,0.0020317058924228,41.05,49.66666666666666,35.63971047322461,0.03836956146454098,10.358387270060566,40.0,41.466102600097656,35.24618721008301,Normal,Degradation Risk
/content/dacon_01/agv01_1027_0724/agv01_1027_072809.json,agv01,2024-10-27 07:28:09,1,72.0,42.0,34.0,37.8,2.12,77.75,52.93,19.91,79.01,38.1775,77.75,33.75136478722008,0.0022094054542182,41.21000000000001,49.333333333333336,35.472511210200544,0.03875897092914589,10.523950875918535,40.0,41.47343444824219,35.25241928100586,Normal,Degradation Risk
/content/dacon_01/agv01_1027_0724/agv01_1027_072810.json,agv01,2024-10-27 07:28:10,1,72.0,42.0,33.0,37.8,1.72,77.98,52.99,19.9,79.07,38.1475,77.98,33.99442049807586,0.0016683913966931,41.27,49.0,35.29644701827362,0.03919844735314148,10.710801243102336,40.0,41.597503662109375,35.35787811279297,Normal,Degradation Risk
/content/dacon_01/agv01_1027_0724/agv01_1027_072811.json,agv01,2024-10-27 07:28:11,1,72.0,42.0,33.0,37.76,1.94,78.08,53.06,20.02,79.34,38.275,78.08,33.94363710623834,0.0019023584304382,41.580000000000005,49.0,35.36297716138042,0.03993260971290635,11.022942006530341,40.0,41.62646484375,35.382495117187496,Normal,Degradation Risk
/content/dacon_01/agv01_1027_0724/agv01_1027_072812.json,agv01,2024-10-27 07:28:12,1,71.0,43.0,34.0,37.7,2.04,78.11,53.26,19.91,79.47,38.33,78.11,33.968680673035664,0.0024633264889038,41.77,49.333333333333336,35.586627351185335,0.040591823112448015,11.303217031608996,40.0,41.60784149169922,35.366665267944335,Normal,Degradation Risk
/content/dacon_01/agv01_1027_0724/agv01_1027_072813.json,agv01,2024-10-27 07:28:13,1,73.0,42.0,34.0,37.62,1.75,78.39,53.3,19.91,79.48,38.3375,78.39,34.18721532483549,0.0024427993280435,41.86000000000001,49.66666666666666,35.784506489599345,0.04098851560606702,11.471877132685345,40.0,41.58689880371094,35.348863983154295,Normal,Degradation Risk
/content/dacon_01/agv01_1027_0724/agv01_1027_072814.json,agv01,2024-10-27 07:28:14,1,73.0,43.0,35.0,37.6,1.96,78.33,53.39,19.99,79.63,38.4175,78.33,34.08765893496746,0.0026843147580534,42.03,50.333333333333336,36.229162604891314,0.04147948776265194,11.680621726765859,40.0,41.59005355834961,35.351545524597164,Normal,Degradation Risk
/content/dacon_01/agv01_1027_0724/agv01_1027_072815.json,agv01,2024-10-27 07:28:15,1,73.0,42.0,36.0,37.6,1.94,78.43,53.58,19.9,79.81,38.4625,78.43,34.17796207597327,0.0028955206008721,42.21,50.333333333333336,36.29128217526956,0.04219922610702823,11.986629891436646,40.0,41.61330032348633,35.371305274963376,Normal,Degradation Risk
/content/dacon_01/agv01_1027_0724/agv01_1027_072816.json,agv01,2024-10-27 07:28:16,1,73.0,43.0,36.0,37.57,1.81,78.75,53.57,19.92,79.99,38.5125,78.75,34.344040118580494,0.0023471834996418,42.42,50.66666666666666,36.55826861236425,0.042590595061426074,12.153026605437194,40.0,41.62147521972656,35.37825393676758,Normal,Degradation Risk
/content/dacon_01/agv01_1027_0724/agv01_1027_072817.json,agv01,2024-10-27 07:28:17,1,73.0,43.0,35.0,37.5,2.0,78.6,53.77,19.99,80.26,38.59,78.6,34.234585825837975,0.0026364421732152,42.760000000000005,50.333333333333336,36.376709443521065,0.04325909533335594,12.437250091504833,40.0,41.60492706298828,35.364188003540036,Normal,Degradation Risk
/content/dacon_01/agv01_1027_0724/agv01_1027_072818.json,agv01,2024-10-27 07:28:18,1,74.0,43.0,37.0,37.5,1.83,78.87,53.97,19.9,80.42,38.642500000000005,78.87,34.44621641051452,0.0029148208244122,42.92,51.333333333333336,37.07633015021024,0.04394673153185287,12.729609520049094,40.0,41.63323974609375,35.38825378417969,Normal,Degradation Risk
/content/dacon_01/agv01_1027_0724/agv01_1027_072819.json,agv01,2024-10-27 07:28:19,1,74.0,43.0,36.0,37.5,1.84,79.15,53.97,19.96,80.52,38.73,79.15,34.540888813115394,0.0030392996301261,43.02,51.0,36.92514472083389,0.04432077648410573,12.88864065995933,40.0,41.6599235534668,35.41093502044678,Normal,Degradation Risk
/content/dacon_01/agv01_1027_0724/agv01_1027_072820.json,agv01,2024-10-27 07:28:20,1,74.0,43.0,37.0,37.41,2.07,79.01,54.18,19.97,80.73,38.8075,79.01,34.43375318395213,0.0033741392279661,43.32000000000001,51.333333333333336,37.135192114417144,0.045490368741470576,13.385911345738247,40.0,41.667354583740234,35.417251396179196,Normal,Degradation Risk
/content/dacon_01/agv01_1027_0724/agv01_1027_072821.json,agv01,2024-10-27 07:28:21,1,74.0,43.0,36.0,37.42,1.77,79.32,54.36,19.92,80.86,38.8425,79.32,34.69703193358186,0.0033179893965023,43.44,51.0,36.99793785163612,0.046529867427300343,13.827870687648975,40.0,41.685367584228516,35.43256244659424,Normal,Degradation Risk
/content/dacon_01/agv01_1027_0724/agv01_1027_072822.json,agv01,2024-10-27 07:28:22,1,74.0,43.0,36.0,37.5,1.91,79.54,54.38,20.0,80.87,38.9575,79.54,34.7212560976702,0.0034929995793633,43.370000000000005,51.0,37.066148994657226,0.047022803407708445,14.037450232553722,40.0,43.179931640625,36.70294189453125,Normal,Degradation Risk
/content/dacon_01/agv01_1027_0724/agv01_1027_072823.json,agv01,2024-10-27 07:28:23,1,74.0,43.0,36.0,37.72,2.02,79.41,54.6,19.94,80.88,38.9925,79.41,34.67531242349038,0.0034258173449127,43.16,51.0,37.167778476842265,0.04757454380528053,14.272031407441762,40.0,41.917423248291016,35.62980976104736,Normal,Degradation Risk
/content/dacon_01/agv01_1027_0724/agv01_1027_072824.json,agv01,2024-10-27 07:28:24,1,73.0,43.0,36.0,38.0,1.73,79.78,54.76,19.92,80.9,39.0475,79.78,34.94985109648776,0.0031339534297087,42.900000000000006,50.66666666666666,37.141794387775334,0.04775043120134383,14.346812721621566,40.0,55.376487731933594,47.070014572143556,Caution,Degradation Risk
/content/dacon_01/agv01_1027_0724/agv01_1027_072825.json,agv01,2024-10-27 07:28:25,2,75.0,43.0,36.0,38.36,1.93,79.9,54.82,20.0,81.1,39.1625,79.9,34.91972544279236,0.0033727699608805,42.74,51.333333333333336,37.813093755084786,0.04853997405752713,14.682499380860145,70.0,48.61054611206055,41.31896419525146,Caution,Degradation Risk
/content/dacon_01/agv01_1027_0724/agv01_1027_072826.json,agv01,2024-10-27 07:28:26,2,74.0,44.0,35.0,38.4,2.04,79.89,55.1,19.9,81.24,39.2325,79.89,34.93726508567416,0.0036258697406596,42.84,51.0,37.66596776206882,0.04966098172782755,15.159113559402728,70.0,42.06864547729492,35.75834865570068,Normal,Degradation Risk
/content/dacon_01/agv01_1027_0724/agv01_1027_072827.json,agv01,2024-10-27 07:28:27,2,75.0,44.0,36.0,38.6,1.72,80.28,55.23,19.91,81.35,39.285,80.28,35.220036437611284,0.003416907240828,42.74999999999999,51.66666666666666,38.25169028747199,0.04991870945329288,15.268690586763647,70.0,65.350830078125,55.548205566406246,Caution,Degradation Risk
/content/dacon_01/agv01_1027_0724/agv01_1027_072828.json,agv01,2024-10-27 07:28:28,2,75.0,45.0,37.0,38.56,2.01,80.39,55.35,19.99,81.56,39.435,80.39,35.16313362979282,0.0041282036844006,43.0,52.333333333333336,38.72586864323547,0.050695929536334804,15.599138023690243,70.0,65.39614868164062,55.58672637939453,Caution,Degradation Risk
/content/dacon_01/agv01_1027_0724/agv01_1027_072829.json,agv01,2024-10-27 07:28:29,2,75.0,44.0,38.0,38.5,1.99,80.47,55.68,19.89,81.64,39.50749999999999,80.47,35.26984205143727,0.0043491260480319,43.14,52.333333333333336,38.72797281092209,0.05106853102695887,15.757555453010724,70.0,65.42498016357422,55.611233139038085,Caution,Degradation Risk
/content/dacon_01/agv01_1027_0724/agv01_1027_072830.json,agv01,2024-10-27 07:28:30,2,76.0,44.0,38.0,38.73,1.76,80.85,55.7,19.93,81.74,39.56,80.85,35.49432161158552,0.0040675797632786,43.01,52.66666666666666,39.11603811889134,0.05143963697686126,15.915337029489674,70.0,65.41754913330078,55.60491676330566,Caution,Degradation Risk
/content/dacon_01/agv01_1027_0724/agv01_1027_072831.json,agv01,2024-10-27 07:28:31,2,75.0,44.0,36.0,38.8,2.05,80.82,55.89,19.98,81.83,39.685,80.82,35.399484459522846,0.0043223121479818,43.03,51.66666666666666,38.55196735891918,0.05262656776763138,16.419979467554523,70.0,65.47435760498047,55.6532039642334,Caution,Degradation Risk
/content/dacon_01/agv01_1027_0724/agv01_1027_072832.json,agv01,2024-10-27 07:28:32,2,75.0,45.0,37.0,39.5,1.96,81.05,56.24,19.89,81.98,39.785,81.05,35.59077080742515,0.004502648727572,42.48,52.333333333333336,39.3942547838408,0.053059089905812505,16.60387310990171,70.0,65.4986801147461,55.67387809753418,Caution,Degradation Risk
/content/dacon_01/agv01_1027_0724/agv01_1027_072833.json,agv01,2024-10-27 07:28:33,2,77.0,45.0,37.0,39.67,1.83,81.46,56.29,19.95,82.13,39.88249999999999,81.46,35.79195382112204,0.0043370175544211,42.46,53.0,39.9781216543926,0.05394641884797567,16.98113507346421,70.0,65.56792449951172,55.73273582458496,Caution,Degradation Risk
/content/dacon_01/agv01_1027_0724/agv01_1027_072834.json,agv01,2024-10-27 07:28:34,2,76.0,44.0,37.0,40.0,2.08,81.43,56.57,19.98,82.4,40.015,81.43,35.729239659789386,0.0048721388486485,42.400000000000006,52.333333333333336,39.808754743747514,0.05544027062732059,17.616269834394124,70.0,65.7157211303711,55.85836296081543,Caution,Degradation Risk
/content/dacon_01/agv01_1027_0724/agv01_1027_072835.json,agv01,2024-10-27 07:28:35,2,76.0,43.0,37.0,40.25,1.79,81.7,56.81,19.89,82.6,40.0475,81.7,35.990152704130985,0.0047668483459378,42.35,52.0,39.80908537882923,0.055946938174469184,17.831687572538325,70.0,65.74885559082031,55.88652725219726,Caution,Degradation Risk
/content/dacon_01/agv01_1027_0724/agv01_1027_072836.json,agv01,2024-10-27 07:28:36,2,76.0,44.0,36.0,40.4,1.82,82.08,56.93,19.95,82.82,40.19499999999999,82.08,36.13361362129912,0.004676814157302,42.42,52.0,39.983177938790256,0.056528384584708026,18.078898729539823,70.0,65.84147644042969,55.96525497436523,Caution,Degradation Risk
/content/dacon_01/agv01_1027_0724/agv01_1027_072837.json,agv01,2024-10-27 07:28:37,2,77.0,44.0,37.0,40.4,2.13,82.06,57.24,19.95,83.04,40.345,82.06,36.06440766184854,0.0050860914292228,42.64000000000001,52.66666666666666,40.4635091287587,0.05733241352852834,18.420744378535858,70.0,65.80062866210938,55.93053436279297,Caution,Degradation Risk
/content/dacon_01/agv01_1027_0724/agv01_1027_072838.json,agv01,2024-10-27 07:28:38,2,76.0,44.0,37.0,40.4,1.98,82.31,57.49,19.89,83.13,40.4175,82.31,36.26417642338878,0.005127231741911,42.73,52.333333333333336,40.30545857413558,0.057818611430574894,18.6274591226294,70.0,65.77996063232422,55.91296653747558,Caution,Degradation Risk
/content/dacon_01/agv01_1027_0724/agv01_1027_072839.json,agv01,2024-10-27 07:28:39,2,76.0,45.0,36.0,40.8,1.98,82.47,57.46,19.99,83.18,40.475,82.47,36.30229790706552,0.0048043044254035,42.38000000000001,52.333333333333336,40.536063260783834,0.05815797831452322,18.771746332166725,70.0,65.7747802734375,55.908563232421876,Caution,Degradation Risk
/content/dacon_01/agv01_1027_0724/agv01_1027_072840.json,agv01,2024-10-27 07:28:40,2,76.0,44.0,37.0,41.24,1.99,82.59,57.78,19.89,83.29,40.5625,82.59,36.41402236776377,0.0047078640371131,42.05,52.333333333333336,40.802618068771324,0.05957849086230716,19.375699756401584,70.0,65.79393768310547,55.92484703063965,Caution,Degradation Risk
/content/dacon_01/agv01_1027_0724/agv01_1027_072841.json,agv01,2024-10-27 07:28:41,2,77.0,45.0,36.0,41.8,1.74,83.04,57.94,19.93,83.33,40.6625,83.04,36.69315138187688,0.0040665812968782,41.53,52.66666666666666,41.345753792278764,0.060343663935247135,19.70102521604314,70.0,65.9295425415039,56.04011116027832,Caution,Degradation Risk
/content/dacon_01/agv01_1027_0724/agv01_1027_072842.json,agv01,2024-10-27 07:28:42,2,76.0,46.0,37.0,42.11,2.1,83.14,58.21,19.97,83.46,40.855,83.14,36.63946187741664,0.0045601769826569,41.35,53.0,41.76532411679086,0.06085356191621137,19.917816424325117,70.0,65.97328186035156,56.07728958129883,Caution,Degradation Risk
/content/dacon_01/agv01_1027_0724/agv01_1027_072843.json,agv01,2024-10-27 07:28:43,2,77.0,45.0,36.0,42.17,1.87,83.45,58.61,19.89,83.62,40.955,83.45,36.918358125283234,0.0052458711951015,41.45,52.66666666666666,41.67186125463001,0.061808801530572846,20.32395168652918,70.0,66.06822967529297,56.15799522399902,Caution,Degradation Risk
/content/dacon_01/agv01_1027_0724/agv01_1027_072844.json,agv01,2024-10-27 07:28:44,2,77.0,45.0,38.0,41.9,1.74,83.88,58.73,19.95,83.73,41.075,83.88,37.13702061286016,0.0057626048201566,41.830000000000005,53.333333333333336,42.0302331836905,0.06197764935941309,20.395740017129835,70.0,66.12640380859375,56.20744323730469,Caution,Degradation Risk
/content/dacon_01/agv01_1027_0724/agv01_1027_072845.json,agv01,2024-10-27 07:28:45,2,77.0,46.0,38.0,41.97,2.11,83.93,59.04,19.96,83.91,41.260000000000005,83.93,37.07321494916063,0.0063335994120719,41.94,53.66666666666666,42.3363899563171,0.06241151161182486,20.58020343028244,70.0,66.11238098144531,56.19552383422852,Caution,Degradation Risk
/content/dacon_01/agv01_1027_0724/agv01_1027_072846.json,agv01,2024-10-27 07:28:46,2,77.0,45.0,38.0,42.1,1.81,84.29,59.43,19.89,84.02,41.355,84.29,37.39283844089221,0.0062789345155462,41.92,53.333333333333336,42.26025946326743,0.06352016037936624,21.051563025433456,70.0,66.06769561767578,56.157541275024414,Caution,Degradation Risk
/content/dacon_01/agv01_1027_0724/agv01_1027_072847.json,agv01,2024-10-27 07:28:47,2,77.0,44.0,38.0,42.1,1.86,84.77,59.61,19.97,84.14,41.5525,84.77,37.572704964286686,0.0063603331875046,42.04,53.0,42.134055369127005,0.06462013245103339,21.51923358581145,70.0,66.13496398925781,56.21471939086914,Caution,Degradation Risk
/content/dacon_01/agv01_1027_0724/agv01_1027_072848.json,agv01,2024-10-27 07:28:48,2,77.0,45.0,38.0,42.1,2.17,84.83,60.01,19.93,84.42,41.735,84.83,37.55885115388914,0.0070499293357856,42.32,53.333333333333336,42.43425808484569,0.06546501528063488,21.87844891186478,70.0,66.30924987792969,56.36286239624023,Caution,Degradation Risk
/content/dacon_01/agv01_1027_0724/agv01_1027_072849.json,agv01,2024-10-27 07:28:49,2,78.0,45.0,37.0,42.2,1.72,85.3,60.35,19.89,84.57,41.815,85.3,37.95965445926328,0.0068998450200303,42.36999999999999,53.333333333333336,42.57178578375537,0.06574883864530107,21.999120913837178,70.0,66.35918426513672,56.40530662536621,Caution,Degradation Risk
/content/dacon_01/agv01_1027_0724/agv01_1027_072850.json,agv01,2024-10-27 07:28:50,2,78.0,45.0,39.0,42.2,1.87,85.69,60.59,19.97,84.68,42.03,85.69,38.079471284844985,0.0069927136483342,42.48,54.0,43.05896046686542,0.06601458283920664,22.11210626981322,70.0,66.35618591308594,56.402758026123045,Caution,Degradation Risk
/content/dacon_01/agv01_1027_0724/agv01_1027_072851.json,agv01,2024-10-27 07:28:51,2,78.0,46.0,38.0,42.2,2.11,85.86,61.03,19.92,84.82,42.23,85.86,38.14169809189588,0.0075707498044163,42.61999999999999,54.0,43.12207948478241,0.06713225661367485,22.58730298970185,70.0,66.4771499633789,56.50557746887207,Caution,Degradation Risk
/content/dacon_01/agv01_1027_0724/agv01_1027_072852.json,agv01,2024-10-27 07:28:52,2,77.0,43.0,39.0,42.58,1.7,86.36,61.31,19.9,84.92,42.3175,86.36,38.5261057596015,0.0070900519583952,42.34,53.0,42.76313875807575,0.06762618545103018,22.79730466347409,70.0,66.46389770507812,56.4943130493164,Caution,Degradation Risk
/content/dacon_01/agv01_1027_0724/agv01_1027_072853.json,agv01,2024-10-27 07:28:53,2,78.0,45.0,40.0,42.8,1.91,86.76,61.68,19.99,85.18,42.585,86.76,38.64815347033629,0.0076321506596737,42.38000000000001,54.333333333333336,43.82789029521062,0.06820427274237795,23.043087637838386,70.0,66.42959594726562,56.46515655517578,Caution,Degradation Risk
/content/dacon_01/agv01_1027_0724/agv01_1027_072854.json,agv01,2024-10-27 07:28:54,2,78.0,46.0,38.0,42.71,1.98,86.97,62.13,19.9,85.29,42.745000000000005,86.97,38.79565310701703,0.0081341857242253,42.580000000000005,54.0,43.631301718054374,0.06852632150343065,23.18001177294145,70.0,66.41448974609375,56.45231628417969,Caution,Degradation Risk
/content/dacon_01/agv01_1027_0724/agv01_1027_072855.json,agv01,2024-10-27 07:28:55,2,78.0,45.0,38.0,42.74,1.74,87.58,62.46,19.93,85.38,42.9275,87.58,39.16060722631013,0.0079675236945142,42.63999999999999,53.66666666666666,43.52201199912815,0.06955678795080834,23.61813091551699,70.0,66.50713348388672,56.53106346130371,Caution,Degradation Risk
/content/dacon_01/agv01_1027_0724/agv01_1027_072856.json,agv01,2024-10-27 07:28:56,2,78.0,46.0,37.0,42.9,1.99,87.84,62.9,19.99,85.55,43.18,87.84,39.23343047283358,0.0084957967935404,42.65,53.66666666666666,43.683783644844205,0.06971479064308743,23.68530826441767,70.0,66.59782409667969,56.608150482177734,Caution,Degradation Risk
/content/dacon_01/agv01_1027_0724/agv01_1027_072857.json,agv01,2024-10-27 07:28:57,2,78.0,46.0,38.0,43.07,1.9,88.28,63.43,19.89,85.65,43.375,88.28,39.54062425742247,0.0090686135404702,42.580000000000005,54.0,44.05854062567058,0.07056759987343168,24.047893625377007,70.0,66.73588562011719,56.72550277709961,Caution,Degradation Risk
/content/dacon_01/agv01_1027_0724/agv01_1027_072858.json,agv01,2024-10-27 07:28:58,2,78.0,46.0,38.0,43.2,1.8,88.88,63.72,19.93,85.83,43.5825,88.88,39.84386391486984,0.0088653575520405,42.63,54.0,44.23200880840714,0.07137815866847359,24.392515544115383,70.0,66.88482666015625,56.85210266113281,Caution,Degradation Risk
/content/dacon_01/agv01_1027_0724/agv01_1027_072859.json,agv01,2024-10-27 07:28:59,2,79.0,46.0,37.0,43.2,2.02,89.13,64.2,19.97,85.82,43.83,89.13,39.93495795248402,0.0093769028913058,42.61999999999999,54.0,44.261232160584505,0.07145905656222555,24.42691056584265,70.0,66.91062927246094,56.8740348815918,Caution,Degradation Risk
/content/dacon_01/agv01_1027_0724/agv01_1027_072900.json,agv01,2024-10-27 07:29:00,2,79.0,46.0,37.0,43.2,1.82,89.65,64.75,19.89,85.91,44.0275,89.65,40.310984751884526,0.0094182257492448,42.71,54.0,44.33863398559461,0.07251004869545472,24.873756529081685,70.0,67.02555847167969,56.97172470092773,Caution,Degradation Risk
/content/dacon_01/agv01_1027_0724/agv01_1027_072901.json,agv01,2024-10-27 07:29:01,2,79.0,45.0,38.0,42.9,1.83,90.27,65.12,19.95,85.93,44.2925,90.27,40.59284204142401,0.0095079554161175,43.03000000000001,54.0,44.25368987286073,0.07341041814150881,25.256562869560078,70.0,67.15240478515625,57.07954406738281,Caution,Degradation Risk
/content/dacon_01/agv01_1027_0724/agv01_1027_072902.json,agv01,2024-10-27 07:29:02,2,79.0,46.0,38.0,43.0,2.05,90.47,65.66,19.95,85.94,44.5325,90.47,40.684506776740776,0.0098787830326409,42.94,54.333333333333336,44.54110742735281,0.07396271417397049,25.491380281428018,70.0,67.20989227294922,57.128408432006836,Caution,Degradation Risk
/content/dacon_01/agv01_1027_0724/agv01_1027_072903.json,agv01,2024-10-27 07:29:03,2,79.0,46.0,38.0,43.3,1.79,91.13,66.19,19.88,86.09,44.7475,91.13,41.129294000748416,0.0099255647715385,42.790000000000006,54.333333333333336,44.80294430605566,0.07442058175100222,25.686049938817412,70.0,67.20349884033203,57.12297401428223,Caution,Degradation Risk
/content/dacon_01/agv01_1027_0724/agv01_1027_072904.json,agv01,2024-10-27 07:29:04,2,79.0,46.0,39.0,43.43,1.9,91.78,66.63,19.98,86.23,45.0725,91.78,41.39168465203287,0.0103858474623972,42.8,54.66666666666666,45.18771058647883,0.07544245376387448,26.12051502134468,70.0,67.30374145507812,57.2081802368164,Caution,Degradation Risk
/content/dacon_01/agv01_1027_0724/agv01_1027_072905.json,agv01,2024-10-27 07:29:05,2,79.0,46.0,39.0,43.5,2.03,92.06,67.28,19.91,86.36,45.32,92.06,41.579487731332144,0.0108052040359165,42.86,54.66666666666666,45.29292250339712,0.07632996823996342,26.49785586759636,70.0,67.44731903076172,57.33022117614746,Caution,Degradation Risk
/content/dacon_01/agv01_1027_0724/agv01_1027_072906.json,agv01,2024-10-27 07:29:06,2,79.0,46.0,39.0,43.4,1.7,92.79,67.8,19.89,86.57,45.545,92.79,42.06319887978089,0.010665323157018,43.17,54.66666666666666,45.37052460540236,0.07688048117390434,26.731915166866806,70.0,67.58570098876953,57.4478458404541,Caution,Degradation Risk
/content/dacon_01/agv01_1027_0724/agv01_1027_072907.json,agv01,2024-10-27 07:29:07,2,79.0,46.0,40.0,43.4,1.92,93.39,68.29,19.98,86.76,45.895,93.39,42.27962038618606,0.0112051360548571,43.36000000000001,55.0,45.69833060373763,0.07758204351922783,27.030195517458132,70.0,67.6048355102539,57.46411018371582,Caution,Degradation Risk
/content/dacon_01/agv01_1027_0724/agv01_1027_072908.json,agv01,2024-10-27 07:29:08,2,79.0,46.0,39.0,43.4,2.09,93.81,69.04,19.9,86.96,46.21,93.81,42.52747895968754,0.0117881907171979,43.56,54.66666666666666,45.59470733644272,0.07782422918650095,27.133164592443336,70.0,67.55977630615234,57.42580986022949,Caution,Degradation Risk
/content/dacon_01/agv01_1027_0724/agv01_1027_072909.json,agv01,2024-10-27 07:29:09,2,80.0,44.0,40.0,43.4,1.7,94.28,69.47,19.88,87.09,46.3325,94.28,42.91892152652487,0.0109569143613207,43.690000000000005,54.66666666666666,45.66634435155652,0.07908054950075329,27.66730908621231,70.0,67.59661865234375,57.45712585449218,Caution,Degradation Risk
/content/dacon_01/agv01_1027_0724/agv01_1027_072910.json,agv01,2024-10-27 07:29:10,2,79.0,45.0,39.0,43.7,2.02,94.62,69.7,19.96,87.14,46.575,94.62,42.95964734492126,0.0104901766710264,43.44,54.333333333333336,45.65347211561587,0.07947893935274648,27.836690846103885,70.0,67.6321792602539,57.48735237121582,Caution,Degradation Risk
/content/dacon_01/agv01_1027_0724/agv01_1027_072911.json,agv01,2024-10-27 07:29:11,2,79.0,46.0,40.0,43.7,1.78,95.28,70.41,19.88,87.21,46.8375,95.28,43.43279741930822,0.0100544867759813,43.50999999999999,55.0,46.14974025608622,0.08030778864782176,28.189089260828403,70.0,67.7655029296875,57.600677490234375,Caution,Degradation Risk
/content/dacon_01/agv01_1027_0724/agv01_1027_072912.json,agv01,2024-10-27 07:29:12,2,80.0,46.0,37.0,43.7,1.86,96.1,70.93,19.91,87.3,47.2,96.1,43.79795505119693,0.0100267014370392,43.6,54.333333333333336,45.83967937311368,0.08047640288108358,28.2607782745665,70.0,67.77688598632812,57.61035308837891,Caution,Degradation Risk
/content/dacon_01/agv01_1027_0724/agv01_1027_072913.json,agv01,2024-10-27 07:29:13,2,79.0,46.0,39.0,43.7,2.1,96.55,71.7,19.94,87.23,47.5725,96.55,44.01603902745755,0.0112063545498461,43.53,54.66666666666666,46.08985484131798,0.08097699920187215,28.47361473459727,70.0,67.75883483886719,57.59500961303711,Caution,Degradation Risk
/content/dacon_01/agv01_1027_0724/agv01_1027_072914.json,agv01,2024-10-27 07:29:14,2,80.0,45.0,39.0,43.92,1.78,97.36,72.45,19.88,87.18,47.8675,97.36,44.57639388360914,0.0125637609612383,43.260000000000005,54.66666666666666,46.28855458259014,0.08196054402551853,28.891784405154837,70.0,67.85276794433594,57.674852752685545,Caution,Degradation Risk
/content/dacon_01/agv01_1027_0724/agv01_1027_072915.json,agv01,2024-10-27 07:29:15,2,80.0,46.0,39.0,44.2,1.84,98.14,72.99,19.91,87.33,48.22,98.14,44.9374372507675,0.0131980144129905,43.13,55.0,46.76838586017,0.08254724229388326,29.141228472878367,70.0,67.92191314697266,57.733626174926755,Caution,Degradation Risk
/content/dacon_01/agv01_1027_0724/agv01_1027_072916.json,agv01,2024-10-27 07:29:16,2,79.0,46.0,40.0,44.32,2.01,98.52,73.72,19.94,87.32,48.5475,98.52,45.14802865759109,0.0133446030926182,42.99999999999999,55.0,46.867331563154586,0.0830485506181697,29.354367652481223,70.0,67.9559555053711,57.76256217956543,Caution,Degradation Risk
/content/dacon_01/agv01_1027_0724/agv01_1027_072917.json,agv01,2024-10-27 07:29:17,2,81.0,46.0,38.0,44.4,1.7,99.48,74.46,19.9,87.42,48.885,99.48,45.754741466504505,0.0130219645690639,43.02,55.0,47.02782084141589,0.08409853536340618,29.800785308748484,70.0,68.09468078613281,57.88047866821289,Caution,Degradation Risk
/content/dacon_01/agv01_1027_0724/agv01_1027_072918.json,agv01,2024-10-27 07:29:18,2,80.0,45.0,39.0,44.5,1.94,100.26,75.21,19.97,87.59,49.345,100.26,46.08492197382278,0.0135482032746259,43.09,54.66666666666666,47.00267934950834,0.08478019794019698,30.090604957344908,70.0,68.35162353515625,58.09888000488281,Caution,Degradation Risk
/content/dacon_01/agv01_1027_0724/agv01_1027_072919.json,agv01,2024-10-27 07:29:19,2,80.0,45.0,39.0,44.58,2.16,100.93,76.12,19.88,87.79,49.7725,100.93,46.446357140971415,0.0145422864300807,43.21000000000001,54.66666666666666,47.17903863981011,0.08488624078425358,30.135690753231398,70.0,68.44450378417969,58.17782821655273,Caution,Degradation Risk
/content/dacon_01/agv01_1027_0724/agv01_1027_072920.json,agv01,2024-10-27 07:29:20,2,79.0,47.0,40.0,44.8,1.76,101.93,76.88,19.89,87.96,50.115,101.93,47.09181139009201,0.0148263265297652,43.16,55.333333333333336,47.859302521881936,0.08510802034556043,30.229983848836607,70.0,68.38399505615234,58.126395797729494,Caution,Degradation Risk
/content/dacon_01/agv01_1027_0724/agv01_1027_072921.json,agv01,2024-10-27 07:29:21,2,80.0,47.0,39.0,44.91,1.94,102.79,77.71,19.97,88.08,50.6025,102.79,47.48593010917375,0.0155443561963678,43.17,55.333333333333336,48.044547287761624,0.08583380404885416,30.538562293667603,70.0,68.35566711425781,58.102317047119136,Caution,Degradation Risk
/content/dacon_01/agv01_1027_0724/agv01_1027_072922.json,agv01,2024-10-27 07:29:22,2,80.0,47.0,39.0,45.0,1.98,103.53,78.76,19.87,88.28,51.035,103.53,47.96544207378197,0.0159163522982748,43.28,55.333333333333336,48.224734425505154,0.08674514604658885,30.926033788403483,70.0,68.3183364868164,58.07058601379394,Caution,Degradation Risk
/content/dacon_01/agv01_1027_0724/agv01_1027_072923.json,agv01,2024-10-27 07:29:23,2,80.0,47.0,40.0,45.3,1.76,104.69,79.58,19.9,88.47,51.4825,104.69,48.61511724762165,0.0158846048684105,43.17,55.66666666666666,48.755012700587294,0.08816005006666906,31.527602658192222,70.0,68.48188781738281,58.20960464477539,Caution,Degradation Risk
/content/dacon_01/agv01_1027_0724/agv01_1027_072924.json,agv01,2024-10-27 07:29:24,2,79.0,47.0,38.0,45.3,1.96,105.39,80.45,19.96,88.49,51.940000000000005,105.39,48.95727184664875,0.0161794326298926,43.19,54.66666666666666,48.209735722838964,0.08887021305393329,31.829539708021315,70.0,68.7425765991211,58.43119010925293,Caution,Degradation Risk
/content/dacon_01/agv01_1027_0724/agv01_1027_072925.json,agv01,2024-10-27 07:29:25,2,80.0,47.0,39.0,45.3,1.94,106.28,81.42,19.87,88.67,52.3775,106.28,49.496212902268255,0.0164492454862938,43.370000000000005,55.333333333333336,48.7686480780529,0.08969091646562681,32.178474771317156,70.0,69.01338195800781,58.66137466430664,Caution,Degradation Risk
/content/dacon_01/agv01_1027_0724/agv01_1027_072926.json,agv01,2024-10-27 07:29:26,2,81.0,47.0,39.0,45.24,1.82,107.38,82.25,19.91,88.78,52.84,107.38,50.08986923520563,0.0162002854820535,43.54,55.66666666666666,49.083440653157716,0.09055362662948771,32.54526967108685,70.0,69.33209228515625,58.93227844238281,Caution,Degradation Risk
/content/dacon_01/agv01_1027_0724/agv01_1027_072927.json,agv01,2024-10-27 07:29:27,2,82.0,46.0,37.0,45.2,2.04,108.29,83.41,19.94,88.74,53.42,108.29,50.56656273335836,0.0168536529854615,43.53999999999999,55.0,48.7354558389752,0.09087015171552136,32.67984532820758,70.0,69.50922393798828,59.08284034729004,Caution,Degradation Risk
/content/dacon_01/agv01_1027_0724/agv01_1027_072928.json,agv01,2024-10-27 07:29:28,2,81.0,47.0,38.0,45.46,1.82,109.4,84.52,19.87,88.82,53.9025,109.4,51.27768089854818,0.0172763946291592,43.35999999999999,55.333333333333336,49.21618586519909,0.09121057142664662,32.824580163906056,70.0,69.61004638671875,59.168539428710936,Caution,Degradation Risk
/content/dacon_01/agv01_1027_0724/agv01_1027_072929.json,agv01,2024-10-27 07:29:29,2,81.0,47.0,39.0,45.58,1.8,110.62,85.47,19.94,88.89,54.4575,110.62,51.89820701784087,0.0178578428431257,43.31,55.66666666666666,49.63553976346409,0.0918358823038355,33.09044099426528,70.0,69.85469818115234,59.37649345397949,Caution,Degradation Risk
/content/dacon_01/agv01_1027_0724/agv01_1027_072930.json,agv01,2024-10-27 07:29:30,2,82.0,47.0,41.0,46.2,2.12,111.58,86.7,19.92,89.05,55.08,111.58,52.38658097897464,0.0187843674500091,42.85,56.66666666666666,50.731169637647675,0.09263580806054952,33.430542108229226,70.0,70.12305450439453,59.60459632873535,Caution,Degradation Risk
/content/dacon_01/agv01_1027_0724/agv01_1027_072931.json,agv01,2024-10-27 07:29:31,2,81.0,47.0,38.0,46.33,1.74,112.88,87.96,19.87,89.23,55.6125,112.88,53.24690875221458,0.0191322965359017,42.900000000000006,55.333333333333336,50.14898906649985,0.093169755642337,33.65755838547757,70.0,70.24012756347656,59.704108428955074,Caution,Degradation Risk
/content/dacon_01/agv01_1027_0724/agv01_1027_072932.json,agv01,2024-10-27 07:29:32,2,81.0,47.0,40.0,46.5,1.9,114.1,88.92,19.96,89.35,56.220000000000006,114.1,53.80469124528083,0.0192842608752885,42.85,56.0,50.810251512152064,0.09335269717753793,33.735338878716966,70.0,70.34959411621094,59.7971549987793,Caution,Degradation Risk
/content/dacon_01/agv01_1027_0724/agv01_1027_072933.json,agv01,2024-10-27 07:29:33,2,80.0,47.0,39.0,46.75,1.8,114.46,89.32,19.93,89.62,56.3775,114.46,54.05524604513423,0.0177489532654329,42.870000000000005,55.333333333333336,50.61128663969831,0.09362933574869213,33.8529561518517,70.0,70.37632751464844,59.81987838745117,Caution,Degradation Risk
/content/dacon_01/agv01_1027_0724/agv01_1027_072934.json,agv01,2024-10-27 07:29:34,2,80.0,47.0,39.0,47.0,1.7,114.81,89.72,19.9,89.9,56.532500000000006,114.81,54.30230282102838,0.0147078175888257,42.900000000000006,55.333333333333336,50.810551833689104,0.09420674457280978,34.09845066511967,70.0,70.33370971679688,59.783653259277344,Caution,Degradation Risk
/content/dacon_01/agv01_1027_0724/agv01_1027_072935.json,agv01,2024-10-27 07:29:35,2,81.0,48.0,38.0,47.5,1.91,115.83,90.73,19.96,90.13,57.1075,115.83,54.78900520785778,0.0127258886625521,42.63,55.66666666666666,51.41418427591073,0.09480391724486152,34.35234809158577,70.0,70.40690612792969,59.84587020874023,Caution,Degradation Risk
/content/dacon_01/agv01_1027_0724/agv01_1027_072936.json,agv01,2024-10-27 07:29:36,2,81.0,47.0,40.0,47.57,2.03,117.03,92.2,19.87,90.44,57.7825,117.03,55.49933775881175,0.0132891408907243,42.87,56.0,51.87130170242873,0.09597269755008014,34.8492735630406,70.0,70.46866607666016,59.89836616516113,Caution,Degradation Risk
/content/dacon_01/agv01_1027_0724/agv01_1027_072937.json,agv01,2024-10-27 07:29:37,2,81.0,47.0,40.0,47.7,1.74,118.52,93.42,19.91,90.62,58.3975,118.52,56.369762801818965,0.0151997297061388,42.92,56.0,52.16246595025266,0.0964285810399888,35.04309965434265,70.0,70.5724868774414,59.9866138458252,Caution,Degradation Risk
/content/dacon_01/agv01_1027_0724/agv01_1027_072938.json,agv01,2024-10-27 07:29:38,2,81.0,46.0,40.0,48.03,2.03,119.77,94.78,19.96,90.76,59.135,119.77,56.98780834529435,0.0188579695382967,42.73,55.66666666666666,52.33624682207988,0.09722276428122759,35.38075924683577,70.0,70.75532531738281,60.14202651977539,Warning,Degradation Risk
/content/dacon_01/agv01_1027_0724/agv01_1027_072939.json,agv01,2024-10-27 07:29:39,2,81.0,47.0,40.0,48.3,2.0,120.98,96.22,19.85,90.77,59.7625,120.98,57.75305381536115,0.0210225670170292,42.47,56.0,52.836327197691986,0.09849672304230958,35.92240300583656,70.0,71.06455993652344,60.40487594604492,Warning,Degradation Risk
/content/dacon_01/agv01_1027_0724/agv01_1027_072940.json,agv01,2024-10-27 07:29:40,2,81.0,47.0,39.0,48.6,1.83,121.94,96.92,19.95,90.82,60.16,121.94,58.27320424803611,0.020026863476471,42.21999999999999,55.66666666666666,52.878638025985175,0.09903669747865007,36.15198169582129,70.0,71.25382232666016,60.56574897766113,Warning,Degradation Risk
/content/dacon_01/agv01_1027_0724/agv01_1027_072941.json,agv01,2024-10-27 07:29:41,2,81.0,47.0,42.0,48.56,2.09,122.76,97.89,19.89,90.82,60.6575,122.76,58.69446502865497,0.0183744212422635,42.25999999999999,56.66666666666666,53.54334213525436,0.10018305850577695,36.63937525585902,70.0,71.54440307617188,60.81274261474609,Warning,Degradation Risk
/content/dacon_01/agv01_1027_0724/agv01_1027_072942.json,agv01,2024-10-27 07:29:42,2,81.0,47.0,40.0,48.3,1.71,124.37,99.45,19.85,90.81,61.345,124.37,59.72802217831538,0.0176500001107596,42.510000000000005,56.0,53.1425647389678,0.10038222103658706,36.72405236247782,70.0,71.81744384765625,61.04482727050781,Warning,Degradation Risk
/content/dacon_01/agv01_1027_0724/agv01_1027_072943.json,agv01,2024-10-27 07:29:43,2,81.0,47.0,39.0,48.12,1.91,126.1,100.98,19.94,90.81,62.2325,126.1,60.574708349827546,0.0184633367904296,42.690000000000005,55.66666666666666,53.02654054985274,0.10183369804954842,37.341170819857,70.0,72.13136291503906,61.311658477783205,Warning,Degradation Risk
/content/dacon_01/agv01_1027_0724/agv01_1027_072944.json,agv01,2024-10-27 07:29:44,2,81.0,47.0,41.0,47.9,2.17,127.64,102.83,19.88,90.89,63.13,127.64,61.43916828864141,0.0209877792953857,42.99,56.333333333333336,53.540721692067436,0.10307651318512043,37.86957337285845,70.0,72.4315185546875,61.56679077148437,Warning,Degradation Risk
/content/dacon_01/agv01_1027_0724/agv01_1027_072945.json,agv01,2024-10-27 07:29:45,2,81.0,46.0,40.0,47.99,1.71,129.52,104.5,19.86,90.9,63.89750000000001,129.52,62.61379527175568,0.0234015126606762,42.91,55.66666666666666,53.39409683832339,0.10399294376801399,38.25920836022661,70.0,72.8780746459961,61.94636344909668,Warning,Degradation Risk
/content/dacon_01/agv01_1027_0724/agv01_1027_072946.json,agv01,2024-10-27 07:29:46,2,82.0,47.0,40.0,48.0,1.92,131.2,106.14,19.94,90.86,64.8,131.2,63.46723459129653,0.0249753879348552,42.86,56.333333333333336,53.99475428051385,0.10452072356453618,38.48360230581253,70.0,73.37298583984375,62.36703796386718,Warning,Degradation Risk
/content/dacon_01/agv01_1027_0724/agv01_1027_072947.json,agv01,2024-10-27 07:29:47,2,82.0,48.0,40.0,48.0,2.03,132.82,108.01,19.85,90.84,65.67750000000001,132.82,64.4239082820449,0.0253638576838523,42.84,56.66666666666666,54.365518223023386,0.105709758348871,38.98913929008886,70.0,73.81915283203125,62.74627990722656,Warning,Degradation Risk
/content/dacon_01/agv01_1027_0724/agv01_1027_072948.json,agv01,2024-10-27 07:29:48,2,82.0,47.0,40.0,48.13,1.73,134.94,109.87,19.85,90.84,66.5975,134.94,65.6666528130273,0.0252186605546152,42.71,56.333333333333336,54.43483949848735,0.10639726380997541,39.281443133558554,70.0,74.18778228759766,63.059614944458005,Warning,Degradation Risk
/content/dacon_01/agv01_1027_0724/agv01_1027_072949.json,agv01,2024-10-27 07:29:49,2,82.0,47.0,40.0,48.3,1.94,136.8,111.82,19.93,90.93,67.6225,136.8,66.65260903870654,0.0257623954896994,42.63000000000001,56.333333333333336,54.74075089847569,0.10695713626133212,39.51948178000287,70.0,74.50724029541016,63.33115425109863,Warning,Degradation Risk
/content/dacon_01/agv01_1027_0724/agv01_1027_072950.json,agv01,2024-10-27 07:29:50,2,82.0,47.0,41.0,49.16,1.93,138.84,113.98,19.84,91.12,68.6475,138.84,67.86118054528671,0.0267696729108274,41.96000000000001,56.66666666666666,55.66057849544868,0.10769149396146706,39.831705595485275,70.0,74.8179931640625,63.59529418945312,Warning,Degradation Risk
/content/dacon_01/agv01_1027_0724/agv01_1027_072951.json,agv01,2024-10-27 07:29:51,2,82.0,47.0,41.0,49.4,1.79,140.99,115.84,19.88,91.35,69.625,140.99,69.05297893646588,0.0271188956756921,41.95,56.66666666666666,56.06722027776831,0.10914078256076971,40.44789361411199,70.0,75.17942810058594,63.902513885498045,Warning,Degradation Risk
/content/dacon_01/agv01_1027_0724/agv01_1027_072952.json,agv01,2024-10-27 07:29:52,2,82.0,47.0,40.0,51.0,2.03,142.89,117.98,19.91,91.44,70.7025,142.89,70.0998988943636,0.0276411128488509,40.44,56.333333333333336,56.90204883699829,0.10984328631785953,40.74657422083675,70.0,75.52145385742188,64.19323577880859,Warning,Degradation Risk
/content/dacon_01/agv01_1027_0724/agv01_1027_072953.json,agv01,2024-10-27 07:29:53,2,82.0,47.0,40.0,51.37,1.89,145.19,120.3,19.83,91.47,71.8025,145.19,71.47640887033987,0.0280133665551378,40.1,56.333333333333336,57.33602806486309,0.11084265985642244,41.171473720419755,70.0,75.91099548339844,64.52434616088867,Warning,Degradation Risk
/content/dacon_01/agv01_1027_0724/agv01_1027_072954.json,agv01,2024-10-27 07:29:54,2,82.0,47.0,41.0,52.1,1.81,147.64,122.46,19.9,91.67,72.95249999999999,147.64,72.81263231747634,0.0283206982374308,39.57,56.66666666666666,58.22371023551073,0.11209608132072096,41.70438572218526,70.0,76.39024353027344,64.93170700073242,Warning,Degradation Risk
/content/dacon_01/agv01_1027_0724/agv01_1027_072955.json,agv01,2024-10-27 07:29:55,2,82.0,47.0,40.0,53.16,2.06,149.65,124.85,19.89,91.83,74.1125,149.65,73.96361735114546,0.0288028930757999,38.67,56.333333333333336,58.81120800688939,0.1135411912815783,42.31879712644724,70.0,76.87129211425781,65.34059829711914,Warning,Degradation Risk
/content/dacon_01/agv01_1027_0724/agv01_1027_072956.json,agv01,2024-10-27 07:29:56,2,82.0,48.0,41.0,53.8,1.81,152.14,127.23,19.82,91.95,75.25,152.14,75.45398376935884,0.0291659554418556,38.150000000000006,57.0,59.84393370386369,0.11444523704488506,42.70316651147374,70.0,77.3476791381836,65.74552726745605,Warning,Degradation Risk
/content/dacon_01/agv01_1027_0724/agv01_1027_072957.json,agv01,2024-10-27 07:29:57,3,82.0,48.0,41.0,56.02,1.82,154.86,129.67,19.9,91.94,76.5625,154.86,76.91550618481729,0.0296575021030584,35.919999999999995,57.0,61.259709417688185,0.11608424351433214,43.400016089543215,95.0,77.78352355957031,66.11599502563476,Warning,Degradation Risk
/content/dacon_01/agv01_1027_0724/agv01_1027_072958.json,agv01,2024-10-27 07:29:58,3,82.0,48.0,39.0,56.32,2.03,157.19,132.4,19.86,92.06,77.87,157.19,78.27738924278623,0.0302640528008699,35.74,56.333333333333336,61.271890144094385,0.11748223102459135,43.99439263706178,95.0,78.2151107788086,66.4828441619873,Warning,Degradation Risk
/content/dacon_01/agv01_1027_0724/agv01_1027_072959.json,agv01,2024-10-27 07:29:59,3,82.0,48.0,40.0,56.4,1.72,160.11,135.1,19.81,92.23,79.185,160.11,80.00324930901245,0.030789073824137,35.830000000000005,56.66666666666666,61.86806414303316,0.11810718569995556,44.26010202256958,95.0,78.60311126708984,66.81264457702636,Warning,Degradation Risk
/content/dacon_01/agv01_1027_0724/agv01_1027_073000.json,agv01,2024-10-27 07:30:00,3,82.0,48.0,39.0,56.25,1.88,162.88,137.7,19.91,92.39,80.5925,162.88,81.46680852756334,0.0315004177325884,36.14,56.333333333333336,61.91428725924701,0.11943960579092086,44.826601542558485,95.0,78.92176818847656,67.08350296020508,Warning,Degradation Risk
/content/dacon_01/agv01_1027_0724/agv01_1027_073001.json,agv01,2024-10-27 07:30:01,3,82.0,47.0,39.0,56.1,2.1,165.41,140.57,19.84,92.54,81.97999999999999,165.41,82.93681731695922,0.0320149413098082,36.440000000000005,56.0,61.93103464489831,0.12117389048436386,45.563960167680825,95.0,79.21224212646484,67.33040580749511,Warning,Degradation Risk
/content/dacon_01/agv01_1027_0724/agv01_1027_073002.json,agv01,2024-10-27 07:30:02,3,82.0,48.0,40.0,55.48,1.76,168.54,143.49,19.81,92.63,83.39999999999999,168.54,84.79073337733709,0.0320532330234944,37.15,56.66666666666666,62.369159421602696,0.123212181506522,46.43057190183272,95.0,79.49544525146484,67.57112846374511,Warning,Degradation Risk
/content/dacon_01/agv01_1027_0724/agv01_1027_073003.json,agv01,2024-10-27 07:30:03,3,82.0,48.0,38.0,55.26,1.96,171.59,146.55,19.9,92.71,85.0,171.59,86.44821609881066,0.0326635128220404,37.45,56.0,62.17602205790827,0.12433666324591139,46.90866313591107,95.0,79.7044677734375,67.74879760742188,Warning,Degradation Risk
/content/dacon_01/agv01_1027_0724/agv01_1027_073004.json,agv01,2024-10-27 07:30:04,3,82.0,47.0,40.0,55.1,2.0,174.53,149.69,19.81,92.83,86.50750000000001,174.53,88.18552956693065,0.0331088055701222,37.73,56.333333333333336,62.63634847598108,0.12609515843253002,47.65631523593347,95.0,79.8747329711914,67.89352302551269,Warning,Degradation Risk
/content/dacon_01/agv01_1027_0724/agv01_1027_073005.json,agv01,2024-10-27 07:30:05,3,81.0,48.0,39.0,55.01,1.78,177.78,152.69,19.83,93.06,88.02,177.78,90.0486538859225,0.0332023637247928,38.05,56.0,62.77243355905504,0.12801352025750082,48.47193717107231,95.0,80.05523681640625,68.04695129394531,Warning,Degradation Risk
/content/dacon_01/agv01_1027_0724/agv01_1027_073006.json,agv01,2024-10-27 07:30:06,3,82.0,48.0,40.0,54.9,2.03,181.09,156.12,19.88,93.13,89.78,181.09,91.87778875586127,0.0338910917524976,38.23,56.66666666666666,63.49348125151945,0.13001262740016273,49.32188925780788,95.0,80.22244262695312,68.18907623291015,Warning,Degradation Risk
/content/dacon_01/agv01_1027_0724/agv01_1027_073007.json,agv01,2024-10-27 07:30:07,3,82.0,48.0,41.0,55.17,1.92,184.6,159.73,19.79,93.28,91.51,184.6,93.96780122290116,0.034524054700153,38.11,57.0,64.24234469395353,0.13161478834162244,50.00307337566694,95.0,80.35137176513672,68.29866600036621,Warning,Degradation Risk
/content/dacon_01/agv01_1027_0724/agv01_1027_073008.json,agv01,2024-10-27 07:30:08,3,82.0,48.0,40.0,55.3,1.79,188.17,163.02,19.83,93.49,93.2025,188.17,95.97409073112736,0.0347184901676016,38.19,56.66666666666666,64.51929656065802,0.13360267864487355,50.84825644534469,95.0,80.46654510498047,68.3965633392334,Warning,Degradation Risk
/content/dacon_01/agv01_1027_0724/agv01_1027_073009.json,agv01,2024-10-27 07:30:09,3,84.0,48.0,41.0,56.1,2.02,191.51,166.59,19.86,93.58,94.995,191.51,97.8614805051848,0.0352123269326816,37.48,57.66666666666666,65.92133858400977,0.13574317896671756,51.758324083233745,95.0,80.55474853515625,68.4715362548828,Warning,Degradation Risk
/content/dacon_01/agv01_1027_0724/agv01_1027_073010.json,agv01,2024-10-27 07:30:10,3,83.0,48.0,41.0,56.1,1.98,194.48,169.63,19.78,93.62,96.4675,194.48,99.61268639920652,0.034500309802132,37.52,57.333333333333336,66.01269539984071,0.13740903354265413,52.46658855930878,95.0,80.62844848632812,68.5341812133789,Warning,Degradation Risk
/content/dacon_01/agv01_1027_0724/agv01_1027_073011.json,agv01,2024-10-27 07:30:11,3,83.0,48.0,40.0,56.8,1.92,197.01,171.94,19.88,93.71,97.6875,197.01,101.0013430191236,0.0320412127242595,36.91,57.0,66.4092090573832,0.1401363827563164,53.62616430486996,95.0,80.6979751586914,68.5932788848877,Warning,Degradation Risk
/content/dacon_01/agv01_1027_0724/agv01_1027_073012.json,agv01,2024-10-27 07:30:12,3,83.0,47.0,39.0,57.07,2.07,200.21,175.43,19.8,93.81,99.3775,200.21,102.87938548773188,0.0304079591229313,36.74,56.333333333333336,66.45790623515411,0.14291903350474822,54.80925237444518,95.0,80.76579284667969,68.65092391967774,Warning,Degradation Risk
/content/dacon_01/agv01_1027_0724/agv01_1027_073013.json,agv01,2024-10-27 07:30:13,3,83.0,48.0,39.0,57.2,1.78,204.32,179.25,19.77,93.94,101.28,204.32,105.26267556293004,0.0301797088168955,36.74,56.66666666666666,67.17820891809187,0.1454728771906888,55.895059494903634,95.0,80.82521057128906,68.7014289855957,Warning,Degradation Risk
/content/dacon_01/agv01_1027_0724/agv01_1027_073014.json,agv01,2024-10-27 07:30:14,3,83.0,48.0,39.0,56.58,1.96,208.33,183.29,19.87,94.04,103.3625,208.33,107.48650438543436,0.0314819078385097,37.46000000000001,56.66666666666666,67.30771114225313,0.14858012439944265,57.21615489430628,95.0,80.86973571777344,68.73927536010741,Warning,Degradation Risk
/content/dacon_01/agv01_1027_0724/agv01_1027_073015.json,agv01,2024-10-27 07:30:15,3,83.0,47.0,41.0,56.32,1.94,212.58,187.79,19.76,94.03,105.5175,212.58,110.0208926749824,0.0342360486629454,37.71,57.0,67.84366385604676,0.1518011570654613,58.58562798431814,95.0,80.90682983398438,69.17545939321991,Warning,Degradation Risk
/content/dacon_01/agv01_1027_0724/agv01_1027_073016.json,agv01,2024-10-27 07:30:16,3,84.0,49.0,40.0,55.7,1.8,217.33,192.21,19.77,94.03,107.7775,217.33,112.70484738909856,0.0370472808276451,38.33,57.66666666666666,68.45700372677302,0.15366540963519476,59.378244511983205,95.0,80.94119262695312,69.64890411665962,Warning,Degradation Risk
/content/dacon_01/agv01_1027_0724/agv01_1027_073017.json,agv01,2024-10-27 07:30:17,3,84.0,49.0,39.0,55.9,1.99,221.63,196.71,19.84,94.05,110.0425,221.63,115.1446329260147,0.0383458838742504,38.15,57.333333333333336,68.8059825406208,0.15663061545486415,60.6389487635185,95.0,80.95913696289062,70.20112476642943,Warning,Degradation Risk
/content/dacon_01/agv01_1027_0724/agv01_1027_073018.json,agv01,2024-10-27 07:30:18,3,84.0,49.0,40.0,56.1,1.89,226.25,201.38,19.75,94.09,112.3175,226.25,117.86393040988692,0.0388179194001333,37.99,57.66666666666666,69.59816756609948,0.16127685061998828,62.61436928490339,95.0,80.97358703613281,71.13523498219251,Warning,Degradation Risk
/content/dacon_01/agv01_1027_0724/agv01_1027_073019.json,agv01,2024-10-27 07:30:19,3,82.0,49.0,41.0,55.71,1.84,231.44,206.24,19.82,94.03,114.835,231.44,120.75777449092044,0.0392637474946453,38.32,57.333333333333336,69.70057959088157,0.16436983006158357,63.929398516960276,95.0,80.99614715576172,71.63411486271717,Warning,Degradation Risk
/content/dacon_01/agv01_1027_0724/agv01_1027_073020.json,agv01,2024-10-27 07:30:20,3,82.0,48.0,39.0,55.52,2.03,236.34,211.49,19.81,94.09,117.4175,236.34,123.6037964290202,0.0398477132763138,38.57,56.333333333333336,69.49447199828289,0.16845287944690882,65.66537167779876,95.0,81.01250457763672,72.18559828888728,Warning,Degradation Risk
/content/dacon_01/agv01_1027_0724/agv01_1027_073021.json,agv01,2024-10-27 07:30:21,3,83.0,48.0,39.0,54.9,1.78,241.49,216.6,19.73,94.26,119.9,241.49,126.6509394622348,0.040089314596751,39.36000000000001,56.66666666666666,69.95174663833797,0.1728544912248878,67.53678668895797,95.0,81.02461242675781,72.9820136820019,Warning,Degradation Risk
/content/dacon_01/agv01_1027_0724/agv01_1027_073022.json,agv01,2024-10-27 07:30:22,3,83.0,49.0,40.0,54.83,1.84,246.81,221.65,19.82,94.31,122.53,246.81,129.5964415663743,0.0403904576652657,39.48,57.333333333333336,70.88451738199635,0.1770796008822368,69.33315902604473,95.0,81.03413391113281,73.89390774261103,Warning,Degradation Risk
/content/dacon_01/agv01_1027_0724/agv01_1027_073023.json,agv01,2024-10-27 07:30:23,3,83.0,48.0,41.0,54.7,2.11,252.25,227.43,19.78,94.47,125.3925,252.25,132.73664612683265,0.0409521766518988,39.77,57.333333333333336,71.41548193389684,0.18243178647266584,71.60872555977431,95.0,81.0396499633789,74.85157601327268,Warning,Degradation Risk
/content/dacon_01/agv01_1027_0724/agv01_1027_073024.json,agv01,2024-10-27 07:30:24,3,83.0,48.0,41.0,54.77,1.78,258.31,233.34,19.72,94.59,128.2875,258.31,136.29982621045414,0.0413303686280369,39.82,57.333333333333336,72.09790266936585,0.18971526502652328,74.70541190711126,95.0,81.04206085205078,76.14098626651646,Warning,Degradation Risk
/content/dacon_01/agv01_1027_0724/agv01_1027_073025.json,agv01,2024-10-27 07:30:25,3,83.0,47.0,40.0,54.8,1.9,264.48,239.3,19.81,94.63,131.3725,264.48,139.73220992908782,0.0421381900781206,39.83,56.66666666666666,72.3380525645164,0.19770397517946664,78.10193864643279,95.0,81.04412841796875,77.40253924189545,Warning,Degradation Risk
/content/dacon_01/agv01_1027_0724/agv01_1027_073026.json,agv01,2024-10-27 07:30:26,3,82.0,46.0,42.0,54.9,2.1,267.95,243.15,19.81,94.73,133.2525,267.95,141.76395413385825,0.0406133927800278,39.830000000000005,56.66666666666666,72.74478376972058,0.20368919175912162,80.64664833851477,95.0,81.04977416992188,78.41718300886899,Warning,Degradation Risk
/content/dacon_01/agv01_1027_1405/agv01_1027_140554.json,agv01,2024-10-27 14:05:54,0,40.0,22.0,18.0,20.61,1.79,74.85,49.95,19.93,40.92,36.63,74.85,32.305347338585705,0.3327550477714925,20.31,26.666666666666668,6.202758404458845,0.027922669922944083,5.91672575218056,10.0,9.83775806427002,8.362094354629516,Normal,Degradation Risk
/content/dacon_01/agv01_1027_1405/agv01_1027_140555.json,agv01,2024-10-27 14:05:55,0,40.0,22.0,18.0,20.7,2.0,74.83,50.01,19.95,40.83,36.6975,74.83,32.2268287559708,0.4873423019033053,20.13,26.666666666666668,8.292751062434265,0.027922669922944083,5.91672575218056,10.0,9.83775806427002,8.362094354629516,Normal,Degradation Risk
/content/dacon_01/agv01_1027_1405/agv01_1027_140556.json,agv01,2024-10-27 14:05:56,0,40.0,22.0,20.0,20.8,1.78,74.95,50.03,19.93,40.83,36.6725,74.95,32.3593761528247,0.6165308980506866,20.03,27.33333333333333,10.503048061900502,0.027922669922944083,5.91672575218056,10.0,9.83775806427002,8.927590852615428,Normal,Sensor Risk
/content/dacon_01/agv01_1027_1405/agv01_1027_140557.json,agv01,2024-10-27 14:05:57,0,40.0,22.0,17.0,21.0,1.99,74.97,49.97,19.99,40.82,36.73,74.97,32.273262411269585,0.720351650740244,19.82,26.33333333333333,11.370431039605366,0.027922669922944083,5.91672575218056,10.0,9.83775806427002,9.664866383664561,Normal,Sensor Risk
/content/dacon_01/agv01_1027_1405/agv01_1027_140558.json,agv01,2024-10-27 14:05:58,0,40.0,22.0,18.0,21.08,2.08,74.82,50.04,19.92,40.78,36.715,74.82,32.203529309689024,0.7468685318788644,19.700000000000003,26.666666666666668,11.948944839452752,0.027922669922944083,5.91672575218056,10.0,9.83775806427002,10.156603113534839,Normal,Sensor Risk
/content/dacon_01/agv01_1027_1405/agv01_1027_140559.json,agv01,2024-10-27 14:05:59,0,40.0,22.0,18.0,21.13,1.74,75.01,49.98,19.93,40.73,36.665,75.01,32.39055469320236,0.0009950504186921,19.6,26.666666666666668,1.9901621270209995,0.027922669922944083,5.91672575218056,10.0,9.83775806427002,8.362094354629516,Normal,Degradation Risk
/content/dacon_01/agv01_1027_1405/agv01_1027_140600.json,agv01,2024-10-27 14:06:00,0,40.0,22.0,18.0,21.4,2.02,74.95,49.99,20.0,40.72,36.74,74.95,32.25560726447419,0.0008305031894991,19.32,26.666666666666668,2.117693429995346,0.027922669922944083,5.91672575218056,10.0,9.83775806427002,8.362094354629516,Normal,Degradation Risk
/content/dacon_01/agv01_1027_1405/agv01_1027_140601.json,agv01,2024-10-27 14:06:01,0,39.0,22.0,19.0,21.43,2.01,74.84,50.06,19.91,40.71,36.705000000000005,74.84,32.24101580285584,0.0008268359333991,19.28,26.666666666666668,2.119249391507762,0.027922669922944083,5.91672575218056,10.0,9.83775806427002,8.362094354629516,Normal,Degradation Risk
/content/dacon_01/agv01_1027_1405/agv01_1027_140602.json,agv01,2024-10-27 14:06:02,0,40.0,22.0,18.0,21.5,1.78,75.02,49.97,19.94,40.72,36.6775,75.02,32.37703545724963,0.0007994327349125,19.22,26.666666666666668,2.1756027227488706,0.027922669922944083,5.91672575218056,10.0,9.83775806427002,8.362094354629516,Normal,Degradation Risk
/content/dacon_01/agv01_1027_1405/agv01_1027_140603.json,agv01,2024-10-27 14:06:03,0,40.0,22.0,18.0,21.57,2.06,74.87,50.02,19.99,40.74,36.73500000000001,74.87,32.21552472540737,0.0008238006978224,19.17,26.666666666666668,2.202242914681606,0.027922669922944083,5.91672575218056,10.0,9.83775806427002,8.362094354629516,Normal,Degradation Risk
/content/dacon_01/agv01_1027_1405/agv01_1027_140604.json,agv01,2024-10-27 14:06:04,0,40.0,22.0,17.0,21.6,1.95,74.86,50.11,19.9,40.82,36.705,74.86,32.27907526556484,0.0008155372571457,19.22,26.33333333333333,2.030070972718509,0.027922669922944083,5.91672575218056,10.0,9.83775806427002,8.362094354629516,Normal,Degradation Risk
/content/dacon_01/agv01_1027_1405/agv01_1027_140605.json,agv01,2024-10-27 14:06:05,0,40.0,22.0,18.0,21.69,1.82,75.05,49.93,19.94,40.85,36.685,75.05,32.36905157708517,0.0006924214770949,19.16,26.666666666666668,2.310211029485064,0.027922669922944083,5.91672575218056,10.0,9.83775806427002,8.362094354629516,Normal,Degradation Risk
/content/dacon_01/agv01_1027_1405/agv01_1027_140606.json,agv01,2024-10-27 14:06:06,0,41.0,22.0,17.0,21.74,2.08,74.83,50.02,19.98,40.9,36.7275,74.83,32.194301126131,0.0006162521929287,19.16,26.666666666666668,2.3264233426015926,0.027922669922944083,5.91672575218056,10.0,9.83775806427002,8.362094354629516,Normal,Degradation Risk
/content/dacon_01/agv01_1027_1405/agv01_1027_140607.json,agv01,2024-10-27 14:06:07,0,40.0,22.0,18.0,21.9,1.83,74.93,50.08,19.9,41.75,36.685,74.93,32.34559887630258,0.0006589952568625,19.85,26.666666666666668,2.651669471924085,0.027922669922944083,5.91672575218056,10.0,9.83775806427002,8.362094354629516,Normal,Degradation Risk
/content/dacon_01/agv01_1027_1405/agv01_1027_140608.json,agv01,2024-10-27 14:06:08,0,40.0,22.0,18.0,22.0,1.88,75.04,49.91,19.98,42.88,36.7025,75.04,32.333937150719315,0.0005709127481367,20.880000000000003,26.666666666666668,3.021997976519958,0.027922669922944083,5.91672575218056,10.0,9.83775806427002,8.362094354629516,Normal,Degradation Risk
/content/dacon_01/agv01_1027_1405/agv01_1027_140609.json,agv01,2024-10-27 14:06:09,0,40.0,22.0,18.0,22.1,2.09,74.79,50.04,19.97,43.62,36.7225,74.79,32.179427563791954,0.0004900549906305,21.52,26.666666666666668,3.249564630699401,0.027922669922944083,5.91672575218056,10.0,9.83775806427002,8.362094354629516,Normal,Degradation Risk
/content/dacon_01/agv01_1027_1405/agv01_1027_140610.json,agv01,2024-10-27 14:06:10,0,40.0,22.0,18.0,22.1,1.84,74.96,50.06,19.91,44.28,36.6925,74.96,32.34934659309211,0.0005079041510254,22.18,26.666666666666668,3.4474516639458948,0.027922669922944083,5.91672575218056,10.0,9.83775806427002,8.362094354629516,Normal,Degradation Risk
/content/dacon_01/agv01_1027_1405/agv01_1027_140611.json,agv01,2024-10-27 14:06:11,0,40.0,22.0,19.0,22.1,1.9,75.08,49.95,20.01,44.89,36.735,75.08,32.342841041978154,0.0005543618463907,22.79,27.0,3.8353537146082863,0.027922669922944083,5.91672575218056,10.0,9.83775806427002,8.362094354629516,Normal,Degradation Risk
/content/dacon_01/agv01_1027_1405/agv01_1027_140612.json,agv01,2024-10-27 14:06:12,0,41.0,22.0,18.0,22.1,2.13,74.81,50.05,19.96,45.38,36.7375,74.81,32.17608571076766,0.0006075507853601,23.28,27.0,3.943012425061725,0.027922669922944083,5.91672575218056,10.0,9.83775806427002,8.362094354629516,Normal,Degradation Risk
/content/dacon_01/agv01_1027_1405/agv01_1027_140613.json,agv01,2024-10-27 14:06:13,0,40.0,22.0,19.0,22.1,1.75,75.04,50.0,19.91,45.66,36.675,75.04,32.404987784804575,0.0006805437433635,23.559999999999995,27.0,4.043696768143771,0.027922669922944083,5.91672575218056,10.0,9.83775806427002,8.362094354629516,Normal,Degradation Risk
/content/dacon_01/agv01_1027_1405/agv01_1027_140614.json,agv01,2024-10-27 14:06:14,0,40.0,23.0,18.0,22.1,1.94,75.04,49.95,20.0,46.0,36.7325,75.04,32.31440068555608,0.0007071804574267,23.9,27.0,4.137076781930538,0.027922669922944083,5.91672575218056,10.0,9.83775806427002,8.362094354629516,Normal,Degradation Risk
/content/dacon_01/agv01_1027_1405/agv01_1027_140615.json,agv01,2024-10-27 14:06:15,0,40.0,21.0,18.0,22.1,2.03,74.85,50.09,19.9,46.2,36.7175,74.85,32.2436674661346,0.0007023721660321,24.1,26.33333333333333,3.755983224984118,0.027922669922944083,5.91672575218056,10.0,9.83775806427002,8.362094354629516,Normal,Degradation Risk
/content/dacon_01/agv01_1027_1405/agv01_1027_140616.json,agv01,2024-10-27 14:06:16,0,40.0,22.0,18.0,22.1,1.79,75.05,49.98,19.93,46.35,36.6875,75.05,32.388378960155855,0.0007278906074019,24.25,26.666666666666668,4.02578438182056,0.027922669922944083,5.91672575218056,10.0,9.83775806427002,8.362094354629516,Normal,Degradation Risk
/content/dacon_01/agv01_1027_1405/agv01_1027_140617.json,agv01,2024-10-27 14:06:17,0,40.0,21.0,18.0,22.0,2.0,74.85,49.98,20.0,46.6,36.7075,74.85,32.22194218748046,0.0006733734061377,24.6,26.33333333333333,3.8137387516150283,0.027922669922944083,5.91672575218056,10.0,9.83775806427002,8.362094354629516,Normal,Degradation Risk
/content/dacon_01/agv01_1027_1405/agv01_1027_140618.json,agv01,2024-10-27 14:06:18,0,41.0,22.0,18.0,21.98,2.02,74.89,50.11,19.9,46.72,36.73,74.89,32.26578683373458,0.0006310846941945,24.74,27.0,4.256428996624675,0.027922669922944083,5.91672575218056,10.0,9.83775806427002,8.362094354629516,Normal,Degradation Risk
/content/dacon_01/agv01_1027_1405/agv01_1027_140619.json,agv01,2024-10-27 14:06:19,0,40.0,22.0,19.0,21.9,1.81,75.05,49.96,19.97,47.0,36.6975,75.05,32.37156712816562,0.0004880582695214,25.1,27.0,4.306153697947222,0.027922669922944083,5.91672575218056,10.0,9.83775806427002,8.362094354629516,Normal,Degradation Risk
/content/dacon_01/agv01_1027_1405/agv01_1027_140620.json,agv01,2024-10-27 14:06:20,0,40.0,22.0,17.0,21.9,2.06,74.84,49.97,19.97,47.12,36.71,74.84,32.200282607455485,0.000405588410415,25.22,26.33333333333333,3.9001235212551904,0.027922669922944083,5.91672575218056,10.0,9.83775806427002,8.362094354629516,Normal,Degradation Risk
/content/dacon_01/agv01_1027_1405/agv01_1027_140621.json,agv01,2024-10-27 14:06:21,0,41.0,22.0,18.0,21.9,1.85,74.94,50.09,19.9,47.24,36.695,74.94,32.343737673105544,0.0004073417753836,25.340000000000003,27.0,4.359688594603761,0.027922669922944083,5.91672575218056,10.0,9.83775806427002,8.362094354629516,Normal,Degradation Risk
/content/dacon_01/agv01_1027_1405/agv01_1027_140622.json,agv01,2024-10-27 14:06:22,0,41.0,22.0,18.0,22.08,1.84,75.06,49.92,19.98,47.4,36.7,75.06,32.357564803303724,0.000349057965407,25.32,27.0,4.507066811920216,0.027922669922944083,5.91672575218056,10.0,9.83775806427002,8.362094354629516,Normal,Degradation Risk
/content/dacon_01/agv01_1027_1405/agv01_1027_140623.json,agv01,2024-10-27 14:06:23,0,41.0,23.0,18.0,22.12,2.14,74.83,50.06,19.97,47.57,36.75,74.83,32.180030039347905,0.0005963606069548,25.45,27.33333333333333,4.762642767586343,0.027922669922944083,5.91672575218056,10.0,9.83775806427002,8.362094354629516,Normal,Degradation Risk
/content/dacon_01/agv01_1027_1405/agv01_1027_140624.json,agv01,2024-10-27 14:06:24,0,41.0,22.0,18.0,22.2,1.8,74.95,50.05,19.9,47.81,36.675,74.95,32.36012206404667,0.0006816812112315,25.610000000000003,27.0,4.674203633670494,0.027922669922944083,5.91672575218056,10.0,9.83775806427002,8.362094354629516,Normal,Degradation Risk
/content/dacon_01/agv01_1027_1405/agv01_1027_140625.json,agv01,2024-10-27 14:06:25,0,41.0,21.0,18.0,22.2,1.94,75.04,49.93,19.99,47.9,36.725,75.04,32.31340124468485,0.0007073088868322,25.7,26.666666666666668,4.4998762139240185,0.027922669922944083,5.91672575218056,10.0,9.83775806427002,8.362094354629516,Normal,Degradation Risk
/content/dacon_01/agv01_1027_1405/agv01_1027_140626.json,agv01,2024-10-27 14:06:26,0,42.0,21.0,17.0,22.2,2.11,74.79,50.09,19.94,48.03,36.7325,74.79,32.184373408016924,0.0007538888324984,25.83,26.666666666666668,4.510959832139681,0.027922669922944083,5.91672575218056,10.0,9.83775806427002,8.362094354629516,Normal,Degradation Risk
/content/dacon_01/agv01_1027_1405/agv01_1027_140627.json,agv01,2024-10-27 14:06:27,0,41.0,21.0,18.0,22.12,1.72,74.98,50.02,19.9,48.12,36.655,74.98,32.396569262809294,0.0009895645037183,26.0,26.666666666666668,4.516786039377661,0.027922669922944083,5.91672575218056,10.0,9.83775806427002,8.362094354629516,Normal,Degradation Risk
/content/dacon_01/agv01_1027_1405/agv01_1027_140628.json,agv01,2024-10-27 14:06:28,0,41.0,22.0,18.0,22.11,1.81,74.94,50.07,19.9,48.13,36.68,74.94,32.355344741376705,0.0010324830819951,26.020000000000003,27.0,4.719283384751237,0.027922669922944083,5.91672575218056,10.0,9.83775806427002,8.362094354629516,Normal,Degradation Risk
/content/dacon_01/agv01_1027_1405/agv01_1027_140629.json,agv01,2024-10-27 14:06:29,0,41.0,22.0,18.0,22.1,1.89,74.89,50.12,19.9,48.17,36.7,74.89,32.313818509527266,0.000822559194609,26.07,27.0,4.717264575129104,0.027922669922944083,5.91672575218056,10.0,9.83775806427002,8.362094354629516,Normal,Degradation Risk
/content/dacon_01/agv01_1027_1405/agv01_1027_140630.json,agv01,2024-10-27 14:06:30,0,41.0,22.0,18.0,22.1,1.85,75.1,49.95,19.96,48.26,36.715,75.1,32.377315618603504,0.000801069588662,26.16,27.0,4.762691247759678,0.027922669922944083,5.91672575218056,10.0,9.83775806427002,8.362094354629516,Normal,Degradation Risk
/content/dacon_01/agv01_1027_1405/agv01_1027_140631.json,agv01,2024-10-27 14:06:31,0,40.0,22.0,18.0,22.1,2.11,74.82,50.01,19.97,48.4,36.7275,74.82,32.17995481144538,0.0008124671345273,26.3,26.666666666666668,4.564693340704835,0.027922669922944083,5.91672575218056,10.0,9.83775806427002,8.362094354629516,Normal,Degradation Risk
/content/dacon_01/agv01_1027_1405/agv01_1027_140632.json,agv01,2024-10-27 14:06:32,0,42.0,22.0,18.0,22.03,1.86,74.91,50.11,19.9,48.4,36.695,74.91,32.33108772270635,0.0007006523721473,26.37,27.33333333333333,4.952994644348772,0.027922669922944083,5.91672575218056,10.0,9.83775806427002,8.362094354629516,Normal,Degradation Risk
/content/dacon_01/agv01_1027_1405/agv01_1027_140633.json,agv01,2024-10-27 14:06:33,0,41.0,22.0,18.0,22.0,1.88,75.08,49.95,19.97,48.5,36.72,75.08,32.35691888916496,0.0004830409932499,26.5,27.0,4.770791375653155,0.027922669922944083,5.91672575218056,10.0,9.83775806427002,8.362094354629516,Normal,Degradation Risk
/content/dacon_01/agv01_1027_1405/agv01_1027_140634.json,agv01,2024-10-27 14:06:34,0,41.0,22.0,19.0,22.0,2.2,74.84,50.07,19.97,48.56,36.77,74.84,32.163850308485564,0.0007303990786629,26.56,27.33333333333333,4.974749914541756,0.027922669922944083,5.91672575218056,10.0,9.83775806427002,8.362094354629516,Normal,Degradation Risk
/content/dacon_01/agv01_1027_1405/agv01_1027_140635.json,agv01,2024-10-27 14:06:35,0,41.0,21.0,18.0,22.03,1.76,74.94,50.02,19.9,48.68,36.655,74.94,32.36642035608304,0.0010333756709286,26.65,26.666666666666668,4.6204046393299505,0.027922669922944083,5.91672575218056,10.0,9.83775806427002,8.362094354629516,Normal,Degradation Risk
/content/dacon_01/agv01_1027_1405/agv01_1027_140636.json,agv01,2024-10-27 14:06:36,0,41.0,22.0,17.0,22.1,1.91,75.04,49.96,20.0,48.66,36.7275,75.04,32.32653334852554,0.0010448437231189,26.559999999999995,26.666666666666668,4.661036108521053,0.027922669922944083,5.91672575218056,10.0,9.83775806427002,8.362094354629516,Normal,Degradation Risk
/content/dacon_01/agv01_1027_1405/agv01_1027_140637.json,agv01,2024-10-27 14:06:37,0,42.0,22.0,19.0,22.16,2.12,74.85,50.08,19.94,48.81,36.7475,74.85,32.20306338947689,0.0011000765457572,26.65,27.666666666666668,5.3395106087485615,0.027922669922944083,5.91672575218056,10.0,9.83775806427002,8.362094354629516,Normal,Degradation Risk
/content/dacon_01/agv01_1027_1405/agv01_1027_140638.json,agv01,2024-10-27 14:06:38,0,40.0,22.0,19.0,22.2,1.76,74.97,49.99,19.9,48.84,36.655,74.97,32.37412804488588,0.0013020544418627,26.640000000000004,27.0,4.96632696526917,0.027922669922944083,5.91672575218056,10.0,9.83775806427002,8.362094354629516,Normal,Degradation Risk
/content/dacon_01/agv01_1027_1405/agv01_1027_140639.json,agv01,2024-10-27 14:06:39,0,40.0,22.0,18.0,22.2,2.01,74.95,49.98,20.0,48.94,36.735,74.95,32.25782644051931,0.0013252611354297,26.74,26.666666666666668,4.783655594021537,0.027922669922944083,5.91672575218056,10.0,9.83775806427002,8.362094354629516,Normal,Degradation Risk
/content/dacon_01/agv01_1027_1405/agv01_1027_140640.json,agv01,2024-10-27 14:06:40,0,41.0,23.0,18.0,22.25,2.02,74.89,50.09,19.9,48.92,36.725,74.89,32.263023726861064,0.0011281770368729,26.67,27.33333333333333,5.211832355460814,0.027922669922944083,5.91672575218056,10.0,9.83775806427002,8.362094354629516,Normal,Degradation Risk
/content/dacon_01/agv01_1027_1405/agv01_1027_140641.json,agv01,2024-10-27 14:06:41,0,42.0,22.0,18.0,22.4,1.77,74.97,49.97,19.9,48.9,36.6525,74.97,32.367790960562424,0.0011456653316714,26.5,27.33333333333333,5.291571982556644,0.027922669922944083,5.91672575218056,10.0,9.83775806427002,8.362094354629516,Normal,Degradation Risk
/content/dacon_01/agv01_1027_1405/agv01_1027_140642.json,agv01,2024-10-27 14:06:42,0,42.0,23.0,18.0,22.46,1.99,74.88,49.99,19.99,48.91,36.7125,74.88,32.2404718482841,0.0011178708651997,26.45,27.666666666666668,5.524007284920119,0.027922669922944083,5.91672575218056,10.0,9.83775806427002,8.362094354629516,Normal,Degradation Risk
/content/dacon_01/agv01_1027_1405/agv01_1027_140643.json,agv01,2024-10-27 14:06:43,0,42.0,23.0,18.0,22.5,1.9,74.92,50.09,19.9,49.02,36.7025,74.92,32.31790254642154,0.0009628751388285,26.520000000000003,27.666666666666668,5.57656246971841,0.027922669922944083,5.91672575218056,10.0,9.83775806427002,8.362094354629516,Normal,Degradation Risk
/content/dacon_01/agv01_1027_1405/agv01_1027_140644.json,agv01,2024-10-27 14:06:44,0,42.0,23.0,18.0,22.68,1.81,75.08,49.95,19.99,49.13,36.7075,75.08,32.37860855050239,0.0007821182801881,26.450000000000003,27.666666666666668,5.712637731916488,0.027922669922944083,5.91672575218056,10.0,9.83775806427002,8.362094354629516,Normal,Degradation Risk
/content/dacon_01/agv01_1027_1405/agv01_1027_140645.json,agv01,2024-10-27 14:06:45,0,42.0,24.0,18.0,22.73,2.18,74.88,50.01,19.98,49.12,36.7625,74.88,32.17681191479355,0.0009711595414902,26.39,28.0,5.9263282357410025,0.027922669922944083,5.91672575218056,10.0,9.83775806427002,8.362094354629516,Normal,Degradation Risk
/content/dacon_01/agv01_1027_1405/agv01_1027_140646.json,agv01,2024-10-27 14:06:46,0,42.0,22.0,20.0,23.0,1.84,74.93,50.09,19.9,49.14,36.690000000000005,74.93,32.343387783801084,0.0009713138845409,26.14,28.0,6.075320902529068,0.027922669922944083,5.91672575218056,10.0,9.83775806427002,8.362094354629516,Normal,Degradation Risk
/content/dacon_01/agv01_1027_1405/agv01_1027_140647.json,agv01,2024-10-27 14:06:47,0,43.0,23.0,19.0,23.04,1.84,75.02,49.95,19.99,49.15,36.7,75.02,32.3441318737521,0.0006984477485942,26.11,28.33333333333333,6.312292538849828,0.027922669922944083,5.91672575218056,10.0,9.83775806427002,8.362094354629516,Normal,Degradation Risk
/content/dacon_01/agv01_1027_1405/agv01_1027_140648.json,agv01,2024-10-27 14:06:48,0,42.0,23.0,20.0,23.1,2.16,74.83,50.06,19.94,49.21,36.7475,74.83,32.17808091957422,0.0007994414982634,26.11,28.33333333333333,6.341756133571667,0.027922669922944083,5.91672575218056,10.0,9.83775806427002,8.362094354629516,Normal,Degradation Risk
/content/dacon_01/agv01_1027_1405/agv01_1027_140649.json,agv01,2024-10-27 14:06:49,0,42.0,22.0,18.0,23.1,1.75,74.95,50.06,19.9,49.34,36.665,74.95,32.379467259360524,0.0009947049193113,26.24,27.33333333333333,5.766990926215665,0.027922669922944083,5.91672575218056,10.0,9.83775806427002,8.362094354629516,Normal,Degradation Risk
/content/dacon_01/agv01_1027_1405/agv01_1027_140650.json,agv01,2024-10-27 14:06:50,0,42.0,23.0,20.0,23.1,1.96,75.03,49.97,20.02,49.41,36.745,75.03,32.302547371169766,0.0010544888689537,26.309999999999995,28.33333333333333,6.419978035965773,0.027922669922944083,5.91672575218056,10.0,9.83775806427002,8.362094354629516,Normal,Degradation Risk
/content/dacon_01/agv01_1027_1405/agv01_1027_140651.json,agv01,2024-10-27 14:06:51,0,42.0,23.0,17.0,23.1,2.14,74.82,50.06,19.92,49.43,36.735,74.82,32.18478470747733,0.0009194002092932,26.33,27.33333333333333,5.777549996606366,0.027922669922944083,5.91672575218056,10.0,9.83775806427002,8.362094354629516,Normal,Degradation Risk
/content/dacon_01/agv01_1027_1405/agv01_1027_140652.json,agv01,2024-10-27 14:06:52,0,42.0,22.0,19.0,23.2,1.76,74.99,50.03,19.91,49.43,36.6725,74.99,32.38578739200268,0.0010033266211827,26.23,27.666666666666668,6.055376015223038,0.027922669922944083,5.91672575218056,10.0,9.83775806427002,8.362094354629516,Normal,Degradation Risk
/content/dacon_01/agv01_1027_1405/agv01_1027_140653.json,agv01,2024-10-27 14:06:53,0,43.0,23.0,19.0,23.4,1.94,74.97,49.99,20.0,49.56,36.725,74.97,32.29221836087863,0.0010016710120836,26.160000000000004,28.33333333333333,6.6081699936579446,0.027922669922944083,5.91672575218056,10.0,9.83775806427002,8.362094354629516,Normal,Degradation Risk
/content/dacon_01/agv01_1027_1405/agv01_1027_140654.json,agv01,2024-10-27 14:06:54,0,42.0,23.0,19.0,23.34,2.1,74.83,50.05,19.91,49.7,36.7225,74.83,32.20342360164004,0.000916357672464,26.360000000000003,28.0,6.392160130108726,0.025302729761532933,4.802816667573614,10.0,9.963719367980957,8.469161462783813,Normal,Degradation Risk
/content/dacon_01/agv01_1027_1405/agv01_1027_140655.json,agv01,2024-10-27 14:06:55,0,42.0,23.0,18.0,23.3,1.77,74.99,49.98,19.91,49.67,36.6625,74.99,32.37532947065301,0.0009351540485445,26.37,27.666666666666668,6.17142162665539,0.022488674458161,3.6063764537162126,10.0,9.745195388793945,8.283416080474852,Normal,Degradation Risk
/content/dacon_01/agv01_1027_1405/agv01_1027_140656.json,agv01,2024-10-27 14:06:56,0,42.0,22.0,19.0,23.3,2.02,74.86,50.0,19.99,49.37,36.7175,74.86,32.22318458811916,0.0008282092251702,26.07,27.666666666666668,6.074853779830997,0.019673162028795408,2.409316719647755,10.0,9.865376472473145,8.385570001602172,Normal,Degradation Risk
/content/dacon_01/agv01_1027_1405/agv01_1027_140657.json,agv01,2024-10-27 14:06:57,0,42.0,22.0,18.0,23.32,2.0,74.91,50.09,19.9,49.08,36.725,74.91,32.278081830658195,0.0007821537946977,25.76,27.33333333333333,5.801840872947248,0.016893470534282355,1.227486823779062,10.0,9.797722816467285,8.328064393997192,Normal,Degradation Risk
/content/dacon_01/agv01_1027_1405/agv01_1027_140658.json,agv01,2024-10-27 14:06:58,0,43.0,23.0,20.0,23.4,1.8,75.05,49.98,19.97,48.84,36.7,75.05,32.37789266356496,0.000668318616633,25.440000000000005,28.666666666666668,6.623082706890092,0.014949743220400828,0.40108034899717004,10.0,9.685497283935547,8.232672691345215,Normal,Degradation Risk
/content/dacon_01/agv01_1027_1405/agv01_1027_140659.json,agv01,2024-10-27 14:06:59,0,44.0,23.0,17.0,23.3,2.13,74.85,50.05,19.9,48.7,36.7325,74.85,32.202306723794386,0.000699821991757,25.4,28.0,6.097152710798684,0.014909210666234563,0.3838472911689308,10.0,9.845539093017578,8.368708229064941,Normal,Degradation Risk
/content/dacon_01/agv01_1027_1405/agv01_1027_140700.json,agv01,2024-10-27 14:07:00,0,43.0,23.0,18.0,23.3,1.73,74.97,50.04,19.91,48.55,36.6625,74.97,32.3900595605092,0.0008442470545628,25.25,28.0,6.070099214386303,0.015210178998029077,0.5118087476566751,10.0,9.75146770477295,8.288747549057007,Normal,Degradation Risk
/content/dacon_01/agv01_1027_1405/agv01_1027_140701.json,agv01,2024-10-27 14:07:01,0,43.0,22.0,20.0,23.39,1.96,75.0,49.98,20.0,48.3,36.735,75.0,32.29551620065341,0.0007452448127098,24.91,28.33333333333333,6.25788575079238,0.014918020593736446,0.387592971480114,10.0,9.884737968444824,8.402027273178101,Normal,Degradation Risk
/content/dacon_01/agv01_1027_1405/agv01_1027_140702.json,agv01,2024-10-27 14:07:02,0,43.0,23.0,19.0,23.41,2.16,74.82,50.05,19.92,48.15,36.7375,74.82,32.17624006934309,0.0007980539095274,24.74,28.33333333333333,6.2097346825713124,0.014941210965043751,0.3974527253993417,10.0,9.764033317565918,8.29942831993103,Normal,Degradation Risk
/content/dacon_01/agv01_1027_1405/agv01_1027_140703.json,agv01,2024-10-27 14:07:03,0,43.0,24.0,19.0,23.5,1.72,75.02,50.02,19.92,48.11,36.67,75.02,32.40889795513983,0.0009246186724135,24.61,28.666666666666668,6.475071299441244,0.014855418301550268,0.36097661473636206,10.0,9.833878517150879,8.358796739578247,Normal,Degradation Risk
/content/dacon_01/agv01_1027_1405/agv01_1027_140704.json,agv01,2024-10-27 14:07:04,0,43.0,23.0,20.0,23.5,1.99,74.98,49.96,20.0,48.1,36.7325,74.98,32.274116951513946,0.0009617696623623,24.6,28.666666666666668,6.468815627638276,0.015067028306756651,0.4509459623821315,10.0,9.723949432373047,8.26535701751709,Normal,Degradation Risk
/content/dacon_01/agv01_1027_1405/agv01_1027_140705.json,agv01,2024-10-27 14:07:05,0,43.0,23.0,18.0,23.5,2.05,74.85,50.08,19.9,48.05,36.72,74.85,32.23511439408894,0.0009311993147297,24.55,28.0,6.025003486035209,0.01483143108988632,0.35077807150991297,10.0,9.83424186706543,8.359105587005615,Normal,Degradation Risk
/content/dacon_01/agv01_1027_1405/agv01_1027_140706.json,agv01,2024-10-27 14:07:06,0,43.0,23.0,17.0,23.72,1.71,75.05,49.98,19.92,48.05,36.66499999999999,75.05,32.4188448282785,0.0009126595276012,24.33,27.666666666666668,5.949357660633026,0.014962592070492836,0.4065432412628208,10.0,9.6309175491333,8.186279916763306,Normal,Degradation Risk
/content/dacon_01/agv01_1027_1405/agv01_1027_140707.json,agv01,2024-10-27 14:07:07,0,43.0,23.0,18.0,23.8,2.04,74.94,49.98,20.01,48.04,36.7425,74.94,32.241383732712215,0.000946306830295,24.24,28.0,6.185394328770659,0.015020768602215687,0.4312779157990912,10.0,9.650114059448242,8.202596950531005,Normal,Degradation Risk
/content/dacon_01/agv01_1027_1405/agv01_1027_140708.json,agv01,2024-10-27 14:07:08,0,43.0,23.0,17.0,24.0,2.01,74.86,50.08,19.9,48.11,36.7125,74.86,32.25340020835013,0.0008821510806051,24.11,27.666666666666668,6.089909433491257,0.01539830171272019,0.5917921014759021,10.0,9.673245429992676,8.222258615493773,Normal,Degradation Risk
/content/dacon_01/agv01_1027_1405/agv01_1027_140709.json,agv01,2024-10-27 14:07:09,0,43.0,23.0,20.0,24.0,1.78,75.09,49.97,19.94,48.29,36.695,75.09,32.40467507423376,0.0007616746357184,24.29,28.666666666666668,6.785642769228516,0.01525996953719782,0.532977984544004,10.0,9.791213989257812,8.32253189086914,Normal,Degradation Risk
/content/dacon_01/agv01_1027_1405/agv01_1027_140710.json,agv01,2024-10-27 14:07:10,0,43.0,23.0,19.0,24.0,2.1,74.88,50.0,20.01,48.43,36.7475,74.88,32.19891030764861,0.0008381419548898,24.43,28.33333333333333,6.59554660207788,0.01552013498739869,0.6435914492131796,10.0,10.099868774414062,8.584888458251953,Normal,Degradation Risk
/content/dacon_01/agv01_1027_1405/agv01_1027_140711.json,agv01,2024-10-27 14:07:11,0,44.0,23.0,19.0,24.0,1.94,74.88,50.09,19.9,48.65,36.7025,74.88,32.2877792928945,0.0008414297810693,24.65,28.666666666666668,6.864115489273223,0.015479970945138729,0.6265150700626683,10.0,9.942558288574219,8.451174545288085,Normal,Degradation Risk
/content/dacon_01/agv01_1027_1405/agv01_1027_140712.json,agv01,2024-10-27 14:07:12,0,44.0,23.0,19.0,24.0,1.89,75.12,49.95,19.94,48.79,36.725,75.12,32.37432161451419,0.0005803568350502,24.79,28.666666666666668,6.923026156417182,0.01571995277374677,0.7285471481094822,10.0,10.192182540893555,8.66335515975952,Normal,Degradation Risk
/content/dacon_01/agv01_1027_1405/agv01_1027_140713.json,agv01,2024-10-27 14:07:13,0,44.0,23.0,19.0,23.91,2.08,74.84,50.01,19.96,48.85,36.7225,74.84,32.20033993091791,0.0005076966597073,24.94,28.666666666666668,6.864182249905102,0.015635019688108286,0.6924365005955136,10.0,10.0086669921875,8.507366943359374,Normal,Degradation Risk
/content/dacon_01/agv01_1027_1405/agv01_1027_140714.json,agv01,2024-10-27 14:07:14,0,45.0,24.0,19.0,23.83,1.78,74.93,50.06,19.9,48.95,36.6675,74.93,32.36080280730584,0.0007583443737908,25.120000000000005,29.33333333333333,7.2795684437978085,0.01552094717853996,0.643936765149789,10.0,10.124224662780762,8.605590963363648,Normal,Degradation Risk
/content/dacon_01/agv01_1027_1405/agv01_1027_140715.json,agv01,2024-10-27 14:07:15,0,44.0,24.0,19.0,23.6,1.92,75.1,49.96,19.96,49.09,36.735,75.1,32.35356085502799,0.0007711407765579,25.49,29.0,7.008804638964742,0.01570657618036605,0.7228598774201188,10.0,10.062007904052734,8.552706718444824,Normal,Degradation Risk
/content/dacon_01/agv01_1027_1405/agv01_1027_140716.json,agv01,2024-10-27 14:07:16,0,43.0,24.0,19.0,23.6,2.09,74.82,50.06,19.96,49.3,36.7325,74.82,32.1957526960726,0.0006966434096586,25.7,28.666666666666668,6.828808147944543,0.015705161631519245,0.7222584595578783,10.0,10.262990951538086,8.723542308807373,Normal,Degradation Risk
/content/dacon_01/agv01_1027_1405/agv01_1027_140717.json,agv01,2024-10-27 14:07:17,0,45.0,23.0,21.0,23.6,1.76,74.97,50.03,19.93,49.37,36.6725,74.97,32.374451218000075,0.0008370469303648,25.77,29.666666666666668,7.489905263314845,0.01578474326984759,0.7560938544296831,10.0,10.06114673614502,8.551974725723266,Normal,Degradation Risk
/content/dacon_01/agv01_1027_1405/agv01_1027_140718.json,agv01,2024-10-27 14:07:18,0,44.0,24.0,20.0,23.6,1.92,75.01,49.96,20.0,49.41,36.7225,75.01,32.311092393583145,0.0008304737289594,25.809999999999995,29.33333333333333,7.296445078748067,0.015826805940325643,0.7739774654595992,10.0,9.977550506591797,8.480917930603027,Normal,Degradation Risk
/content/dacon_01/agv01_1027_1405/agv01_1027_140719.json,agv01,2024-10-27 14:07:19,0,43.0,24.0,20.0,23.6,2.09,74.84,50.06,19.91,49.62,36.725,74.84,32.21233148966402,0.0008370469303648,26.02,29.0,7.1285819080445,0.01588231666459979,0.7975787297070916,10.0,10.148252487182617,8.626014614105225,Normal,Degradation Risk
/content/dacon_01/agv01_1027_1405/agv01_1027_140720.json,agv01,2024-10-27 14:07:20,0,44.0,24.0,20.0,23.6,1.74,75.01,50.02,19.93,49.76,36.675,75.01,32.39604142484078,0.0007840935207641,26.16,29.33333333333333,7.391583120847942,0.015824499398261613,0.772996802543326,10.0,10.050878524780273,8.543246746063232,Normal,Degradation Risk
/content/dacon_01/agv01_1027_1405/agv01_1027_140721.json,agv01,2024-10-27 14:07:21,0,44.0,24.0,18.0,23.73,2.03,74.92,49.97,20.0,49.86,36.73,74.92,32.23743476146947,0.000762520624993,26.13,28.666666666666668,7.059632197356906,0.015777222669801645,0.7528963521217067,10.0,9.868180274963379,8.387953233718871,Normal,Degradation Risk
/content/dacon_01/agv01_1027_1405/agv01_1027_140722.json,agv01,2024-10-27 14:07:22,0,44.0,24.0,20.0,23.9,2.01,74.87,50.11,19.91,50.03,36.725,74.87,32.25975149728632,0.0007330854518329,26.130000000000003,29.33333333333333,7.604596506663943,0.01599038426112414,0.8435253811967479,10.0,10.007431983947754,8.50631718635559,Normal,Degradation Risk
/content/dacon_01/agv01_1027_1405/agv01_1027_140723.json,agv01,2024-10-27 14:07:23,0,45.0,24.0,19.0,23.82,1.78,75.08,49.96,19.95,50.01,36.6925,75.08,32.39763713091846,0.0006116218139184,26.19,29.33333333333333,7.577552257961192,0.015922070928462276,0.814480885077096,10.0,10.151334762573242,8.628634548187256,Normal,Degradation Risk
/content/dacon_01/agv01_1027_1405/agv01_1027_140724.json,agv01,2024-10-27 14:07:24,0,45.0,24.0,20.0,23.8,2.03,74.95,49.97,19.98,50.03,36.7325,74.95,32.25274394011565,0.0006469636749859,26.23,29.666666666666668,7.76851571541028,0.01609883688735299,0.8896357341678368,10.0,9.864842414855957,8.385116052627563,Normal,Degradation Risk
/content/dacon_01/agv01_1027_1405/agv01_1027_140725.json,agv01,2024-10-27 14:07:25,0,45.0,24.0,19.0,23.9,1.93,74.91,50.11,19.9,50.12,36.7125,74.91,32.305956494120394,0.0006282111202912,26.22,29.33333333333333,7.63183295296758,0.015933706099278983,0.8194277623625311,10.0,9.742417335510254,8.281054735183716,Normal,Degradation Risk
/content/dacon_01/agv01_1027_1405/agv01_1027_140726.json,agv01,2024-10-27 14:07:26,0,44.0,24.0,20.0,23.97,1.88,75.08,49.95,19.98,50.21,36.7225,75.08,32.35519368406459,0.0004031757875339,26.24,29.33333333333333,7.706422810904386,0.016021727183041966,0.856851321222641,10.0,9.854089736938477,8.375976276397704,Normal,Degradation Risk
/content/dacon_01/agv01_1027_1405/agv01_1027_140727.json,agv01,2024-10-27 14:07:27,0,45.0,24.0,20.0,24.1,2.13,74.85,50.04,19.98,50.27,36.74999999999999,74.85,32.1870129089358,0.0005255704072033,26.17,29.666666666666668,7.976395739272873,0.015732659959489456,0.7339498095316963,10.0,9.75312328338623,8.290154790878296,Normal,Degradation Risk
/content/dacon_01/agv01_1027_1405/agv01_1027_140728.json,agv01,2024-10-27 14:07:28,0,45.0,24.0,20.0,24.1,1.77,74.95,50.07,19.91,50.41,36.675,74.95,32.37193177224162,0.0007405212306626,26.309999999999995,29.666666666666668,8.02762155548013,0.015591807703626887,0.6740642405009173,10.0,9.602709770202637,8.16230330467224,Normal,Degradation Risk
/content/dacon_01/agv01_1027_1405/agv01_1027_140729.json,agv01,2024-10-27 14:07:29,0,45.0,24.0,20.0,24.1,1.82,75.12,49.95,20.0,50.58,36.7225,75.12,32.38909937514987,0.0006831090502963,26.48,29.666666666666668,8.090437650883972,0.015302684029899555,0.5511387281234351,10.0,9.710075378417969,8.253564071655273,Normal,Degradation Risk
/content/dacon_01/agv01_1027_1405/agv01_1027_140730.json,agv01,2024-10-27 14:07:30,0,45.0,24.0,19.0,23.9,2.04,74.85,50.13,19.9,50.73,36.73,74.85,32.24561675639032,0.0006764110591869,26.83,29.33333333333333,7.793347270722002,0.015249533456322935,0.5285409193524218,10.0,9.775049209594727,8.308791828155517,Normal,Degradation Risk
/content/dacon_01/agv01_1027_1405/agv01_1027_140731.json,agv01,2024-10-27 14:07:31,0,45.0,25.0,20.0,23.92,1.8,75.04,49.99,19.91,50.89,36.685,75.04,32.38565989240712,0.0007759883166286,26.97,30.0,8.284464365584126,0.015028877756000569,0.43472565105751376,10.0,9.665470123291016,8.215649604797363,Normal,Degradation Risk
/content/dacon_01/agv01_1027_1405/agv01_1027_140732.json,agv01,2024-10-27 14:07:32,0,45.0,23.0,21.0,24.0,1.99,74.88,49.99,20.01,51.03,36.7175,74.88,32.237015344683094,0.0007700073405662,27.03,29.666666666666668,8.139321685811924,0.015194755094722342,0.5052510307032398,10.0,9.859953880310059,8.38096079826355,Normal,Degradation Risk
/content/dacon_01/agv01_1027_1405/agv01_1027_140733.json,agv01,2024-10-27 14:07:33,0,45.0,23.0,20.0,24.0,2.04,74.89,50.08,19.9,51.1,36.7275,74.89,32.25447294562415,0.0006409080206587,27.1,29.33333333333333,7.949415430246047,0.015228906293586652,0.5197709541829745,10.0,9.978171348571777,8.48144564628601,Normal,Degradation Risk
/content/dacon_01/agv01_1027_1405/agv01_1027_140734.json,agv01,2024-10-27 14:07:34,0,46.0,24.0,20.0,24.0,1.79,75.07,49.95,19.94,51.23,36.6875,75.07,32.39045371196067,0.0005493070727807,27.23,30.0,8.418500692280007,0.015187376906770257,0.5021140771541411,10.0,9.912457466125488,8.425588846206665,Normal,Degradation Risk
/content/dacon_01/agv01_1027_1405/agv01_1027_140735.json,agv01,2024-10-27 14:07:35,0,46.0,26.0,19.0,24.0,2.03,74.86,50.02,19.98,51.3,36.7225,74.86,32.22407627328775,0.0005493070727807,27.3,30.33333333333333,8.624895182431707,0.015183801494598045,0.5005939340003006,10.0,10.136245727539062,8.615808868408203,Normal,Degradation Risk
/content/dacon_01/agv01_1027_1405/agv01_1027_140736.json,agv01,2024-10-27 14:07:36,0,46.0,25.0,20.0,24.03,1.84,74.88,50.07,19.9,51.47,36.6725,74.88,32.32092137197412,0.0006308245125613,27.44,30.33333333333333,8.689895809854923,0.015071664950697212,0.4529173050423765,10.0,9.939251899719238,8.448364114761352,Normal,Degradation Risk
/content/dacon_01/agv01_1027_1405/agv01_1027_140737.json,agv01,2024-10-27 14:07:37,0,46.0,26.0,20.0,24.3,1.79,75.11,49.95,19.96,51.58,36.7025,75.11,32.40280993473663,0.0005890682059851,27.28,30.666666666666668,9.089362018305835,0.014854401263261508,0.3605442047882536,10.0,9.937561988830566,8.446927690505982,Normal,Degradation Risk
/content/dacon_01/agv01_1027_1405/agv01_1027_140738.json,agv01,2024-10-27 14:07:38,0,46.0,25.0,22.0,24.33,2.13,74.86,50.01,19.97,51.74,36.7425,74.86,32.188570823611705,0.0007190150693217,27.410000000000004,31.0,9.333492037490505,0.015001346004851158,0.42302009068931506,10.0,10.181010246276855,8.653858709335326,Normal,Degradation Risk
/content/dacon_01/agv01_1027_1405/agv01_1027_140739.json,agv01,2024-10-27 14:07:39,0,47.0,26.0,20.0,24.4,1.89,74.92,50.06,19.9,51.87,36.6925,74.92,32.31735279484796,0.0006915022838229,27.47,31.0,9.410623815489389,0.01482864844874648,0.3495949875255833,10.0,10.020547866821289,8.517465686798095,Normal,Degradation Risk
/content/dacon_01/agv01_1027_1405/agv01_1027_140740.json,agv01,2024-10-27 14:07:40,0,46.0,25.0,20.0,24.56,1.9,75.09,49.95,19.97,52.1,36.727500000000006,75.09,32.35369363251539,0.0006984953138188,27.540000000000003,30.33333333333333,9.15612404824996,0.015028146338941223,0.43441467750207086,10.0,9.89382553100586,8.40975170135498,Normal,Degradation Risk
/content/dacon_01/agv01_1027_1405/agv01_1027_140741.json,agv01,2024-10-27 14:07:41,0,46.0,24.0,20.0,24.62,2.1,74.83,50.05,19.93,52.11,36.7275,74.83,32.199944487529784,0.0007138036138187,27.49,30.0,8.955396563775288,0.01521077059032971,0.512060272499786,10.0,10.041840553283691,8.535564470291137,Normal,Degradation Risk
/content/dacon_01/agv01_1027_1405/agv01_1027_140742.json,agv01,2024-10-27 14:07:42,0,47.0,24.0,20.0,24.8,1.78,74.95,50.04,19.9,52.21,36.6675,74.95,32.36593000363191,0.0007546660447514,27.41,30.33333333333333,9.296020157739772,0.015385420482812589,0.5863154424184452,10.0,10.19011116027832,8.661594486236572,Normal,Degradation Risk
/content/dacon_01/agv01_1027_1405/agv01_1027_140743.json,agv01,2024-10-27 14:07:43,0,47.0,25.0,21.0,24.83,1.91,75.01,49.96,19.97,52.25,36.7125,75.01,32.319860122428345,0.0007480481746547,27.42,31.0,9.744956573213553,0.015224697626439026,0.5179815726395036,10.0,10.185309410095215,8.657512998580932,Normal,Degradation Risk
/content/dacon_01/agv01_1027_1405/agv01_1027_140744.json,agv01,2024-10-27 14:07:44,0,46.0,25.0,21.0,24.9,2.06,74.83,50.07,19.93,52.38,36.7225,74.83,32.21704660062227,0.0006527611882878,27.480000000000004,30.666666666666668,9.588743640623896,0.01535665990772393,0.5740874280761173,10.0,10.355921745300293,8.802533483505249,Normal,Degradation Risk
/content/dacon_01/agv01_1027_1405/agv01_1027_140745.json,agv01,2024-10-27 14:07:45,0,46.0,25.0,21.0,24.9,1.72,74.97,49.99,19.9,52.45,36.645,74.97,32.388502589653626,0.0009637511154279,27.550000000000004,30.666666666666668,9.626121180970573,0.015088765095005719,0.46018770242545104,10.0,10.499844551086426,8.924867868423462,Normal,Degradation Risk
/content/dacon_01/agv01_1027_1405/agv01_1027_140746.json,agv01,2024-10-27 14:07:46,0,46.0,26.0,20.0,24.9,1.96,74.96,49.98,19.99,52.75,36.7225,74.96,32.28144810361931,0.0009443172108297,27.85,30.666666666666668,9.706935918389993,0.014989195052988517,0.4178539209172819,10.0,10.371829986572266,8.816055488586425,Normal,Degradation Risk
/content/dacon_01/agv01_1027_1405/agv01_1027_140747.json,agv01,2024-10-27 14:07:47,0,47.0,25.0,22.0,25.26,2.04,74.88,50.07,19.91,52.73,36.725,74.88,32.24741074877175,0.0009337028238648,27.469999999999995,31.33333333333333,10.294616650857558,0.015128197880335174,0.4769531761018333,10.0,10.189737319946289,8.750424153228924,Normal,Sensor Risk
/content/dacon_01/agv01_1027_1405/agv01_1027_140748.json,agv01,2024-10-27 14:07:48,0,47.0,25.0,21.0,25.32,1.81,75.06,49.99,19.94,52.76,36.7,75.06,32.3847875810027,0.000834654006662,27.44,31.0,10.142019501310655,0.015407678698930788,0.5957788757847446,10.0,9.998028755187988,8.620716576114056,Normal,Sensor Risk
/content/dacon_01/agv01_1027_1405/agv01_1027_140749.json,agv01,2024-10-27 14:07:49,0,46.0,24.0,20.0,25.4,1.95,75.05,49.95,19.9,52.82,36.7125,75.05,32.332062904594665,0.000834654006662,27.42,30.0,9.573467214532602,0.015146620979287252,0.4847860486199135,10.0,9.85333251953125,8.375332641601561,Normal,Degradation Risk
/content/dacon_01/agv01_1027_1405/agv01_1027_140750.json,agv01,2024-10-27 14:07:50,0,47.0,24.0,20.0,25.4,1.88,75.07,49.95,19.93,53.25,36.7075,75.07,32.35987471648595,0.0008029797885279,27.85,30.33333333333333,9.901032016207651,0.015166065284172355,0.4930531030261172,10.0,10.014737129211426,8.51252655982971,Normal,Degradation Risk
/content/dacon_01/agv01_1027_1405/agv01_1027_140751.json,agv01,2024-10-27 14:07:51,0,48.0,25.0,21.0,25.4,1.81,75.09,49.95,19.97,53.72,36.705,75.09,32.38600263488328,0.00027039642123,28.32,31.33333333333333,10.649498486424697,0.015125864211299534,0.4759609797236287,10.0,10.135516166687012,9.052073713460992,Normal,Sensor Risk
/content/dacon_01/agv01_1027_1405/agv01_1027_140752.json,agv01,2024-10-27 14:07:52,0,47.0,26.0,20.0,25.4,2.06,74.85,50.01,19.97,54.2,36.7225,74.85,32.209724592634025,0.00027039642123,28.800000000000004,31.0,10.548388456799364,0.015177073935233787,0.4977336055075144,10.0,10.378607749938965,8.96613018827946,Normal,Sensor Risk
/content/dacon_01/agv01_1027_1405/agv01_1027_140753.json,agv01,2024-10-27 14:07:53,0,48.0,27.0,21.0,25.42,1.88,74.94,50.07,19.9,54.44,36.6975,74.94,32.33020710831693,0.0002474412998732,29.02,32.0,11.258042390720561,0.015323801000312188,0.560116942789734,10.0,10.149603843688965,9.569336032112476,Normal,Sensor Risk
/content/dacon_01/agv01_1027_1405/agv01_1027_140754.json,agv01,2024-10-27 14:07:54,0,48.0,26.0,21.0,25.6,1.86,75.07,49.95,19.98,54.75,36.715,75.07,32.35842239664969,0.0002359099567604,29.15,31.666666666666668,11.239757442616915,0.015607817800416297,0.6808711869044393,10.0,10.036238670349121,9.553793826224377,Normal,Sensor Risk
/content/dacon_01/agv01_1027_1405/agv01_1027_140755.json,agv01,2024-10-27 14:07:55,0,48.0,26.0,20.0,25.6,2.09,74.78,50.04,19.95,54.95,36.715,74.78,32.17895637421036,0.0002414130624528,29.35,31.33333333333333,11.057092138670457,0.015459259799789331,0.6177093983541655,10.0,9.922273635864258,9.39852831786989,Normal,Sensor Risk
/content/dacon_01/agv01_1027_1405/agv01_1027_140756.json,agv01,2024-10-27 14:07:56,0,48.0,26.0,23.0,25.6,1.78,74.95,50.02,19.9,55.13,36.6625,74.95,32.36317699176025,0.0005897575850526,29.53,32.333333333333336,11.75307870153308,0.015659040875293052,0.7026494890531368,10.0,10.004154205322266,9.99011689630312,Normal,Sensor Risk
/content/dacon_01/agv01_1027_1405/agv01_1027_140757.json,agv01,2024-10-27 14:07:57,0,49.0,26.0,22.0,25.4,1.91,75.05,49.95,20.0,55.31,36.7275,75.05,32.32912038704425,0.0006513681064092,29.910000000000004,32.333333333333336,11.710604263989433,0.015616681504534291,0.6846397311962997,10.0,9.932250022888184,9.954013624391019,Normal,Sensor Risk
/content/dacon_01/agv01_1027_1405/agv01_1027_140758.json,agv01,2024-10-27 14:07:58,0,49.0,26.0,22.0,25.3,2.06,74.81,50.08,19.94,55.51,36.7225,74.81,32.208806637315824,0.0006513681064092,30.21,32.333333333333336,11.689924976658094,0.015650042450253015,0.6988236660259981,10.0,10.066073417663574,9.93643623015938,Normal,Sensor Risk
/content/dacon_01/agv01_1027_1405/agv01_1027_140759.json,agv01,2024-10-27 14:07:59,0,49.0,25.0,22.0,25.3,1.74,74.99,50.01,19.9,55.63,36.66,74.99,32.3919506462125,0.0008369693390447,30.33,32.0,11.534986959066046,0.01566761941180277,0.706296789816548,10.0,9.884458541870117,9.804738915206139,Normal,Sensor Risk
/content/dacon_01/agv01_1027_1405/agv01_1027_140800.json,agv01,2024-10-27 14:08:00,0,49.0,26.0,23.0,25.3,1.8,75.15,49.95,20.0,55.73,36.725,75.15,32.408139409722374,0.0008695582597858,30.43,32.666666666666664,11.995518982633518,0.015555468590600236,0.6586140906375165,10.0,9.70250415802002,10.19619113523849,Normal,Sensor Risk
/content/dacon_01/agv01_1027_1405/agv01_1027_140801.json,agv01,2024-10-27 14:08:01,0,49.0,27.0,22.0,25.6,1.85,74.91,50.11,19.9,55.91,36.6925,74.91,32.33467939637977,0.0008559312621658,30.309999999999995,32.666666666666664,12.174366041917366,0.015830145714195665,0.7753974232544927,10.0,9.744876861572266,10.34821113562976,Normal,Sensor Risk
/content/dacon_01/agv01_1027_1405/agv01_1027_140802.json,agv01,2024-10-27 14:08:02,0,50.0,26.0,23.0,25.73,1.8,75.05,49.95,19.98,56.02,36.695,75.05,32.372072840644606,0.0007192286962031,30.290000000000003,33.0,12.491708438111466,0.015518274180865536,0.6428002978225846,10.0,9.664037704467773,10.617952172394746,Normal,Sensor Risk
/content/dacon_01/agv01_1027_1405/agv01_1027_140803.json,agv01,2024-10-27 14:08:03,0,49.0,26.0,21.0,25.8,2.1,74.81,49.98,19.96,56.13,36.7125,74.81,32.17720453468056,0.0006628788234876,30.33,32.0,11.907852474190642,0.015917250156428205,0.81243125743954,10.0,9.780272483825684,10.121674603062045,Normal,Sensor Risk
/content/dacon_01/agv01_1027_1405/agv01_1027_140804.json,agv01,2024-10-27 14:08:04,0,49.0,27.0,23.0,26.3,1.74,74.91,50.09,19.9,56.29,36.66,74.91,32.37144523598949,0.0007270775567181,29.99,33.0,12.844007172844154,0.015796515628629847,0.7610990593530452,10.0,9.696555137634277,10.917406096917531,Normal,Sensor Risk
/content/dacon_01/agv01_1027_1405/agv01_1027_140805.json,agv01,2024-10-27 14:08:05,0,50.0,26.0,23.0,26.3,1.91,75.05,49.93,19.99,56.4,36.72,75.05,32.32811985459924,0.0006514716366837,30.1,33.0,12.887150766598506,0.015910234386011652,0.8094483914498432,10.0,9.593306541442871,10.95407815160873,Normal,Sensor Risk
/content/dacon_01/agv01_1027_1405/agv01_1027_140806.json,agv01,2024-10-27 14:08:06,0,51.0,27.0,22.0,26.3,2.16,74.83,50.07,19.94,56.54,36.75,74.83,32.17946032280011,0.0008252353248201,30.24,33.333333333333336,13.114020083332068,0.01577458396887425,0.7517744666000912,10.0,9.557112693786621,11.146917070832258,Normal,Sensor Risk
/content/dacon_01/agv01_1027_1405/agv01_1027_140807.json,agv01,2024-10-27 14:08:07,0,50.0,26.0,22.0,26.52,1.7,74.93,50.03,19.9,56.62,36.64,74.93,32.38542573442567,0.0011033605938336,30.1,32.666666666666664,12.845858937680159,0.01571735938462023,0.7274445276181744,10.0,9.736775398254395,10.918980097028134,Normal,Sensor Risk
/content/dacon_01/agv01_1027_1405/agv01_1027_140808.json,agv01,2024-10-27 14:08:08,0,49.0,26.0,22.0,26.7,1.95,75.04,49.95,20.0,56.75,36.735,75.04,32.31081191593097,0.0011832460539257,30.05,32.333333333333336,12.777542134430195,0.015446648349149394,0.6123474402282469,10.0,9.685498237609863,10.860910814265665,Normal,Sensor Risk
/content/dacon_01/agv01_1027_1405/agv01_1027_140809.json,agv01,2024-10-27 14:08:09,0,50.0,27.0,22.0,27.09,2.1,74.79,50.07,19.93,56.78,36.7225,74.79,32.18693251926937,0.0012003202463614,29.69,33.0,13.377588749038084,0.015338780050932642,0.566485523572863,10.0,9.854119300842285,11.37095043668237,Normal,Sensor Risk
/content/dacon_01/agv01_1027_1405/agv01_1027_140810.json,agv01,2024-10-27 14:08:10,0,51.0,27.0,23.0,27.21,1.73,74.97,49.97,19.91,56.96,36.645,74.97,32.3804400834825,0.0012912733507467,29.75,33.666666666666664,13.924353178136641,0.015445349710207295,0.611795303299116,10.0,10.107390403747559,11.835700201416145,Normal,Sensor Risk
/content/dacon_01/agv01_1027_1405/agv01_1027_140811.json,agv01,2024-10-27 14:08:11,0,51.0,26.0,22.0,27.3,1.98,74.95,49.96,20.0,57.03,36.7225,74.95,32.26585643783017,0.0012966968523563,29.73,33.0,13.57106804411841,0.01513100058905064,0.47814479213400385,10.0,10.038418769836426,11.53540783750065,Normal,Sensor Risk
/content/dacon_01/agv01_1027_1405/agv01_1027_140812.json,agv01,2024-10-27 14:08:12,0,50.0,27.0,23.0,27.52,1.98,74.8,50.09,19.91,57.17,36.695,74.8,32.24016387468691,0.001131624801437,29.65,33.333333333333336,13.913278853847938,0.015559248643671435,0.6602212401130361,10.0,10.359740257263184,11.826287025770748,Normal,Sensor Risk
/content/dacon_01/agv01_1027_1405/agv01_1027_140813.json,agv01,2024-10-27 14:08:13,0,52.0,28.0,22.0,27.9,1.76,75.06,49.98,19.92,57.29,36.68000000000001,75.06,32.40482680095668,0.0009189875757515,29.39,34.0,14.580963365649914,0.015367595039798038,0.5787366727948073,10.0,10.659394264221191,12.393818860802426,Normal,Sensor Risk
/content/dacon_01/agv01_1027_1405/agv01_1027_140814.json,agv01,2024-10-27 14:08:14,0,51.0,27.0,22.0,28.23,2.07,74.95,49.98,19.99,57.47,36.7475,74.95,32.23803589447306,0.0009968394839523,29.24,33.333333333333336,14.372813680626612,0.015487792330388347,0.6298404559673098,10.0,10.520281791687012,12.21689162853262,Normal,Sensor Risk
/content/dacon_01/agv01_1027_1405/agv01_1027_140815.json,agv01,2024-10-27 14:08:15,0,52.0,27.0,22.0,28.4,1.99,74.89,50.08,19.9,57.63,36.715,74.89,32.272401522043566,0.000977365716152,29.230000000000004,33.666666666666664,14.705837777680486,0.015194655873308871,0.5052088451466838,10.0,10.397164344787598,12.499962111028413,Normal,Sensor Risk
/content/dacon_01/agv01_1027_1405/agv01_1027_140816.json,agv01,2024-10-27 14:08:16,0,52.0,27.0,24.0,28.7,1.88,75.13,49.95,19.95,57.79,36.7275,75.13,32.380134213228125,0.000655131860177,29.09,34.333333333333336,15.339953522731033,0.015518609795221492,0.6429429895853698,10.0,10.092867851257324,13.038960494321378,Normal,Sensor Risk
/content/dacon_01/agv01_1027_1405/agv01_1027_140817.json,agv01,2024-10-27 14:08:17,0,52.0,28.0,23.0,28.86,2.06,74.83,49.99,19.99,57.96,36.7175,74.83,32.195618102468536,0.0006485073596211,29.1,34.333333333333336,15.43831919474493,0.015584805478963812,0.6710871337030058,10.0,10.340928077697754,13.12257131553319,Normal,Sensor Risk
/content/dacon_01/agv01_1027_1405/agv01_1027_140818.json,agv01,2024-10-27 14:08:18,0,52.0,28.0,23.0,29.4,1.78,74.9,50.08,19.91,58.19,36.6675,74.9,32.35001635754352,0.0008168561357992,28.79,34.333333333333336,15.787525796282853,0.015440725998610011,0.609829459029588,10.0,10.653721809387207,13.419396926840426,Normal,Sensor Risk
/content/dacon_01/agv01_1027_1405/agv01_1027_140819.json,agv01,2024-10-27 14:08:19,0,51.0,28.0,23.0,29.51,1.86,75.08,49.95,19.96,58.42,36.7125,75.08,32.365822894940685,0.0007185864403384,28.91,34.0,15.715306246070647,0.015507377416565823,0.6381673657712915,10.0,11.00049877166748,13.358010309160049,Normal,Sensor Risk
/content/dacon_01/agv01_1027_1405/agv01_1027_140820.json,agv01,2024-10-27 14:08:20,0,52.0,28.0,23.0,29.6,2.07,74.79,50.02,19.98,58.53,36.715,74.79,32.18211149070241,0.0005741144261356,28.93,34.333333333333336,15.968840802346774,0.01573497728392211,0.7349350567428856,10.0,11.576613426208496,13.573514681994757,Normal,Sensor Risk
/content/dacon_01/agv01_1027_1405/agv01_1027_140821.json,agv01,2024-10-27 14:08:21,0,53.0,28.0,24.0,29.42,1.76,75.01,50.06,19.93,58.66,36.690000000000005,75.01,32.394350330471724,0.0006030770687101,29.239999999999995,35.0,16.35122673621273,0.015357979991562668,0.5746486826429468,10.0,11.612574577331543,13.898542725780821,Normal,Sensor Risk
/content/dacon_01/agv01_1027_1405/agv01_1027_140822.json,agv01,2024-10-27 14:08:22,0,53.0,29.0,23.0,29.42,1.9,75.06,49.92,20.03,58.78,36.727500000000006,75.06,32.32740774740014,0.0006030770687102,29.36,35.0,16.389080066408088,0.01551331476742256,0.6406917245926227,10.0,12.096808433532715,13.930718056446874,Normal,Sensor Risk
/content/dacon_01/agv01_1027_1405/agv01_1027_140823.json,agv01,2024-10-27 14:08:23,0,54.0,28.0,24.0,29.6,2.08,74.81,50.06,19.96,58.95,36.7275,74.81,32.19539653946404,0.0006427656556459,29.35,35.333333333333336,16.711679998231528,0.015916865944454076,0.8122679036291363,10.0,12.869424819946289,14.204927998496798,Normal,Sensor Risk
/content/dacon_01/agv01_1027_1405/agv01_1027_140824.json,agv01,2024-10-27 14:08:24,0,53.0,29.0,24.0,29.82,1.78,75.02,50.03,19.94,59.14,36.6925,75.02,32.38525937830358,0.0004469062226064,29.32,35.333333333333336,16.894980483891324,0.015745808898265372,0.7395402892575935,10.0,12.684972763061523,14.360733411307624,Normal,Sensor Risk
/content/dacon_01/agv01_1027_1405/agv01_1027_140825.json,agv01,2024-10-27 14:08:25,0,54.0,29.0,24.0,30.1,1.92,75.02,49.95,20.03,59.33,36.73,75.02,32.30850558805425,0.0004962020204394,29.23,35.666666666666664,17.29958421395386,0.015468065312069852,0.6214532014640072,10.0,12.11478042602539,14.70464658186078,Normal,Sensor Risk
/content/dacon_01/agv01_1027_1405/agv01_1027_140826.json,agv01,2024-10-27 14:08:26,0,54.0,29.0,24.0,30.25,2.02,74.91,50.08,19.96,59.48,36.7425,74.91,32.25911382849814,0.0005914726075508,29.23,35.666666666666664,17.407795190759085,0.01563202413110548,0.6911628920574134,10.0,11.390885353088379,14.796625912145222,Normal,Sensor Risk
/content/dacon_01/agv01_1027_1405/agv01_1027_140827.json,agv01,2024-10-27 14:08:27,0,54.0,29.0,26.0,30.3,1.72,75.02,49.98,19.95,59.63,36.6675,75.02,32.398248280835595,0.0007756806924777,29.33,36.333333333333336,17.90466382038482,0.015541050452216739,0.6524839905821597,10.0,10.673828125,15.218964247327095,Normal,Sensor Risk
/content/dacon_01/agv01_1027_1405/agv01_1027_140828.json,agv01,2024-10-27 14:08:28,0,54.0,28.0,24.0,30.9,1.96,74.99,49.97,20.05,59.81,36.7425,74.99,32.28157304614094,0.000828794939574,28.910000000000004,35.333333333333336,17.63438107804465,0.015442515784240666,0.610590414757833,10.0,10.202289581298828,14.989223916337952,Normal,Sensor Risk
/content/dacon_01/agv01_1027_1405/agv01_1027_140829.json,agv01,2024-10-27 14:08:29,0,55.0,29.0,25.0,31.1,1.97,74.95,50.09,19.96,59.96,36.7425,74.95,32.29420936225771,0.0008723379291595,28.86,36.333333333333336,18.399577074874838,0.01567987828785307,0.7115088452675183,10.0,10.295685768127441,15.639640513643611,Normal,Sensor Risk
/content/dacon_01/agv01_1027_1405/agv01_1027_140830.json,agv01,2024-10-27 14:08:30,0,55.0,29.0,24.0,31.5,1.76,75.11,49.94,20.03,60.28,36.71,75.11,32.40019444386098,0.0008112448323903,28.78,36.0,18.499226705416444,0.01579839893625435,0.7618997774392605,10.0,10.174330711364746,15.724342699603977,Normal,Sensor Risk
/content/dacon_01/agv01_1027_1405/agv01_1027_140831.json,agv01,2024-10-27 14:08:31,0,55.0,31.0,27.0,32.2,2.0,74.92,50.15,19.97,60.3,36.76,74.92,32.2781628969184,0.0009142540848979,28.099999999999994,37.66666666666666,19.88772935387865,0.015782033870000465,0.7549419101417957,10.0,10.004688262939453,16.90456995079685,Normal,Sensor Risk
/content/dacon_01/agv01_1027_1405/agv01_1027_140832.json,agv01,2024-10-27 14:08:32,0,56.0,30.0,25.0,32.2,1.81,75.03,50.07,19.98,60.46,36.7225,75.03,32.37702001420143,0.000892449987126,28.26,37.0,19.525593808793147,0.016101304994158554,0.8906850888947082,10.0,10.300968170166016,16.596754737474175,Normal,Sensor Risk
/content/dacon_01/agv01_1027_1405/agv01_1027_140833.json,agv01,2024-10-27 14:08:33,0,55.0,30.0,25.0,32.47,1.92,75.13,49.95,20.07,60.68,36.7675,75.13,32.34508965824643,0.0005926748677242,28.21,36.66666666666666,19.521977201735016,0.0159019851746776,0.8059411085045355,10.0,10.158166885375977,16.593680621474764,Normal,Sensor Risk
/content/dacon_01/agv01_1027_1405/agv01_1027_140834.json,agv01,2024-10-27 14:08:34,0,56.0,30.0,25.0,32.52,2.11,74.9,50.07,20.01,60.87,36.7725,74.9,32.21283426938193,0.0006907024966134,28.349999999999994,37.0,19.78615532393599,0.016075482490761458,0.8797062422992855,10.0,10.032034873962402,16.81823202534559,Normal,Sensor Risk
/content/dacon_01/agv01_1027_1405/agv01_1027_140835.json,agv01,2024-10-27 14:08:35,0,55.0,30.0,26.0,32.6,1.75,75.09,50.0,20.0,61.13,36.71,75.09,32.40922810970152,0.0007998297862845,28.53,37.0,19.91887056364166,0.01641067615130825,1.0222191397635625,10.0,10.404504776000977,16.931039979095413,Normal,Sensor Risk
/content/dacon_01/agv01_1027_1405/agv01_1027_140836.json,agv01,2024-10-27 14:08:36,0,55.0,30.0,26.0,32.47,1.96,75.11,49.97,20.1,61.32,36.785,75.11,32.32037386334921,0.000811048996341,28.85,37.0,19.90632928397365,0.01620907483831755,0.9365051462469808,10.0,10.390172004699707,16.920379891377603,Normal,Sensor Risk
/content/dacon_01/agv01_1027_1405/agv01_1027_140837.json,agv01,2024-10-27 14:08:37,0,56.0,30.0,25.0,32.3,2.03,74.97,50.09,20.02,61.45,36.7775,74.97,32.27017340620696,0.0008556742535635,29.15000000000001,37.0,19.841232379773547,0.01612249085477616,0.8996925933235329,10.0,10.950296401977539,16.865047522807515,Normal,Sensor Risk
/content/dacon_01/agv01_1027_1405/agv01_1027_140838.json,agv01,2024-10-27 14:08:38,0,57.0,30.0,25.0,32.3,1.78,75.17,49.96,20.03,61.63,36.735,75.17,32.41943295823253,0.0007924752355296,29.330000000000005,37.333333333333336,20.11805323650833,0.0162166674263483,0.9397332553876776,10.0,11.869290351867676,17.10034525103208,Normal,Sensor Risk
/content/dacon_01/agv01_1027_1405/agv01_1027_140839.json,agv01,2024-10-27 14:08:39,0,58.0,31.0,26.0,32.3,1.95,75.0,49.99,20.13,61.84,36.7675,75.0,32.27807963618654,0.0007924752355296,29.540000000000006,38.333333333333336,20.78343536117655,0.016091376132807665,0.8864636761229748,10.0,12.497786521911621,17.66592005700007,Normal,Sensor Risk
/content/dacon_01/agv01_1027_1405/agv01_1027_140840.json,agv01,2024-10-27 14:08:40,0,56.0,31.0,27.0,32.5,1.91,75.01,50.07,20.03,61.96,36.755,75.01,32.32457218072138,0.0007683319994036,29.46,38.0,20.71120512989976,0.016088014295910596,0.885034337882442,10.0,13.944653511047363,17.604524360414796,Normal,Sensor Risk
/content/dacon_01/agv01_1027_1405/agv01_1027_140841.json,agv01,2024-10-27 14:08:41,0,57.0,31.0,25.0,32.54,1.81,75.2,49.96,20.12,62.16,36.7725,75.2,32.405066862040776,0.0004892441286249,29.62,37.66666666666666,20.59345353877838,0.01595120903598082,0.826869413315725,10.0,14.836459159851074,17.504435507961624,Normal,Sensor Risk
/content/dacon_01/agv01_1027_1405/agv01_1027_140842.json,agv01,2024-10-27 14:08:42,0,58.0,31.0,24.0,32.6,2.11,75.02,50.01,20.13,62.24,36.8175,75.02,32.231228516249054,0.0007468445163864,29.64,37.66666666666666,20.631490914263143,0.016109425870342642,0.8941378081169482,10.0,16.85759925842285,17.536767277123673,Normal,Sensor Risk
/content/dacon_01/agv01_1027_1405/agv01_1027_140843.json,agv01,2024-10-27 14:08:43,0,58.0,31.0,27.0,32.52,1.84,75.08,50.09,20.06,62.54,36.7675,75.08,32.374925868641,0.0007419101653456,30.02,38.66666666666666,21.30349391785684,0.016044224227785665,0.8664162963644079,10.0,18.70550537109375,18.107969830178313,Normal,Sensor Risk
/content/dacon_01/agv01_1027_1405/agv01_1027_140844.json,agv01,2024-10-27 14:08:44,1,58.0,31.0,26.0,32.5,1.84,75.31,49.95,20.17,62.73,36.8175,75.31,32.427868030445666,0.0007450507478342,30.23,38.333333333333336,21.160026518272225,0.01615233491818562,0.9123812698982974,40.0,19.998634338378906,17.98602254053139,Normal,Sensor Risk
/content/dacon_01/agv01_1027_1405/agv01_1027_140845.json,agv01,2024-10-27 14:08:45,1,58.0,32.0,27.0,32.8,2.13,75.02,50.02,20.15,62.89,36.83,75.02,32.22196248937465,0.0008666029419584,30.090000000000003,39.0,21.746857213304594,0.01647437694030686,1.049302539837846,40.0,20.506996154785156,18.484828631308904,Normal,Sensor Risk
/content/dacon_01/agv01_1027_1405/agv01_1027_140846.json,agv01,2024-10-27 14:08:46,1,60.0,31.0,27.0,32.9,1.77,75.16,50.05,20.11,63.17,36.7725,75.16,32.41761905199085,0.0007683723392977,30.270000000000003,39.333333333333336,22.09583794923885,0.016821774405922953,1.1970040784526692,40.0,20.799896240234375,18.781462256853022,Normal,Sensor Risk
/content/dacon_01/agv01_1027_1405/agv01_1027_140847.json,agv01,2024-10-27 14:08:47,1,58.0,31.0,26.0,33.1,1.92,75.29,49.96,20.18,63.23,36.837500000000006,75.29,32.39083653854384,0.0008087153198553,30.129999999999995,38.333333333333336,21.603440699528953,0.01697654844559941,1.2628087145265179,40.0,22.89921760559082,19.464334964752197,Normal,Degradation Risk
/content/dacon_01/agv01_1027_1405/agv01_1027_140848.json,agv01,2024-10-27 14:08:48,1,60.0,32.0,27.0,33.72,2.12,75.04,50.05,20.15,63.48,36.84,75.04,32.23754850067439,0.0008861947605928,29.76,39.66666666666666,22.799133503987438,0.017232859824509623,1.3717835597010126,40.0,26.51302719116211,22.53607311248779,Normal,Degradation Risk
/content/dacon_01/agv01_1027_1405/agv01_1027_140849.json,agv01,2024-10-27 14:08:49,1,61.0,32.0,27.0,34.1,1.74,75.17,50.04,20.15,63.61,36.775,75.17,32.42415817462858,0.0008344304559204,29.51,40.0,23.250319165451966,0.017050780411766855,1.294369611488995,40.0,31.607770919799805,26.866605281829834,Normal,Degradation Risk
/content/dacon_01/agv01_1027_1405/agv01_1027_140850.json,agv01,2024-10-27 14:08:50,1,60.0,32.0,28.0,34.63,1.9,75.2,49.95,20.2,63.81,36.8125,75.2,32.35764657181772,0.0008314961868832,29.18,40.0,23.579876964028784,0.017306777303271497,1.4032107473585138,40.0,29.854721069335938,25.376512908935545,Normal,Degradation Risk
/content/dacon_01/agv01_1027_1405/agv01_1027_140851.json,agv01,2024-10-27 14:08:51,1,60.0,32.0,27.0,34.77,2.0,75.09,50.06,20.17,64.02,36.83,75.09,32.29832296987983,0.0008314961868832,29.249999999999996,39.66666666666666,23.48976495224058,0.017496022127146727,1.483671183682341,40.0,27.695938110351562,23.541547393798826,Normal,Degradation Risk
/content/dacon_01/agv01_1027_1405/agv01_1027_140852.json,agv01,2024-10-27 14:08:52,1,61.0,32.0,27.0,35.0,1.7,75.27,49.99,20.2,64.16,36.79,75.27,32.46273042531491,0.0007271828551399,29.16,40.0,23.871061565115486,0.017825605985143718,1.6237989846794878,40.0,26.396329879760742,22.43688039779663,Normal,Degradation Risk
/content/dacon_01/agv01_1027_1405/agv01_1027_140853.json,agv01,2024-10-27 14:08:53,1,61.0,32.0,27.0,35.22,2.01,75.17,49.97,20.26,64.23,36.8525,75.17,32.29866083395203,0.0008122033462853,29.010000000000005,40.0,23.994158393991526,0.0178136766227618,1.6187270271872876,40.0,32.834442138671875,27.909275817871094,Normal,Degradation Risk
/content/dacon_01/agv01_1027_1405/agv01_1027_140854.json,agv01,2024-10-27 14:08:54,1,61.0,32.0,28.0,35.5,2.0,75.16,50.09,20.19,64.41,36.86,75.16,32.32662164016937,0.0009200100351017,28.91,40.333333333333336,24.395805491107932,0.017928448722215613,1.6675242043610414,40.0,37.18755340576172,31.60942039489746,Normal,Degradation Risk
/content/dacon_01/agv01_1027_1405/agv01_1027_140855.json,agv01,2024-10-27 14:08:55,1,62.0,33.0,28.0,35.27,1.77,75.36,49.96,20.25,64.57,36.835,75.36,32.4605283382757,0.0007014939322146,29.29999999999999,41.0,24.755428521606397,0.01789287796566424,1.6524007334312418,40.0,40.08650207519531,34.073526763916014,Normal,Degradation Risk
/content/dacon_01/agv01_1027_1405/agv01_1027_140856.json,agv01,2024-10-27 14:08:56,1,62.0,33.0,28.0,35.17,2.07,75.18,49.97,20.28,64.67,36.875,75.18,32.27761918109823,0.0008057006100065,29.5,41.0,24.71481105335873,0.018499357884966573,1.910255283581992,40.0,40.031089782714844,34.02642631530762,Normal,Degradation Risk
/content/dacon_01/agv01_1027_1405/agv01_1027_140857.json,agv01,2024-10-27 14:08:57,1,62.0,34.0,28.0,34.9,1.82,75.24,50.09,20.23,64.85,36.845,75.24,32.416122017703884,0.000794133378221,29.95,41.333333333333336,24.83976592825778,0.01844859912259508,1.88867439125407,40.0,41.00405502319336,34.85344676971435,Normal,Degradation Risk
/content/dacon_01/agv01_1027_1405/agv01_1027_140858.json,agv01,2024-10-27 14:08:58,1,62.0,33.0,28.0,34.97,1.88,75.37,49.95,20.32,64.97,36.88,75.37,32.41161623039904,0.0004707415434353,30.0,41.0,24.708895778272918,0.018696485867967714,1.9940673699530571,40.0,41.18391418457031,35.006327056884764,Normal,Degradation Risk
/content/dacon_01/agv01_1027_1405/agv01_1027_140859.json,agv01,2024-10-27 14:08:59,1,63.0,34.0,28.0,35.1,2.12,75.2,50.04,20.33,65.2,36.9225,75.2,32.26846176996976,0.0008430041283645,30.1,41.66666666666666,25.243086177854412,0.01911745048426396,2.1730471486888807,40.0,41.291847229003906,35.09807014465332,Normal,Degradation Risk
/content/dacon_01/agv01_1027_1405/agv01_1027_140900.json,agv01,2024-10-27 14:09:00,1,63.0,33.0,29.0,35.49,1.8,75.34,50.06,20.28,65.28,36.870000000000005,75.34,32.450218283806144,0.0008334592703847,29.79,41.66666666666666,25.478957919185355,0.019004985949880943,2.1252310693789407,40.0,41.2150764465332,35.03281497955322,Normal,Degradation Risk
/content/dacon_01/agv01_1027_1405/agv01_1027_140901.json,agv01,2024-10-27 14:09:01,1,64.0,34.0,28.0,35.6,1.82,75.51,49.95,20.4,65.57,36.92,75.51,32.47506428015194,0.000820545980369,29.96999999999999,42.0,25.83995980401314,0.019223822707638543,2.2182729854129404,40.0,41.211280822753906,35.02958869934082,Normal,Degradation Risk
/content/dacon_01/agv01_1027_1405/agv01_1027_140902.json,agv01,2024-10-27 14:09:02,1,62.0,34.0,29.0,35.9,1.87,75.25,50.08,20.3,65.86,36.875,75.25,32.38874958994249,0.000820545980369,29.96,41.66666666666666,25.83874316481208,0.019428163641826188,2.3051517723032826,40.0,41.05295181274414,34.89500904083252,Normal,Degradation Risk
/content/dacon_01/agv01_1027_1405/agv01_1027_140903.json,agv01,2024-10-27 14:09:03,1,64.0,34.0,30.0,36.03,1.79,75.45,49.98,20.33,66.15,36.8875,75.45,32.478019618402435,0.0006240219297413,30.120000000000005,42.66666666666666,26.627224527980903,0.01990625369486311,2.508419335884278,40.0,40.92811965942383,34.78890171051025,Normal,Degradation Risk
/content/dacon_01/agv01_1027_1405/agv01_1027_140904.json,agv01,2024-10-27 14:09:04,1,63.0,34.0,29.0,36.3,2.0,75.34,50.01,20.42,66.29,36.9425,75.34,32.34758556162526,0.0007986098057764,29.99000000000001,42.0,26.378649438242704,0.02008235879577421,2.583293210730655,40.0,41.060585021972656,34.901497268676756,Normal,Degradation Risk
/content/dacon_01/agv01_1027_1405/agv01_1027_140905.json,agv01,2024-10-27 14:09:05,1,63.0,34.0,30.0,36.36,1.96,75.36,50.09,20.36,66.35,36.9425,75.36,32.390922982629974,0.0008953370233073,29.989999999999995,42.333333333333336,26.637479912603805,0.02022427322737031,2.6436303806095975,40.0,40.990501403808594,34.841926193237306,Normal,Degradation Risk
/content/dacon_01/agv01_1027_1405/agv01_1027_140906.json,agv01,2024-10-27 14:09:06,1,65.0,34.0,29.0,36.4,1.81,75.56,49.94,20.43,66.64,36.935,75.56,32.49205697807799,0.0007913798414994,30.24,42.66666666666666,26.9643687169767,0.019731237302006367,2.4340083425227883,40.0,41.036407470703125,34.88094635009765,Normal,Degradation Risk
/content/dacon_01/agv01_1027_1405/agv01_1027_140907.json,agv01,2024-10-27 14:09:07,1,65.0,34.0,30.0,36.76,2.06,75.37,50.01,20.47,66.83,36.9775,75.37,32.32934412676302,0.0010388781728462,30.07,43.0,27.393581176586608,0.020201776299786523,2.6340654552802234,40.0,41.085235595703125,34.92245025634765,Normal,Degradation Risk
/content/dacon_01/agv01_1027_1405/agv01_1027_140908.json,agv01,2024-10-27 14:09:08,1,65.0,35.0,30.0,36.8,1.86,75.42,50.08,20.42,66.95,36.945,75.42,32.43910551582252,0.0007854033871471,30.15000000000001,43.333333333333336,27.656891015287556,0.020384660881800316,2.7118217339694213,40.0,41.00040054321289,34.85034046173096,Normal,Degradation Risk
/content/dacon_01/agv01_1027_1405/agv01_1027_140909.json,agv01,2024-10-27 14:09:09,1,65.0,35.0,29.0,36.8,1.86,75.69,49.95,20.52,67.12,37.005,75.69,32.51168251567427,0.000742755978485,30.320000000000007,43.0,27.521614714551355,0.02064493719638723,2.822482334389479,40.0,41.077964782714844,34.916270065307614,Normal,Degradation Risk
/content/dacon_01/agv01_1027_1405/agv01_1027_140910.json,agv01,2024-10-27 14:09:10,1,66.0,36.0,30.0,36.86,2.17,75.43,50.05,20.52,67.41,37.0425,75.43,32.310367144308344,0.0011485761722953,30.55,44.0,28.23605825903656,0.021481602205992992,3.1782037240225303,40.0,41.22291564941406,35.03947830200195,Normal,Degradation Risk
/content/dacon_01/agv01_1027_1405/agv01_1027_140911.json,agv01,2024-10-27 14:09:11,1,66.0,35.0,31.0,36.9,1.85,75.55,50.05,20.53,67.64,36.995,75.55,32.471465935494805,0.0010779004984536,30.74,44.0,28.330609067650446,0.020958027093055987,2.955597466305367,40.0,41.38438034057617,35.17672328948974,Normal,Degradation Risk
/content/dacon_01/agv01_1027_1405/agv01_1027_140912.json,agv01,2024-10-27 14:09:12,1,67.0,35.0,30.0,36.9,1.84,75.66,49.95,20.58,67.74,37.0075,75.66,32.496871003221216,0.0008815142417931,30.84,44.0,28.366386060030386,0.021234536770479828,3.073159938227723,40.0,41.342674255371094,35.14127311706543,Normal,Degradation Risk
/content/dacon_01/agv01_1027_1405/agv01_1027_140913.json,agv01,2024-10-27 14:09:13,1,67.0,34.0,31.0,36.9,2.09,75.47,50.05,20.58,67.89,37.0475,75.47,32.34480316320794,0.0010032867848839,30.99,44.0,28.389974635523902,0.022350359525072465,3.5475696676783457,40.0,41.241966247558594,35.055671310424806,Normal,Degradation Risk
/content/dacon_01/agv01_1027_1405/agv01_1027_140914.json,agv01,2024-10-27 14:09:14,1,68.0,35.0,29.0,36.9,1.76,75.64,50.03,20.59,68.11,37.005,75.64,32.52678947165449,0.0005971021181364,31.21,44.0,28.461799348413475,0.022348371065578024,3.5467242426080126,40.0,41.22181701660156,35.038544464111325,Normal,Degradation Risk
/content/dacon_01/agv01_1027_1405/agv01_1027_140915.json,agv01,2024-10-27 14:09:15,1,68.0,36.0,30.0,36.94,1.88,75.72,49.95,20.68,68.35,37.0575,75.72,32.489405837390535,0.0007115854155284,31.41,44.66666666666666,28.974215448250817,0.02261621768439026,3.6606034778557,40.0,41.28822708129883,35.094993019104,Normal,Degradation Risk
/content/dacon_01/agv01_1027_1405/agv01_1027_140916.json,agv01,2024-10-27 14:09:16,1,69.0,36.0,30.0,37.0,2.1,75.57,50.07,20.66,68.47,37.1,75.57,32.3699212232591,0.0010896379069636,31.47,45.0,29.236156296602367,0.022584384495584944,3.64706909309206,40.0,41.344051361083984,35.14244365692139,Normal,Degradation Risk
/content/dacon_01/agv01_1027_1405/agv01_1027_140917.json,agv01,2024-10-27 14:09:17,1,69.0,36.0,31.0,37.67,1.77,75.78,49.99,20.71,68.69,37.0625,75.78,32.55318660797025,0.0009719972515905,31.02,45.333333333333336,29.867874088157087,0.022528646167912236,3.623371059652248,40.0,41.431644439697266,35.21689777374267,Normal,Degradation Risk
/content/dacon_01/agv01_1027_1405/agv01_1027_140918.json,agv01,2024-10-27 14:09:18,1,67.0,36.0,31.0,38.14,1.94,75.7,49.95,20.78,68.94,37.0925,75.7,32.44302839851216,0.000922620358583,30.8,44.66666666666666,29.751998456230766,0.023063195646487105,3.8506432428595687,40.0,41.27796936035156,35.086273956298825,Normal,Degradation Risk
/content/dacon_01/agv01_1027_1405/agv01_1027_140919.json,agv01,2024-10-27 14:09:19,1,69.0,36.0,30.0,39.3,2.0,75.69,50.09,20.72,69.05,37.125,75.69,32.4460583122203,0.0011305868125827,29.75,45.0,30.587232987460684,0.023666216868185364,4.107027272905,40.0,41.3707389831543,35.16512813568115,Normal,Degradation Risk
/content/dacon_01/agv01_1027_1405/agv01_1027_140920.json,agv01,2024-10-27 14:09:20,1,69.0,37.0,31.0,39.3,1.79,75.86,49.95,20.8,69.2,37.1,75.86,32.55736578205716,0.0006866208543563,29.90000000000001,45.66666666666666,31.05606649771982,0.023887950035161525,4.201300643225176,40.0,41.442256927490234,35.2259183883667,Normal,Degradation Risk
/content/dacon_01/agv01_1027_1405/agv01_1027_140921.json,agv01,2024-10-27 14:09:21,1,68.0,37.0,31.0,39.3,2.01,75.75,49.99,20.88,69.28,37.1575,75.75,32.42611023542602,0.0008656981326414,29.980000000000004,45.333333333333336,30.860971950780723,0.024135879589637876,4.306711822893115,40.0,41.4196891784668,35.20673580169677,Normal,Degradation Risk
/content/dacon_01/agv01_1027_1405/agv01_1027_140922.json,agv01,2024-10-27 14:09:22,1,69.0,37.0,32.0,39.1,1.92,75.83,50.08,20.82,69.54,37.1625,75.83,32.51229754518537,0.0010526964203364,30.440000000000005,46.0,31.25672274467575,0.024968426717546368,4.660682429855827,40.0,41.28298568725586,35.09053783416748,Normal,Degradation Risk
/content/dacon_01/agv01_1027_1405/agv01_1027_140923.json,agv01,2024-10-27 14:09:23,1,70.0,38.0,31.0,39.0,1.86,76.06,49.95,20.94,69.69,37.2025,76.06,32.58816387893003,0.0011295733447011,30.69,46.333333333333336,31.47892952151292,0.025654651661049372,4.952441840971601,40.0,41.3026123046875,35.10722045898437,Normal,Degradation Risk
/content/dacon_01/agv01_1027_1405/agv01_1027_140924.json,agv01,2024-10-27 14:09:24,1,71.0,37.0,31.0,38.6,2.08,75.83,50.04,20.96,69.88,37.2275,75.83,32.425768944878804,0.0012714251921774,31.279999999999998,46.333333333333336,31.304532851099264,0.02571350293088682,4.977463391111617,40.0,41.46903610229492,35.248680686950685,Normal,Degradation Risk
/content/dacon_01/agv01_1027_1405/agv01_1027_140925.json,agv01,2024-10-27 14:09:25,1,70.0,37.0,31.0,38.78,1.83,75.95,50.04,20.94,70.07,37.19,75.95,32.56712145707692,0.0011914644838782,31.289999999999992,46.0,31.251495340578646,0.026557006467663003,5.33609228895904,40.0,41.355247497558594,35.151960372924805,Normal,Degradation Risk
/content/dacon_01/agv01_1027_1405/agv01_1027_140926.json,agv01,2024-10-27 14:09:26,1,70.0,37.0,32.0,39.4,1.82,76.13,49.93,21.06,70.25,37.235,76.13,32.60795863998031,0.0008666591215724,30.85,46.333333333333336,31.84083400818879,0.026636585443421384,5.369926551797024,40.0,41.459991455078125,35.2409927368164,Normal,Degradation Risk
/content/dacon_01/agv01_1027_1405/agv01_1027_140927.json,agv01,2024-10-27 14:09:27,1,71.0,37.0,32.0,39.62,2.18,75.93,50.06,21.07,70.49,37.31,75.93,32.41358460069893,0.0013638158166622,30.87,46.66666666666666,32.214252545594334,0.027161331448383216,5.593030632816704,40.0,41.46240997314453,35.24304847717285,Normal,Degradation Risk
/content/dacon_01/agv01_1027_1405/agv01_1027_140928.json,agv01,2024-10-27 14:09:28,1,69.0,38.0,31.0,39.8,1.76,76.08,50.08,21.07,70.59,37.2475,76.08,32.62775033107043,0.0011341889526721,30.790000000000006,46.0,31.92926630559939,0.027093268691721503,5.564092673055042,40.0,41.370849609375,35.16522216796875,Normal,Degradation Risk
/content/dacon_01/agv01_1027_1405/agv01_1027_140929.json,agv01,2024-10-27 14:09:29,1,71.0,38.0,32.0,40.19,1.88,76.25,49.97,21.21,70.74,37.3275,76.25,32.61437758106078,0.0014054800561791,30.55,47.0,32.81606421683983,0.02736845889381927,5.681094149129374,40.0,41.3397331237793,35.1387731552124,Normal,Degradation Risk
/content/dacon_01/agv01_1027_1405/agv01_1027_140930.json,agv01,2024-10-27 14:09:30,1,72.0,37.0,32.0,40.34,2.13,76.08,50.03,21.2,70.85,37.36,76.08,32.465703955610344,0.0017268798406587,30.50999999999999,47.0,32.91033402390686,0.028182286841470276,6.027105999914243,40.0,41.34002685546875,35.13902282714844,Normal,Degradation Risk
/content/dacon_01/agv01_1027_1405/agv01_1027_140931.json,agv01,2024-10-27 14:09:31,1,72.0,38.0,32.0,40.7,1.72,76.28,49.99,21.24,70.96,37.307500000000005,76.28,32.6819842063891,0.0012840109980066,30.25999999999999,47.333333333333336,33.34758067231003,0.028388558203699996,6.11480553888317,40.0,41.415740966796875,35.20337982177734,Normal,Degradation Risk
/content/dacon_01/agv01_1027_1405/agv01_1027_140932.json,agv01,2024-10-27 14:09:32,1,71.0,39.0,32.0,40.7,1.92,76.46,49.95,21.36,71.19,37.4225,76.46,32.656270837313926,0.0015698652994778,30.489999999999995,47.333333333333336,33.43241448353721,0.029074744856751603,6.406548670206645,40.0,41.40693664550781,35.19589614868164,Normal,Degradation Risk
/content/dacon_01/agv01_1027_1405/agv01_1027_140933.json,agv01,2024-10-27 14:09:33,1,72.0,37.0,31.0,40.4,1.87,76.25,50.12,21.29,71.35,37.3825,76.25,32.62428888113885,0.0016408919076553,30.95,46.66666666666666,32.885498457594636,0.029562297047886283,6.613839211770932,40.0,41.34123611450195,35.14005069732666,Normal,Degradation Risk
/content/dacon_01/agv01_1027_1405/agv01_1027_140934.json,agv01,2024-10-27 14:09:34,1,73.0,38.0,32.0,40.6,1.79,76.54,49.95,21.38,71.59,37.415000000000006,76.54,32.73201134465566,0.001240571031213,30.99,47.66666666666666,33.70251589383043,0.029652878927034436,6.652351533376609,40.0,41.40592956542969,35.19504013061523,Normal,Degradation Risk
/content/dacon_01/agv01_1027_1405/agv01_1027_140935.json,agv01,2024-10-27 14:09:35,1,73.0,38.0,32.0,40.7,2.08,76.35,50.01,21.46,71.73,37.475,76.35,32.5457529231286,0.0015401589106297,31.03,47.66666666666666,33.77704525909636,0.030415963256053623,6.976788930434501,40.0,41.551910400390625,35.31912384033203,Normal,Degradation Risk
/content/dacon_01/agv01_1027_1405/agv01_1027_140936.json,agv01,2024-10-27 14:09:36,1,72.0,39.0,34.0,40.5,1.82,76.43,50.06,21.45,71.91,37.44,76.43,32.68000917992527,0.0015365123232616,31.41,48.333333333333336,34.14835483209352,0.030902677152272292,7.1837230576286135,40.0,41.530784606933594,35.30116691589355,Normal,Degradation Risk
/content/dacon_01/agv01_1027_1405/agv01_1027_140937.json,agv01,2024-10-27 14:09:37,1,73.0,40.0,34.0,40.5,1.85,76.7,49.92,21.56,72.06,37.5075,76.7,32.74091362500442,0.0011955246000314,31.56,49.0,34.62861076372843,0.03136036218973389,7.3783151054265845,40.0,41.6410026550293,35.394852256774904,Normal,Degradation Risk
/content/dacon_01/agv01_1027_1405/agv01_1027_140938.json,agv01,2024-10-27 14:09:38,1,73.0,39.0,33.0,40.5,2.03,76.45,50.03,21.64,72.25,37.5375,76.45,32.57687459430897,0.0015528261019161,31.75,48.333333333333336,34.243605223116724,0.032167047618444154,7.721290201077785,40.0,41.64949035644531,35.40206680297852,Normal,Degradation Risk
/content/dacon_01/agv01_1027_1405/agv01_1027_140939.json,agv01,2024-10-27 14:09:39,1,74.0,39.0,32.0,40.5,1.76,76.71,50.05,21.64,72.52,37.53999999999999,76.71,32.781129734447326,0.0013762890786025,32.02,48.333333333333336,34.341224472019604,0.03268201034220973,7.94023476503586,40.0,41.57900619506836,35.3421552658081,Normal,Degradation Risk
/content/dacon_01/agv01_1027_1405/agv01_1027_140940.json,agv01,2024-10-27 14:09:40,1,74.0,39.0,33.0,40.5,1.92,76.85,49.95,21.8,72.58,37.63,76.85,32.740310525914886,0.0017423829230146,32.08,48.66666666666666,34.584937400130535,0.033410871675496986,8.2501217130378,40.0,41.607608795166016,35.36646747589111,Normal,Degradation Risk
/content/dacon_01/agv01_1027_1405/agv01_1027_140941.json,agv01,2024-10-27 14:09:41,1,74.0,40.0,34.0,40.68,2.18,76.71,50.06,21.8,72.58,37.6875,76.71,32.603831446626025,0.0023566073145107,31.9,49.333333333333336,35.08810156846229,0.0344155960716951,8.677296214553323,40.0,41.612098693847656,35.370283889770505,Normal,Degradation Risk
/content/dacon_01/agv01_1027_1405/agv01_1027_140942.json,agv01,2024-10-27 14:09:42,1,74.0,40.0,33.0,40.72,1.76,76.89,49.98,21.85,72.62,37.62,76.89,32.81023722356586,0.0018439203385051,31.90000000000001,49.0,34.9224413068761,0.03510145261827365,8.968898995877723,40.0,41.72218704223633,35.46385898590088,Normal,Degradation Risk
/content/dacon_01/agv01_1027_1405/agv01_1027_140943.json,agv01,2024-10-27 14:09:43,1,74.0,40.0,35.0,40.8,2.01,77.04,49.98,22.01,72.75,37.76,77.04,32.75348225761652,0.0022847915638677,31.950000000000003,49.66666666666666,35.43668142524011,0.03535417580925609,9.076348266083407,40.0,41.774757385253906,35.50854377746582,Normal,Degradation Risk
/content/dacon_01/agv01_1027_1405/agv01_1027_140944.json,agv01,2024-10-27 14:09:44,1,75.0,40.0,33.0,41.13,1.99,76.91,50.09,22.03,73.02,37.755,76.91,32.71939842560271,0.0022685566956647,31.889999999999997,49.333333333333336,35.45822009120734,0.036421960247283044,9.530333743858407,40.0,41.74536895751953,35.4835636138916,Normal,Degradation Risk
/content/dacon_01/agv01_1027_1405/agv01_1027_140945.json,agv01,2024-10-27 14:09:45,1,75.0,40.0,33.0,41.4,1.71,77.25,49.98,22.11,73.23,37.7625,77.25,32.9308035887374,0.0017573655633516,31.830000000000005,49.333333333333336,35.68147289147983,0.03691822149110188,9.741327077206297,40.0,41.787261962890625,35.51917266845703,Normal,Degradation Risk
/content/dacon_01/agv01_1027_1405/agv01_1027_140946.json,agv01,2024-10-27 14:09:46,1,75.0,40.0,32.0,41.05,1.98,77.16,49.99,22.28,73.3,37.8525,77.16,32.77060407845218,0.0020844767669082,32.25,49.0,35.30810047753909,0.03733195011051018,9.917230357177608,40.0,41.862857818603516,35.583429145812985,Normal,Degradation Risk
/content/dacon_01/agv01_1027_1405/agv01_1027_140947.json,agv01,2024-10-27 14:09:47,1,76.0,41.0,35.0,40.98,2.0,77.22,50.06,22.25,73.5,37.8825,77.22,32.80070769053619,0.0024355953113369,32.52,50.66666666666666,36.37930867006759,0.03837707048020406,10.361579847084563,40.0,41.806312561035156,35.535365676879884,Normal,Degradation Risk
/content/dacon_01/agv01_1027_1405/agv01_1027_140948.json,agv01,2024-10-27 14:09:48,1,76.0,40.0,34.0,40.8,1.79,77.47,49.94,22.4,73.85,37.9,77.47,32.9389769118593,0.0017731612748239,33.05,50.0,35.982305545600845,0.03905966118598982,10.651794104433666,40.0,41.8752555847168,35.593967247009275,Normal,Degradation Risk
/content/dacon_01/agv01_1027_1405/agv01_1027_140949.json,agv01,2024-10-27 14:09:49,1,76.0,40.0,34.0,41.29,2.11,77.4,50.02,22.52,74.03,38.0125,77.4,32.784967464779754,0.0025319078524756,32.74,50.0,36.2860316686097,0.03984366332106491,10.98512503827492,40.0,41.847816467285156,35.570643997192384,Normal,Degradation Risk
/content/dacon_01/agv01_1027_1405/agv01_1027_140950.json,agv01,2024-10-27 14:09:50,1,76.0,40.0,33.0,41.9,1.86,77.51,50.12,22.54,74.17,38.0075,77.51,32.929447181309726,0.0025203949060106,32.27,49.66666666666666,36.43979607861756,0.040504528626086785,11.266102397150513,40.0,41.93348693847656,35.643463897705075,Normal,Degradation Risk
/content/dacon_01/agv01_1027_1405/agv01_1027_140951.json,agv01,2024-10-27 14:09:51,1,76.0,40.0,34.0,42.9,1.81,77.81,49.95,22.69,74.45,38.065,77.81,33.02389993121144,0.0022645104342577,31.550000000000004,50.0,37.264391214731916,0.04102506965146645,11.487418664453623,40.0,41.863765716552734,35.584200859069824,Normal,Degradation Risk
/content/dacon_01/agv01_1027_1405/agv01_1027_140952.json,agv01,2024-10-27 14:09:52,1,76.0,40.0,34.0,43.4,2.09,77.66,49.98,22.8,74.63,38.1325,77.66,32.84779990095734,0.0025186286566235,31.23,50.0,37.5584535859309,0.04166247294040499,11.758420775328004,40.0,41.92241668701172,35.63405418395996,Normal,Degradation Risk
/content/dacon_01/agv01_1027_1405/agv01_1027_140953.json,agv01,2024-10-27 14:09:53,1,77.0,42.0,34.0,45.1,1.8,77.91,50.05,22.85,74.79,38.1525,77.91,33.05490419993176,0.0024403720632997,29.690000000000005,51.0,39.12330753908046,0.04251309141590657,12.120074702143405,40.0,42.25827407836914,35.919532966613765,Normal,Degradation Risk
/content/dacon_01/agv01_1027_1405/agv01_1027_140954.json,agv01,2024-10-27 14:09:54,1,78.0,41.0,35.0,45.35,1.88,78.14,49.95,23.06,74.94,38.2575,78.14,33.07373013435285,0.0025152837705812,29.59,51.333333333333336,39.52502120849038,0.04254104058446266,12.13195773413795,40.0,65.8591537475586,55.9802806854248,Caution,Degradation Risk
/content/dacon_01/agv01_1027_1405/agv01_1027_140955.json,agv01,2024-10-27 14:09:55,1,77.0,42.0,35.0,46.1,2.14,78.0,50.02,23.12,75.12,38.32,78.0,32.92124339490638,0.00305854112482,29.020000000000003,51.333333333333336,39.952198483665455,0.04320385444400421,12.413763551851378,40.0,65.9942855834961,56.09514274597168,Caution,Degradation Risk
/content/dacon_01/agv01_1027_1405/agv01_1027_140956.json,agv01,2024-10-27 14:09:56,1,77.0,42.0,34.0,46.38,1.73,78.24,50.05,23.2,75.19,38.30499999999999,78.24,33.15941746573161,0.0027098353880756,28.809999999999995,51.0,39.92607683464333,0.04391862138390286,12.717658045113764,40.0,65.93687438964844,56.04634323120117,Caution,Degradation Risk
/content/dacon_01/agv01_1027_1405/agv01_1027_140957.json,agv01,2024-10-27 14:09:57,1,77.0,42.0,34.0,46.6,1.98,78.42,49.98,23.43,75.52,38.4525,78.42,33.09684312740416,0.0030895492569217,28.919999999999995,51.0,40.15237698066468,0.044791819274870505,13.088911968289091,40.0,65.60289001464844,55.76245651245117,Caution,Degradation Risk
/content/dacon_01/agv01_1027_1405/agv01_1027_140958.json,agv01,2024-10-27 14:09:58,1,78.0,41.0,34.0,46.24,2.08,78.4,50.06,23.48,75.76,38.505,78.4,33.05379605027739,0.0033630554779628,29.520000000000003,51.0,40.0350322809547,0.04602684833494461,13.61400414788648,40.0,65.982666015625,56.08526611328125,Caution,Degradation Risk
/content/dacon_01/agv01_1027_1405/agv01_1027_140959.json,agv01,2024-10-27 14:09:59,1,78.0,42.0,34.0,46.2,1.73,78.74,49.99,23.63,75.91,38.5225,78.74,33.28876424561296,0.002953297367156,29.709999999999997,51.333333333333336,40.29254595371242,0.04666464432144373,13.88517322035284,40.0,66.0302963256836,56.12575187683105,Caution,Degradation Risk
/content/dacon_01/agv01_1027_1405/agv01_1027_141000.json,agv01,2024-10-27 14:10:00,1,78.0,41.0,33.0,46.2,2.01,78.81,49.96,23.83,76.06,38.6525,78.81,33.180635291285995,0.00342325364807,29.86,50.66666666666666,39.93024353304566,0.047465184951443806,14.22553575743985,40.0,66.14946746826172,56.22704734802246,Caution,Degradation Risk
/content/dacon_01/agv01_1027_1405/agv01_1027_141001.json,agv01,2024-10-27 14:10:01,1,78.0,41.0,35.0,46.48,2.01,78.87,50.11,23.87,76.25,38.715,78.87,33.21596553867833,0.00378681949798,29.770000000000003,51.333333333333336,40.553415673691994,0.04819205512990767,14.534576134409633,40.0,66.15077209472656,56.228156280517574,Caution,Degradation Risk
/content/dacon_01/agv01_1027_1405/agv01_1027_141002.json,agv01,2024-10-27 14:10:02,1,79.0,41.0,35.0,46.7,1.78,79.13,49.94,24.06,76.4,38.7275,79.13,33.358334665667385,0.003041934339867,29.700000000000003,51.66666666666666,40.931773814700925,0.04876051124670595,14.77626426226402,40.0,66.10770416259766,56.191548538208,Caution,Degradation Risk
/content/dacon_01/agv01_1027_1405/agv01_1027_141003.json,agv01,2024-10-27 14:10:03,1,80.0,42.0,33.0,47.6,2.1,79.07,50.05,24.12,76.5,38.835,79.07,33.219587093560726,0.0032962211610791,28.9,51.66666666666666,41.41817030184813,0.049905741980817854,15.26317726031174,40.0,66.07275390625,56.1618408203125,Caution,Degradation Risk
/content/dacon_01/agv01_1027_1405/agv01_1027_141004.json,agv01,2024-10-27 14:10:04,2,79.0,42.0,35.0,47.74,1.84,79.22,50.09,24.2,76.65,38.8375,79.22,33.36883014131601,0.003067660411538,28.910000000000004,52.0,41.75136014982426,0.050238559361651225,15.404679844792794,70.0,66.08821105957031,56.17497940063476,Caution,Degradation Risk
/content/dacon_01/agv01_1027_1405/agv01_1027_141005.json,agv01,2024-10-27 14:10:05,2,78.0,42.0,35.0,48.7,1.86,79.5,49.95,24.43,76.86,38.935,79.5,33.42553963663115,0.0026673508136842,28.16,51.66666666666666,42.11567570050784,0.051586816389773395,15.977912689622931,70.0,66.19591522216797,56.26652793884277,Caution,Degradation Risk
/content/dacon_01/agv01_1027_1405/agv01_1027_141006.json,agv01,2024-10-27 14:10:06,2,79.0,42.0,35.0,48.88,2.12,79.44,50.01,24.56,77.11,39.0325,79.44,33.29292955468674,0.0031336054632057,28.23,52.0,42.48495870889102,0.05255941319351298,16.391427635995477,70.0,66.32131958007812,56.373121643066405,Caution,Degradation Risk
/content/dacon_01/agv01_1027_1405/agv01_1027_141007.json,agv01,2024-10-27 14:10:07,2,80.0,42.0,33.0,49.1,1.73,79.82,50.03,24.73,77.24,39.07749999999999,79.82,33.56881030063472,0.0034066040238601,28.139999999999997,51.66666666666666,42.46686304268566,0.05306293951693388,16.60550983308473,70.0,66.41426849365234,56.45212821960449,Caution,Degradation Risk
/content/dacon_01/agv01_1027_1405/agv01_1027_141008.json,agv01,2024-10-27 14:10:08,2,79.0,42.0,36.0,48.58,1.94,79.94,49.95,24.98,77.43,39.20249999999999,79.94,33.49540304280574,0.0037145000479349,28.85000000000001,52.333333333333336,42.68495385154239,0.05364055581173335,16.851092555801408,70.0,66.41693115234375,56.45439147949219,Caution,Degradation Risk
/content/dacon_01/agv01_1027_1405/agv01_1027_141009.json,agv01,2024-10-27 14:10:09,2,78.0,42.0,35.0,48.4,2.09,80.02,50.06,25.07,77.53,39.31,80.02,33.47124437483614,0.0044158396020274,29.130000000000003,51.66666666666666,42.22074351629232,0.05455931569991526,17.241717884231456,70.0,66.50474548339844,56.52903366088867,Caution,Degradation Risk
/content/dacon_01/agv01_1027_1405/agv01_1027_141010.json,agv01,2024-10-27 14:10:10,2,79.0,43.0,34.0,47.9,1.76,80.34,49.95,25.31,77.71,39.34,80.34,33.67822936755039,0.0041146162161753,29.809999999999995,52.0,42.24995220466083,0.055518945417898063,17.649719668571482,70.0,66.67703247070312,56.67547760009766,Caution,Degradation Risk
/content/dacon_01/agv01_1027_1405/agv01_1027_141011.json,agv01,2024-10-27 14:10:11,2,81.0,42.0,37.0,47.83,2.03,80.47,49.96,25.57,77.96,39.5075,80.47,33.59562508720443,0.0045177521262531,30.129999999999995,53.333333333333336,43.13423387731906,0.05602419693275244,17.86453535814226,70.0,66.77346801757812,56.75744781494141,Caution,Degradation Risk
/content/dacon_01/agv01_1027_1405/agv01_1027_141012.json,agv01,2024-10-27 14:10:12,2,80.0,42.0,35.0,47.7,1.93,80.61,50.1,25.68,78.2,39.580000000000005,80.61,33.68908725388683,0.004746257201616,30.5,52.333333333333336,42.52533452229629,0.05686570324862061,18.2223151058655,70.0,66.89854431152344,56.86376266479492,Caution,Degradation Risk
/content/dacon_01/agv01_1027_1405/agv01_1027_141013.json,agv01,2024-10-27 14:10:13,2,80.0,42.0,35.0,47.08,1.82,81.06,49.95,25.94,78.36,39.6925,81.06,33.86219069010943,0.0046919743274339,31.28,52.333333333333336,42.29554720763516,0.057796785888194015,18.618179647360222,70.0,66.99552917480469,56.94619979858398,Caution,Degradation Risk
/content/dacon_01/agv01_1027_1405/agv01_1027_141014.json,agv01,2024-10-27 14:10:14,2,80.0,42.0,35.0,46.7,2.0,81.09,50.0,26.2,78.54,39.8225,81.09,33.77722149121604,0.0050400761724141,31.840000000000003,52.333333333333336,42.15754828541093,0.05889008105258209,19.08301141478226,70.0,67.08137512207031,57.019168853759766,Caution,Degradation Risk
/content/dacon_01/agv01_1027_1405/agv01_1027_141015.json,agv01,2024-10-27 14:10:15,2,80.0,42.0,33.0,46.17,1.89,81.34,50.08,26.35,78.7,39.915,81.34,33.908050666471524,0.0053247581236353,32.53,51.66666666666666,41.541713530678095,0.059536152675594055,19.357699005277514,70.0,67.08760070800781,57.02446060180664,Caution,Degradation Risk
/content/dacon_01/agv01_1027_1405/agv01_1027_141016.json,agv01,2024-10-27 14:10:16,2,80.0,42.0,35.0,46.21,1.8,81.8,49.95,26.65,78.81,40.05,81.8,34.076849424010234,0.0051876874731199,32.6,52.333333333333336,42.05335684100355,0.06017502553760954,19.629325928437694,70.0,67.05213928222656,56.99431838989258,Caution,Degradation Risk
/content/dacon_01/agv01_1027_1405/agv01_1027_141017.json,agv01,2024-10-27 14:10:17,2,81.0,43.0,36.0,46.6,2.11,81.72,49.99,26.91,79.02,40.1825,81.72,33.89801112651498,0.005606292347887,32.419999999999995,53.333333333333336,42.93343569892657,0.06066281461844098,19.836717187411164,70.0,67.02262115478516,56.96922798156738,Caution,Degradation Risk
/content/dacon_01/agv01_1027_1405/agv01_1027_141018.json,agv01,2024-10-27 14:10:18,2,81.0,43.0,36.0,46.64,1.88,82.15,50.06,27.09,79.11,40.295,82.15,34.14323017329595,0.00565584138903,32.47,53.333333333333336,43.02242691548747,0.061747452360073264,20.297868114331955,70.0,67.04656982421875,56.989584350585936,Caution,Degradation Risk
/content/dacon_01/agv01_1027_1405/agv01_1027_141019.json,agv01,2024-10-27 14:10:19,2,81.0,43.0,36.0,46.7,1.87,82.5,49.91,27.44,79.3,40.43,82.5,34.23141344827389,0.0057491809902721,32.599999999999994,53.333333333333336,43.14158891284881,0.062443068135253195,20.59362018637603,70.0,67.09120178222656,57.02752151489258,Caution,Degradation Risk
/content/dacon_01/agv01_1027_1405/agv01_1027_141020.json,agv01,2024-10-27 14:10:20,2,81.0,43.0,36.0,46.85,2.22,82.55,50.05,27.68,79.44,40.625,82.55,34.103046295993366,0.0064004656157796,32.59,53.333333333333336,43.27057996479385,0.06367365393168997,21.11682324201409,70.0,67.19020080566406,57.11167068481445,Caution,Degradation Risk
/content/dacon_01/agv01_1027_1405/agv01_1027_141021.json,agv01,2024-10-27 14:10:21,2,81.0,43.0,36.0,46.9,1.78,82.93,50.08,27.9,79.67,40.67250000000001,82.93,34.39942187014195,0.0060980704461893,32.77,53.333333333333336,43.39326904900258,0.0639050727355648,21.215214614375128,70.0,67.15638732910156,57.08292922973633,Caution,Degradation Risk
/content/dacon_01/agv01_1027_1405/agv01_1027_141022.json,agv01,2024-10-27 14:10:22,2,81.0,43.0,37.0,47.0,1.89,83.34,49.95,28.29,79.73,40.8675,83.34,34.46662189713405,0.0063153668837867,32.730000000000004,53.66666666666666,43.71340086911706,0.0645677748655282,21.49697292848754,70.0,67.16316223144531,57.088687896728516,Caution,Degradation Risk
/content/dacon_01/agv01_1027_1405/agv01_1027_141023.json,agv01,2024-10-27 14:10:23,2,81.0,43.0,37.0,46.64,2.09,83.4,50.0,28.55,79.91,41.010000000000005,83.4,34.38871035674353,0.0065314695514379,33.27,53.66666666666666,43.58690601664737,0.06547559136433674,21.882945501477238,70.0,67.14114379882812,57.0699722290039,Caution,Degradation Risk
/content/dacon_01/agv01_1027_1405/agv01_1027_141024.json,agv01,2024-10-27 14:10:24,2,81.0,43.0,36.0,46.2,1.7,83.95,50.02,28.86,79.93,41.13250000000001,83.95,34.72684972275295,0.0064149942273551,33.730000000000004,53.333333333333336,43.21202325522137,0.06628041658159083,22.22512969874425,70.0,67.22824096679688,57.144004821777344,Caution,Degradation Risk
/content/dacon_01/agv01_1027_1405/agv01_1027_141025.json,agv01,2024-10-27 14:10:25,2,82.0,43.0,35.0,46.51,2.01,84.24,49.95,29.27,79.88,41.3675,84.24,34.67502883920935,0.0069124402870721,33.37,53.333333333333336,43.39314626306758,0.06727394473149022,22.647543938689935,70.0,67.19403076171875,57.114926147460935,Caution,Degradation Risk
/content/dacon_01/agv01_1027_1405/agv01_1027_141026.json,agv01,2024-10-27 14:10:26,2,81.0,42.0,36.0,46.6,2.09,84.44,50.08,29.51,79.89,41.53,84.44,34.71005906073915,0.0077128556862959,33.29,53.0,43.26452130064943,0.06849805139076538,23.16799228647206,70.0,67.27017974853516,57.179652786254884,Caution,Degradation Risk
/content/dacon_01/agv01_1027_1405/agv01_1027_141027.json,agv01,2024-10-27 14:10:27,2,82.0,43.0,36.0,47.1,1.78,84.97,49.98,29.9,80.09,41.6575,84.97,34.99376361105885,0.0074721844583669,32.99,53.66666666666666,44.042389010905794,0.06903471836209212,23.396164755284232,70.0,67.40672302246094,57.29571456909179,Caution,Degradation Risk
/content/dacon_01/agv01_1027_1405/agv01_1027_141028.json,agv01,2024-10-27 14:10:28,2,82.0,43.0,36.0,47.37,1.98,85.22,49.97,30.32,80.26,41.8725,85.22,34.97354750379206,0.0078317404731929,32.89000000000001,53.66666666666666,44.257321355501226,0.06978174519431123,23.713775053072798,70.0,67.541259765625,57.41007080078125,Caution,Degradation Risk
/content/dacon_01/agv01_1027_1405/agv01_1027_141029.json,agv01,2024-10-27 14:10:29,2,83.0,42.0,36.0,47.9,1.94,85.59,50.12,30.63,80.31,42.07,85.59,35.11924163949634,0.0081567045112743,32.410000000000004,53.66666666666666,44.58437800919712,0.07078288351404739,24.139424877342673,70.0,67.69068145751953,57.5370792388916,Caution,Degradation Risk
/content/dacon_01/agv01_1027_1405/agv01_1027_141030.json,agv01,2024-10-27 14:10:30,2,82.0,43.0,35.0,48.15,1.79,86.2,49.95,31.07,80.47,42.2525,86.2,35.368990537852035,0.0080276101593958,32.32,53.333333333333336,44.607592747117074,0.07169794731937928,24.528478757567626,70.0,67.8805923461914,57.698503494262695,Caution,Degradation Risk
/content/dacon_01/agv01_1027_1405/agv01_1027_141031.json,agv01,2024-10-27 14:10:31,2,82.0,43.0,36.0,48.4,2.03,86.39,49.96,31.49,80.64,42.4675,86.39,35.31298380199555,0.0085095991759664,32.24,53.66666666666666,45.01621327531684,0.07169991657835059,24.529316019231228,70.0,67.88142395019531,57.69921035766601,Caution,Degradation Risk
/content/dacon_01/agv01_1027_1405/agv01_1027_141032.json,agv01,2024-10-27 14:10:32,2,82.0,44.0,36.0,48.48,1.89,86.87,50.06,31.86,80.99,42.67,86.87,35.53456814614937,0.0089138471395657,32.51,54.0,45.414963579142295,0.07217845434647903,24.732773935979484,70.0,67.85202026367188,57.674217224121094,Caution,Degradation Risk
/content/dacon_01/agv01_1027_1405/agv01_1027_141033.json,agv01,2024-10-27 14:10:33,2,82.0,45.0,34.0,48.5,1.79,87.38,49.9,32.33,81.16,42.85,87.38,35.726821856974624,0.0087114244588035,32.66,53.66666666666666,45.31191001989583,0.07316306732387182,25.151397749032135,70.0,67.89379119873047,57.7097225189209,Caution,Degradation Risk
/content/dacon_01/agv01_1027_1405/agv01_1027_141034.json,agv01,2024-10-27 14:10:34,2,82.0,42.0,34.0,48.5,1.97,87.47,50.04,32.52,81.26,43.0,87.47,35.6858225817107,0.0083591397541062,32.760000000000005,52.66666666666666,44.71859035428807,0.07407794593450324,25.540372890794927,70.0,67.85330200195312,57.675306701660155,Caution,Degradation Risk
/content/dacon_01/agv01_1027_1405/agv01_1027_141035.json,agv01,2024-10-27 14:10:35,2,83.0,44.0,36.0,48.5,1.73,87.9,50.04,32.86,81.36,43.13250000000001,87.9,35.92368705557194,0.0077606997270465,32.86,54.333333333333336,45.822787313331496,0.07461962341867633,25.770675658558307,70.0,67.85955810546875,57.680624389648436,Caution,Degradation Risk
/content/dacon_01/agv01_1027_1405/agv01_1027_141036.json,agv01,2024-10-27 14:10:36,2,83.0,44.0,36.0,48.5,2.0,88.38,49.95,33.43,81.37,43.44,88.38,35.96042917800991,0.008028320258042,32.870000000000005,54.333333333333336,45.877314949768106,0.07577076681972268,26.26010252066657,70.0,67.94355773925781,57.75202407836914,Caution,Degradation Risk
/content/dacon_01/agv01_1027_1405/agv01_1027_141037.json,agv01,2024-10-27 14:10:37,2,83.0,44.0,36.0,48.66,2.06,88.78,50.08,33.87,81.5,43.697500000000005,88.78,36.0713611008327,0.0088287961250185,32.84,54.333333333333336,46.04584888202821,0.07679277164361821,26.69462406990538,70.0,68.07456970214844,57.86338424682617,Caution,Degradation Risk
/content/dacon_01/agv01_1027_1405/agv01_1027_141038.json,agv01,2024-10-27 14:10:38,2,83.0,44.0,36.0,48.73,1.79,89.52,49.97,34.4,81.71,43.92,89.52,36.430435078379176,0.0096410400034088,32.98,54.333333333333336,46.22440940153428,0.0771361200753984,26.84060409760934,70.0,68.11802673339844,57.90032272338867,Caution,Degradation Risk
/content/dacon_01/agv01_1027_1405/agv01_1027_141039.json,agv01,2024-10-27 14:10:39,2,83.0,44.0,36.0,49.0,2.02,89.93,49.97,35.0,81.82,44.23,89.93,36.46146184672249,0.0108021837203793,32.81999999999999,54.333333333333336,46.44973101367315,0.07794544360431692,27.18470082337689,70.0,68.19902038574219,57.96916732788086,Caution,Degradation Risk
/content/dacon_01/agv01_1027_1405/agv01_1027_141040.json,agv01,2024-10-27 14:10:40,2,83.0,44.0,37.0,49.0,1.97,90.43,50.06,35.43,82.02,44.4725,90.43,36.65852004195842,0.0113464725294296,33.02,54.66666666666666,46.77028975239489,0.0783603078108842,27.361086916227435,70.0,68.25762939453125,58.01898498535156,Caution,Degradation Risk
/content/dacon_01/agv01_1027_1405/agv01_1027_141041.json,agv01,2024-10-27 14:10:41,2,83.0,44.0,36.0,49.0,1.76,91.16,49.91,36.09,82.12,44.73,91.16,36.98489691752568,0.0110229647341038,33.120000000000005,54.333333333333336,46.65829856453404,0.07877729561865075,27.53837589178607,70.0,68.26153564453125,58.02230529785156,Caution,Degradation Risk
/content/dacon_01/agv01_1027_1405/agv01_1027_141042.json,agv01,2024-10-27 14:10:42,2,83.0,44.0,36.0,49.07,2.12,91.62,49.97,36.72,82.42,45.1075,91.62,36.99248516027726,0.0117471436849471,33.35,54.333333333333336,46.83218247232013,0.07977101377936409,27.960870917840897,70.0,68.34700775146484,58.09495658874511,Caution,Degradation Risk
/content/dacon_01/agv01_1027_1405/agv01_1027_141043.json,agv01,2024-10-27 14:10:43,2,83.0,45.0,36.0,49.1,1.82,92.25,50.09,37.24,82.65,45.35,92.25,37.33948133901524,0.0120447502864702,33.550000000000004,54.66666666666666,47.18608991774608,0.0799568066927819,28.039863719722373,70.0,68.384033203125,58.12642822265625,Caution,Degradation Risk
/content/dacon_01/agv01_1027_1405/agv01_1027_141044.json,agv01,2024-10-27 14:10:44,2,83.0,43.0,37.0,49.28,1.87,93.05,49.93,37.91,82.88,45.69,93.05,37.601719818823895,0.0122909881797096,33.599999999999994,54.333333333333336,47.21665891289878,0.08043028897603254,28.24117221694746,70.0,68.37317657470703,58.11720008850097,Caution,Degradation Risk
/content/dacon_01/agv01_1027_1405/agv01_1027_141045.json,agv01,2024-10-27 14:10:45,2,84.0,44.0,36.0,49.17,2.03,93.44,50.0,38.61,83.04,46.02,93.44,37.65866434168902,0.012850080421879,33.870000000000005,54.66666666666666,47.45899977992038,0.08187148758032085,28.853920645970714,70.0,68.50245666503906,58.2270881652832,Caution,Degradation Risk
/content/dacon_01/agv01_1027_1405/agv01_1027_141046.json,agv01,2024-10-27 14:10:46,2,83.0,44.0,38.0,48.7,1.77,94.31,50.03,39.26,83.21,46.3425,94.31,38.08476631147945,0.0130876996513832,34.50999999999999,55.0,47.563315543920375,0.0825155550826218,29.12775615278119,70.0,68.65042114257812,58.352857971191405,Caution,Degradation Risk
/content/dacon_01/agv01_1027_1405/agv01_1027_141047.json,agv01,2024-10-27 14:10:47,2,84.0,44.0,38.0,49.15,1.9,95.11,49.9,40.04,83.28,46.7375,95.11,38.319525375453175,0.0133751290522144,34.13,55.333333333333336,48.105824303602375,0.08333987995497934,29.47823093747701,70.0,68.8168716430664,58.494340896606445,Caution,Degradation Risk
/content/dacon_01/agv01_1027_1405/agv01_1027_141048.json,agv01,2024-10-27 14:10:48,2,84.0,44.0,36.0,49.6,2.1,95.53,50.02,40.73,83.42,47.095,95.53,38.38214906263935,0.0141091569304552,33.82,54.66666666666666,48.01030230675387,0.08363934351826675,29.605552617784,70.0,68.880615234375,58.54852294921875,Caution,Degradation Risk
/content/dacon_01/agv01_1027_1405/agv01_1027_141049.json,agv01,2024-10-27 14:10:49,2,84.0,44.0,38.0,50.92,1.78,96.5,50.02,41.46,83.55,47.440000000000005,96.5,38.876453884924565,0.0142086767065984,32.629999999999995,55.333333333333336,49.238385196533535,0.0847233140872273,30.06641988566898,70.0,69.0145492553711,58.66236686706543,Caution,Degradation Risk
/content/dacon_01/agv01_1027_1405/agv01_1027_141050.json,agv01,2024-10-27 14:10:50,2,83.0,44.0,38.0,51.43,1.84,97.41,49.93,42.36,83.66,47.885000000000005,97.41,39.19002976948772,0.014793843771045,32.23,55.0,49.420983568423374,0.08558320335497548,30.4320154367463,70.0,69.06842803955078,58.708163833618165,Caution,Degradation Risk
/content/dacon_01/agv01_1027_1405/agv01_1027_141051.json,agv01,2024-10-27 14:10:51,2,84.0,44.0,37.0,52.5,2.02,98.06,50.05,43.15,83.89,48.32,98.06,39.359367372964726,0.0154696163807818,31.39,55.0,50.10710139246355,0.08618431570493748,30.68758787971822,70.0,69.16094970703125,58.78680725097656,Caution,Degradation Risk
/content/dacon_01/agv01_1027_1405/agv01_1027_141052.json,agv01,2024-10-27 14:10:52,2,84.0,44.0,36.0,52.9,2.11,98.34,50.04,43.46,84.4,48.4875,98.34,39.428544123092685,0.0145049664403595,31.500000000000007,54.66666666666666,50.258684670459715,0.08757746212102363,31.279906159319737,70.0,69.31998443603516,58.92198677062988,Caution,Degradation Risk
/content/dacon_01/agv01_1027_1405/agv01_1027_141053.json,agv01,2024-10-27 14:10:53,2,83.0,44.0,36.0,53.3,2.2,98.62,50.03,43.76,84.9,48.6525,98.62,39.498607042949416,0.0128791610962379,31.60000000000001,54.333333333333336,50.3986768067159,0.08814259890002439,31.520183018099367,70.0,69.38497924804688,58.97723236083984,Caution,Degradation Risk
/content/dacon_01/agv01_1027_1405/agv01_1027_141054.json,agv01,2024-10-27 14:10:54,2,84.0,44.0,36.0,53.1,1.98,99.12,50.07,44.22,85.09,48.8475,99.12,39.7776950689705,0.01083074587657,31.99,54.66666666666666,50.57918386153607,0.08864742617964373,31.734818337336012,70.0,69.39508819580078,58.98582496643066,Caution,Degradation Risk
/content/dacon_01/agv01_1027_1405/agv01_1027_141055.json,agv01,2024-10-27 14:10:55,2,84.0,44.0,37.0,53.0,1.72,100.3,49.96,45.16,85.42,49.285,100.3,40.341999206782006,0.009798950439291,32.42,55.0,50.93119954092226,0.08986829654067344,32.25389072162507,70.0,69.48603057861328,59.06312599182129,Caution,Degradation Risk
/content/dacon_01/agv01_1027_1405/agv01_1027_141056.json,agv01,2024-10-27 14:10:56,2,84.0,45.0,37.0,53.0,2.02,101.07,49.95,46.18,85.64,49.805,101.07,40.51612065997105,0.0113412851020272,32.64,55.333333333333336,51.29771413228513,0.09015653248125031,32.37643880018343,70.0,69.55303192138672,59.12007713317871,Caution,Degradation Risk
/content/dacon_01/agv01_1027_1405/agv01_1027_141057.json,agv01,2024-10-27 14:10:57,2,83.0,45.0,37.0,52.88,1.92,102.04,50.04,47.04,85.64,50.26,102.04,40.94036638819932,0.0141493486949331,32.76,55.0,51.162855164935785,0.09055635563138956,32.546429949498986,70.0,69.584716796875,59.14700927734375,Caution,Degradation Risk
/content/dacon_01/agv01_1027_1405/agv01_1027_141058.json,agv01,2024-10-27 14:10:58,2,85.0,46.0,38.0,52.5,1.81,103.17,49.9,48.07,85.64,50.7375,103.17,41.43623323855584,0.0164657959457339,33.14,56.333333333333336,51.94577998357376,0.09150524389866116,32.94986483582153,70.0,69.57247161865234,59.13660087585449,Caution,Degradation Risk
/content/dacon_01/agv01_1027_1405/agv01_1027_141059.json,agv01,2024-10-27 14:10:59,2,85.0,45.0,36.0,52.03,2.04,103.99,49.99,49.14,85.64,51.290000000000006,103.99,41.6699932005434,0.0181955268671295,33.61,55.333333333333336,51.185213743423205,0.09256995577455944,33.40254396510867,70.0,69.58238220214844,59.14502487182617,Caution,Degradation Risk
/content/dacon_01/agv01_1027_1405/agv01_1027_141100.json,agv01,2024-10-27 14:11:00,2,85.0,45.0,37.0,51.8,1.8,105.18,50.01,50.18,85.64,51.7925,105.18,42.25025709980947,0.018487466521556,33.84,55.66666666666666,51.3989921019712,0.09388047842357533,33.95973344058725,70.0,69.75701904296875,59.29346618652344,Caution,Degradation Risk
/content/dacon_01/agv01_1027_1405/agv01_1027_141101.json,agv01,2024-10-27 14:11:01,2,85.0,46.0,37.0,51.6,1.78,106.44,49.92,51.33,85.78,52.36749999999999,106.44,42.778487876501664,0.0188245690572498,34.18,56.0,51.67409783284534,0.09457273801463675,34.254058577759196,70.0,70.05632781982422,59.547878646850585,Caution,Degradation Risk
/content/dacon_01/agv01_1027_1405/agv01_1027_141102.json,agv01,2024-10-27 14:11:02,2,84.0,45.0,37.0,51.57,2.12,107.31,50.01,52.48,85.9,52.98,107.31,43.00216816239231,0.0197006690237526,34.330000000000005,55.333333333333336,51.373984074646465,0.09485189470999326,34.37274647130978,70.0,70.22688293457031,59.692850494384764,Caution,Degradation Risk
/content/dacon_01/agv01_1027_1405/agv01_1027_141103.json,agv01,2024-10-27 14:11:03,2,84.0,45.0,37.0,51.3,1.73,108.64,50.02,53.62,85.98,53.502500000000005,108.64,43.71375555817642,0.0199778136667052,34.68000000000001,55.333333333333336,51.394661146666884,0.09556189669428546,34.67461506817348,70.0,70.4809799194336,59.90883293151855,Caution,Degradation Risk
/content/dacon_01/agv01_1027_1405/agv01_1027_141104.json,agv01,2024-10-27 14:11:04,2,85.0,44.0,39.0,51.3,1.82,109.69,49.87,54.62,86.18,54.0,109.69,44.1269751210451,0.0195946558934613,34.88000000000001,56.0,51.96636901410288,0.0959001768344587,34.81844023137038,70.0,70.76496887207031,60.15022354125976,Warning,Degradation Risk
/content/dacon_01/agv01_1027_1405/agv01_1027_141105.json,agv01,2024-10-27 14:11:05,2,85.0,44.0,37.0,52.4,1.98,110.24,50.07,55.21,86.3,54.375,110.24,44.29207792220485,0.0184835127912335,33.9,55.333333333333336,52.18713678961645,0.09725904685272405,35.396185357171454,70.0,71.00617980957031,60.35525283813477,Warning,Degradation Risk
/content/dacon_01/agv01_1027_1405/agv01_1027_141106.json,agv01,2024-10-27 14:11:06,2,85.0,45.0,37.0,53.28,1.79,111.29,49.92,56.18,86.28,54.795,111.29,44.82149372789801,0.0168150676494981,33.0,55.66666666666666,52.92450314453968,0.09776637436267706,35.611883688962095,70.0,71.32403564453125,60.62543029785156,Warning,Degradation Risk
/content/dacon_01/agv01_1027_1405/agv01_1027_141107.json,agv01,2024-10-27 14:11:07,2,85.0,45.0,38.0,53.41,1.99,112.46,49.94,57.55,86.27,55.485,112.46,45.25069760051587,0.0166086249812837,32.86,56.0,53.311524554266526,0.09811516112310374,35.760175908285404,70.0,71.51162719726562,60.78488311767578,Warning,Degradation Risk
/content/dacon_01/agv01_1027_1405/agv01_1027_141108.json,agv01,2024-10-27 14:11:08,2,85.0,45.0,37.0,53.5,1.88,113.84,50.01,58.88,86.32,56.1525,113.84,45.89306946587905,0.0178363152936426,32.81999999999999,55.66666666666666,53.31807578834161,0.09847638159273811,35.91375451614757,70.0,71.62005615234375,60.87704772949218,Warning,Degradation Risk
/content/dacon_01/agv01_1027_1405/agv01_1027_141109.json,agv01,2024-10-27 14:11:09,2,85.0,45.0,37.0,53.46,1.78,115.57,49.92,60.41,86.38,56.92,115.57,46.69554653997174,0.0201168544421743,32.919999999999995,55.66666666666666,53.518265015752554,0.09956478745326376,36.37650751853903,70.0,71.84474182128906,61.0680305480957,Warning,Degradation Risk
/content/dacon_01/agv01_1027_1405/agv01_1027_141110.json,agv01,2024-10-27 14:11:10,2,85.0,45.0,38.0,53.4,2.1,116.74,49.96,61.9,86.43,57.675,116.74,47.09786513208427,0.0225906474981663,33.03000000000001,56.0,53.860139057685274,0.10081233844827543,36.90692359724269,70.0,72.1163558959961,61.29890251159668,Warning,Degradation Risk
/content/dacon_01/agv01_1027_1405/agv01_1027_141111.json,agv01,2024-10-27 14:11:11,2,86.0,44.0,36.0,53.4,1.89,118.28,50.03,63.3,86.61,58.375,118.28,47.86459686797052,0.0238538844797196,33.21,55.333333333333336,53.66430418066452,0.10130005472142707,37.11428390087711,70.0,72.46473693847656,61.59502639770508,Warning,Degradation Risk
/content/dacon_01/agv01_1027_1405/agv01_1027_141112.json,agv01,2024-10-27 14:11:12,2,84.0,46.0,36.0,53.4,1.84,120.09,49.87,65.03,86.6,59.2075,120.09,48.71276107619714,0.02429442797973,33.2,55.333333333333336,53.84925026888886,0.10189837342480625,37.36866858072619,70.0,72.7499771118164,61.837480545043945,Warning,Degradation Risk
/content/dacon_01/agv01_1027_1405/agv01_1027_141113.json,agv01,2024-10-27 14:11:13,2,85.0,45.0,37.0,53.5,2.08,121.55,49.98,66.72,86.6,60.0825,121.55,49.29050102876483,0.0250651263928686,33.099999999999994,55.66666666666666,54.265831641719146,0.10289974271332755,37.79441660503583,70.0,72.97859191894531,62.031803131103516,Warning,Degradation Risk
/content/dacon_01/agv01_1027_1405/agv01_1027_141114.json,agv01,2024-10-27 14:11:14,2,86.0,45.0,37.0,53.8,1.79,123.46,50.03,68.43,86.72,60.9275,123.46,50.27458096957812,0.0255305775958717,32.92,56.0,54.85894117664758,0.10392296553189379,38.2294560040136,70.0,73.26030731201172,62.27126121520996,Warning,Degradation Risk
/content/dacon_01/agv01_1027_1405/agv01_1027_141115.json,agv01,2024-10-27 14:11:15,2,86.0,45.0,37.0,54.4,1.86,125.33,49.9,70.26,87.01,61.837500000000006,125.33,51.12742406641142,0.0262995528694814,32.61000000000001,56.0,55.444162583439834,0.10426196012220862,38.37358492701195,70.0,73.51528930664062,62.48799591064453,Warning,Degradation Risk
/content/dacon_01/agv01_1027_1405/agv01_1027_141116.json,agv01,2024-10-27 14:11:16,2,86.0,46.0,37.0,54.68,2.11,126.87,49.99,72.01,87.31,62.745000000000005,126.87,51.75953728541244,0.0270127268910323,32.63,56.333333333333336,56.04241876412341,0.10535438491390585,38.83804664168943,70.0,73.86747741699219,62.78735580444336,Warning,Degradation Risk
/content/dacon_01/agv01_1027_1405/agv01_1027_141117.json,agv01,2024-10-27 14:11:17,2,86.0,46.0,37.0,54.9,1.74,129.01,49.99,73.95,87.59,63.6725,129.01,52.90702938488734,0.0271791354205243,32.690000000000005,56.333333333333336,56.44902856107467,0.10634943891833475,39.2611096228725,70.0,74.25196838378906,63.1141731262207,Warning,Degradation Risk
/content/dacon_01/agv01_1027_1405/agv01_1027_141118.json,agv01,2024-10-27 14:11:18,2,86.0,46.0,36.0,55.26,1.91,131.13,49.89,76.09,87.75,64.755,131.13,53.86583673040517,0.0278923864672347,32.49,56.0,56.69160205332518,0.10755552990440273,39.77389832164951,70.0,74.69588470458984,63.49150199890136,Warning,Degradation Risk
/content/dacon_01/agv01_1027_1405/agv01_1027_141119.json,agv01,2024-10-27 14:11:19,2,86.0,46.0,37.0,55.41,2.09,132.94,49.99,77.99,87.86,65.7525,132.94,54.66652502522301,0.0285705784782385,32.45,56.333333333333336,57.197838955762634,0.10800809436845311,39.96631327650271,70.0,75.06024169921875,63.801205444335935,Warning,Degradation Risk
/content/dacon_01/agv01_1027_1405/agv01_1027_141120.json,agv01,2024-10-27 14:11:20,2,86.0,45.0,38.0,56.2,1.73,135.12,49.93,80.09,88.02,66.7175,135.12,55.86567543372824,0.0287170916722081,31.819999999999997,56.333333333333336,57.86775048433206,0.10931793858090343,40.5232143039225,70.0,75.32100677490234,64.02285575866699,Warning,Degradation Risk
/content/dacon_01/agv01_1027_1405/agv01_1027_141121.json,agv01,2024-10-27 14:11:21,2,86.0,45.0,37.0,56.38,2.02,137.4,49.91,82.45,88.12,67.94500000000001,137.4,56.87928416099017,0.0296130838325582,31.74,56.0,58.02009337523607,0.11011801376328192,40.86337894857604,70.0,75.7338638305664,64.37378425598145,Warning,Degradation Risk
/content/dacon_01/agv01_1027_1405/agv01_1027_141122.json,agv01,2024-10-27 14:11:22,2,86.0,44.0,38.0,56.6,1.96,139.64,50.03,84.73,88.12,69.09,139.64,57.998944243264745,0.0303452874070005,31.520000000000003,56.0,58.36771692847592,0.11176303770569945,41.562786950653404,70.0,76.14942932128906,64.7270149230957,Warning,Degradation Risk
/content/dacon_01/agv01_1027_1405/agv01_1027_141123.json,agv01,2024-10-27 14:11:23,2,86.0,45.0,38.0,56.42,1.79,142.16,49.89,87.05,88.25,70.2225,142.16,59.31437789440263,0.0306126619492845,31.83,56.333333333333336,58.77595596218238,0.11219457425410964,41.74626155388828,70.0,76.6382827758789,65.14254035949706,Warning,Degradation Risk
/content/dacon_01/agv01_1027_1405/agv01_1027_141124.json,agv01,2024-10-27 14:11:24,2,85.0,45.0,40.0,56.38,1.98,144.42,49.91,89.53,88.45,71.46,144.42,60.39194041150414,0.0313674138682886,32.07,56.66666666666666,59.25557551853025,0.1135684276416406,42.33037709661293,70.0,77.1049575805664,65.53921394348144,Warning,Degradation Risk
/content/dacon_01/agv01_1027_1405/agv01_1027_141125.json,agv01,2024-10-27 14:11:25,3,86.0,44.0,38.0,56.2,1.91,147.04,50.02,92.07,88.47,72.75999999999999,147.04,61.71770302487501,0.0321340392272381,32.27,56.0,59.025448678451696,0.11473984837935168,42.828425189791716,95.0,77.60530853271484,65.96451225280761,Warning,Degradation Risk
/content/dacon_01/agv01_1027_1405/agv01_1027_141126.json,agv01,2024-10-27 14:11:26,3,86.0,46.0,38.0,56.51,1.8,150.03,49.89,94.85,88.5,74.14250000000001,150.03,63.27014639622703,0.0326042501148635,31.99,56.66666666666666,59.91592741832041,0.11584685630542839,43.29908715518735,95.0,78.01041412353516,66.30885200500488,Warning,Degradation Risk
/content/dacon_01/agv01_1027_1405/agv01_1027_141127.json,agv01,2024-10-27 14:11:27,3,86.0,46.0,38.0,56.9,2.09,152.55,49.9,97.71,88.57,75.5625,152.55,64.48348386731804,0.0336529036442454,31.669999999999995,56.66666666666666,60.40226394721885,0.11698000258506915,43.780862255882994,95.0,78.40203094482422,66.64172630310058,Warning,Degradation Risk
/content/dacon_01/agv01_1027_1405/agv01_1027_141128.json,agv01,2024-10-27 14:11:28,3,86.0,46.0,37.0,57.37,1.82,155.66,49.98,100.59,88.61,77.01249999999999,155.66,66.14629209814662,0.0346486426234484,31.24,56.333333333333336,60.77164145786197,0.11853235801040944,44.44087076916677,95.0,78.777099609375,66.96053466796874,Warning,Degradation Risk
/content/dacon_01/agv01_1027_1405/agv01_1027_141129.json,agv01,2024-10-27 14:11:29,3,86.0,46.0,38.0,57.5,1.88,158.61,49.83,103.56,88.65,78.47,158.61,67.67127751121595,0.0351377435600266,31.15000000000001,56.66666666666666,61.36042720447584,0.12009910742347761,45.10699911447188,95.0,79.09378051757812,67.2297134399414,Warning,Degradation Risk
/content/dacon_01/agv01_1027_1405/agv01_1027_141130.json,agv01,2024-10-27 14:11:30,3,87.0,46.0,39.0,57.3,2.19,161.38,49.96,106.53,88.74,80.015,161.38,69.0008263235545,0.035516301239531,31.44,57.333333333333336,61.982393710304706,0.12189219858576553,45.869360241882184,95.0,79.37945556640625,67.47253723144532,Warning,Degradation Risk
/content/dacon_01/agv01_1027_1405/agv01_1027_141131.json,agv01,2024-10-27 14:11:31,3,87.0,46.0,37.0,57.47,1.76,164.75,49.97,109.75,89.01,81.5575,164.75,70.90185769780648,0.0356595803986867,31.540000000000006,56.66666666666666,62.06717466214205,0.12321712532178714,46.43267384325016,95.0,79.64717102050781,67.70009536743164,Warning,Degradation Risk
/content/dacon_01/agv01_1027_1405/agv01_1027_141132.json,agv01,2024-10-27 14:11:32,3,87.0,46.0,38.0,57.8,1.94,168.29,49.87,113.24,89.19,83.335,168.29,72.70193326177784,0.0364386808712217,31.39,57.0,62.85999340519899,0.12423771634209403,46.86659429148505,95.0,79.87125396728516,67.89056587219238,Warning,Degradation Risk
/content/dacon_01/agv01_1027_1405/agv01_1027_141133.json,agv01,2024-10-27 14:11:33,3,87.0,45.0,38.0,57.99,2.06,171.36,49.98,116.5,89.34,84.975,171.36,74.28714805850785,0.036989660501784,31.35,56.66666666666666,63.10586595985441,0.1263388288927213,47.7599155941612,95.0,80.04441833496094,68.03775558471679,Warning,Degradation Risk
/content/dacon_01/agv01_1027_1405/agv01_1027_141134.json,agv01,2024-10-27 14:11:34,3,88.0,46.0,38.0,58.1,1.77,175.03,49.95,119.94,89.45,86.6725,175.03,76.3124080671027,0.0373727190853971,31.35,57.333333333333336,63.98276850799368,0.12763765260115234,48.3121310796267,95.0,80.21123504638672,68.1795497894287,Warning,Degradation Risk
/content/dacon_01/agv01_1027_1405/agv01_1027_141135.json,agv01,2024-10-27 14:11:35,3,86.0,46.0,38.0,57.8,1.8,177.47,49.85,122.32,89.51,87.86,177.47,77.60697434294593,0.0357846937242876,31.710000000000008,56.66666666666666,63.65241666276642,0.12918307122574146,48.96919030212566,95.0,80.34675598144531,68.29474258422852,Warning,Degradation Risk
/content/dacon_01/agv01_1027_1405/agv01_1027_141136.json,agv01,2024-10-27 14:11:36,3,87.0,46.0,38.0,57.58,1.89,179.36,49.95,124.36,89.63,88.89,179.36,78.58809366988531,0.0326165344130527,32.05,57.0,63.92811585476646,0.13139241343078065,49.90852715777091,95.0,80.46729278564453,68.39719886779785,Warning,Degradation Risk
/content/dacon_01/agv01_1027_1405/agv01_1027_141137.json,agv01,2024-10-27 14:11:37,3,87.0,46.0,38.0,57.8,1.78,183.06,49.84,127.94,89.63,90.655,183.06,80.60910845969373,0.0305121975854894,31.83,57.0,64.38437880659136,0.13334239176232524,50.73759135178834,95.0,80.57282257080078,68.48689918518066,Warning,Degradation Risk
/content/dacon_01/agv01_1027_1405/agv01_1027_141138.json,agv01,2024-10-27 14:11:38,3,87.0,46.0,38.0,57.93,2.12,186.66,49.87,131.8,89.74,92.6125,186.66,82.45484880628103,0.0310335780314726,31.809999999999995,57.0,64.84969610826808,0.13566494685943026,51.72506246287356,95.0,80.66383361816406,68.56425857543945,Warning,Degradation Risk
/content/dacon_01/agv01_1027_1405/agv01_1027_141139.json,agv01,2024-10-27 14:11:39,3,87.0,45.0,40.0,58.1,1.86,190.97,49.97,135.97,89.98,94.6925,190.97,84.83545657133381,0.0335567798222713,31.880000000000003,57.333333333333336,65.67755048853152,0.13805900997805276,52.742936342679904,95.0,80.73529815673828,68.62500343322753,Warning,Degradation Risk
/content/dacon_01/agv01_1027_1405/agv01_1027_141140.json,agv01,2024-10-27 14:11:40,3,87.0,46.0,38.0,58.18,1.87,195.49,49.83,140.44,90.28,96.9075,195.49,87.29643993313816,0.0377749124864386,32.1,57.0,66.10278007938038,0.14002459812397347,53.57863729668853,95.0,80.79548645019531,68.67616348266601,Warning,Degradation Risk
/content/dacon_01/agv01_1027_1405/agv01_1027_141141.json,agv01,2024-10-27 14:11:41,3,87.0,46.0,38.0,58.27,2.16,199.84,49.9,144.97,90.42,99.2175,199.84,89.57409014329981,0.041333778152847,32.15,57.0,66.67179358714655,0.142208899468735,54.50732763369932,95.0,80.85037231445312,68.72281646728516,Warning,Degradation Risk
/content/dacon_01/agv01_1027_1405/agv01_1027_141142.json,agv01,2024-10-27 14:11:42,3,87.0,46.0,38.0,58.5,1.76,204.42,49.93,149.39,90.53,101.375,204.42,92.18360031299854,0.0421650307127029,32.03,57.0,67.29097957475456,0.14523364332485755,55.79334542508628,95.0,80.88963317871094,68.7561882019043,Warning,Degradation Risk
/content/dacon_01/agv01_1027_1405/agv01_1027_141143.json,agv01,2024-10-27 14:11:43,3,86.0,46.0,39.0,58.59,1.92,209.18,49.82,154.08,90.68,103.75,209.18,94.7389177335974,0.042534813186831,32.09,57.0,67.86119323886462,0.14682767812719844,56.471074586102986,95.0,80.9269790649414,68.78793220520019,Warning,Degradation Risk
/content/dacon_01/agv01_1027_1405/agv01_1027_141144.json,agv01,2024-10-27 14:11:44,3,87.0,47.0,38.0,58.7,2.09,214.01,49.91,159.13,90.72,106.285,214.01,97.3516106697778,0.0429619160562017,32.02,57.333333333333336,68.62770146671221,0.14913487167835437,57.452014492453706,95.0,80.95429992675781,69.03052048673769,Warning,Degradation Risk
/content/dacon_01/agv01_1027_1405/agv01_1027_141145.json,agv01,2024-10-27 14:11:45,3,87.0,46.0,38.0,59.32,1.71,219.47,49.89,164.39,90.73,108.865,219.47,100.46016839192204,0.0433989110364524,31.410000000000004,57.0,69.29434519300801,0.1527486509019635,58.98847000629791,95.0,80.97135925292969,69.77424379863206,Warning,Degradation Risk
/content/dacon_01/agv01_1027_1405/agv01_1027_141146.json,agv01,2024-10-27 14:11:46,3,87.0,46.0,39.0,59.5,1.93,224.39,49.8,169.32,90.71,111.36,224.39,103.11757205572027,0.0435967101639451,31.209999999999997,57.333333333333336,70.08631188975076,0.15569079820465342,60.23937056387131,95.0,80.98556518554688,70.4546210792216,Warning,Degradation Risk
/content/dacon_01/agv01_1027_1405/agv01_1027_141147.json,agv01,2024-10-27 14:11:47,3,87.0,47.0,39.0,59.3,2.03,229.2,49.94,174.27,90.86,113.86,229.2,105.74245284337476,0.0436430673440203,31.56,57.66666666666666,70.71679260246772,0.15918617022353101,61.725483377918,95.0,81.00125122070312,71.1693948902577,Warning,Degradation Risk
/content/dacon_01/agv01_1027_1405/agv01_1027_141148.json,agv01,2024-10-27 14:11:48,3,87.0,46.0,39.0,59.4,1.76,235.16,49.83,180.09,91.12,116.71,235.16,109.13884704051684,0.0436968711340699,31.72000000000001,57.333333333333336,71.23018439091118,0.1627185347713566,63.22732415196343,95.0,81.01272583007812,71.8530728109879,Warning,Degradation Risk
/content/dacon_01/agv01_1027_1405/agv01_1027_141149.json,agv01,2024-10-27 14:11:49,3,87.0,46.0,37.0,59.6,2.07,241.18,49.82,186.23,91.26,119.825,241.18,112.40344019053272,0.0444545172634265,31.660000000000004,56.66666666666666,71.56915911371924,0.16718816056646366,65.12765640049906,95.0,81.0213623046875,72.62290428093107,Warning,Degradation Risk
/content/dacon_01/agv01_1027_1405/agv01_1027_141150.json,agv01,2024-10-27 14:11:50,3,87.0,47.0,38.0,59.54,1.95,247.01,49.93,192.08,91.34,122.7425,247.01,115.67567977611655,0.0452063165874682,31.800000000000004,57.333333333333336,72.57252340922561,0.1716786472090776,67.0368579689882,95.0,81.03126525878906,73.59560015248972,Warning,Degradation Risk
/content/dacon_01/agv01_1027_1405/agv01_1027_141151.json,agv01,2024-10-27 14:11:51,3,87.0,47.0,38.0,59.5,1.77,253.41,49.78,198.27,91.57,125.8075,253.41,119.30171006737498,0.0460790539288571,32.06999999999999,57.333333333333336,73.26938568845345,0.17615015590380845,68.93799076214209,95.0,81.03736877441406,74.47219154433068,Warning,Degradation Risk
/content/dacon_01/agv01_1027_1405/agv01_1027_141152.json,agv01,2024-10-27 14:11:52,3,87.0,46.0,38.0,59.06,2.03,259.96,49.8,205.06,91.52,129.21249999999998,259.96,122.922042334427,0.0471312257484555,32.459999999999994,57.0,73.49359446007195,0.18211278116766014,71.47309539824715,95.0,81.04249572753906,75.42853523204676,Warning,Degradation Risk
/content/dacon_01/agv01_1027_1405/agv01_1027_141153.json,agv01,2024-10-27 14:11:53,3,87.0,45.0,38.0,58.96,1.91,267.03,49.9,211.99,91.48,132.70749999999998,267.03,126.87699670021618,0.0477768434011058,32.52,56.66666666666666,73.94172229853473,0.18918060809540382,74.47809403875152,95.0,81.04347229003906,76.61506490463712,Warning,Degradation Risk
/content/dacon_01/agv01_1027_1405/agv01_1027_141154.json,agv01,2024-10-27 14:11:54,3,88.0,44.0,39.0,58.8,1.8,271.54,49.75,216.4,91.34,134.8725,271.54,129.4589627063341,0.0455617940769885,32.540000000000006,57.0,74.45296009520575,0.1955830991608559,77.20021459210056,95.0,81.0460205078125,77.7220703135313,Warning,Degradation Risk
