timestamp,agv_id,motor_temp,battery_temp,vibration,voltage,current,driving_time,load_weight,speed,error_count,thermal_image,current_instability
2026-05-20 20:10:00,AGV-01,36.49671415301123,26.90321498918017,0.13295377076201384,25.504605971281606,9.882923312638333,5.40420611392261,107.79041292200138,1.1812690434440656,0,normal_agv.png,
2026-05-20 20:20:00,AGV-01,35.461079907934526,26.660353162947324,0.10927169738421787,25.012386229653373,8.700718500646206,5.209615016954194,94.87168879665576,1.2760295745917523,0,normal_agv.png,0.08996568569498128
2026-05-20 20:30:00,AGV-01,35.175892008394875,26.067331465009353,0.15071157677703248,25.149250334308288,10.047750116329976,4.961657902995186,106.2221916522268,1.0860201451029234,0,normal_agv.png,0.07698865983491364
2026-05-20 20:40:00,AGV-01,35.52562027576821,27.74712395864873,0.12791858212314575,25.064496443553463,9.510202923641224,4.763410791759843,113.22544912103189,1.1870595690881982,0,normal_agv.png,0.0629409999599704
2026-05-20 20:50:00,AGV-01,36.376695762836924,25.74011902517227,0.09623348181923419,25.22818343598501,10.397205317969734,4.702346650249581,94.90914657134893,1.2137094624951976,0,normal_agv.png,0.06665439296104052
2026-05-20 21:00:00,AGV-01,36.98349062662389,26.763160976696067,0.09656294154927658,25.009895732804566,9.46968888262425,5.664250935116767,98.23077999694041,1.2107543106102416,0,normal_agv.png,0.06070041752199754
2026-05-20 21:10:00,AGV-01,37.28274777424421,27.819728251213505,0.10741145373135141,25.12137430804654,10.207589757659823,5.3393431800219835,103.22267878729345,1.2780436101697887,0,normal_agv.png,0.06422371069343902
2026-05-20 21:20:00,AGV-01,37.473422638406994,26.567058638185223,0.14159101327971346,25.239731857285374,9.530036110693308,6.2026272139989755,108.61395605508415,1.193935700397745,0,normal_agv.png,0.04127589613274789
2026-05-20 21:30:00,AGV-01,36.299838296554384,28.319026782846027,0.0731995035126107,25.34200287849742,10.099467590063142,5.678928803753531,114.03532490625842,1.1760794119627305,0,normal_agv.png,0.04177429614579406
2026-05-20 21:40:00,AGV-01,35.84320592394887,26.205210542178218,0.11050853971974789,25.32356743157942,9.95685635208125,5.886745199108629,114.15402117702074,1.1658504964768222,0,normal_agv.png,0.03750935922829433
2026-05-20 21:50:00,AGV-01,35.88982021581338,27.63900748289963,0.1289345579799678,25.36575697013455,9.718903522991393,5.7223797708305915,117.73733620139556,1.1737870282721785,0,normal_agv.png,0.030969315956339824
2026-05-20 22:00:00,AGV-01,33.80636241397499,27.549554868414443,0.11978197866070182,25.11140339793678,10.303391240189832,5.992908048209659,123.8618590121053,1.1867151273319148,0,normal_agv.png,0.02979473500642466
2026-05-20 22:10:00,AGV-01,36.76104689421927,27.28355219462802,0.09001618408562755,25.16113079134372,10.114031188886596,5.903381549097451,109.77754099433527,1.3970593689988229,0,normal_agv.png,0.028552686995894343
2026-05-20 22:20:00,AGV-01,35.970745337841144,27.068587609398445,0.13588732837464196,25.16216033364745,10.474557510262294,5.727154108991195,112.91031947043047,1.1080165938004514,0,normal_agv.png,0.0260477828850816
2026-05-20 22:30:00,AGV-01,37.99020689834869,26.410312647653793,0.1415273516662152,25.598930286001156,9.602633935336755,6.524260941079326,122.06604953678462,1.1546961816317782,0,normal_agv.png,0.03349633371351717
2026-05-20 22:40:00,AGV-01,36.638514975110766,27.16370291179764,0.1434712451420926,24.913467250706894,10.373063121086137,6.129916652258988,97.16746707663764,1.1268247254990977,0,normal_agv.png,0.03567893485796247
2026-05-20 22:50:00,AGV-01,37.484845888698345,26.585947426048676,0.13573800988089377,25.41667330610124,9.308146494607499,6.818948245102798,90.59958552316202,1.2147707086825843,0,normal_agv.png,0.04678494405778206
2026-05-20 23:00:00,AGV-01,38.012683527551204,26.86852216628979,0.14424092879833478,25.395861711843573,10.232025253630555,6.140832859362879,107.93072473298682,1.267792114606131,0,normal_agv.png,0.046092522861380374
2026-05-20 23:10:00,AGV-01,38.62101926638951,27.835179548134754,0.1087613426433596,25.280961071377114,9.638533290760465,7.017845319451071,112.69977359930793,1.2629667682993961,0,normal_agv.png,0.048518097637790185
2026-05-20 23:20:00,AGV-01,37.22168904125925,28.189843440941935,0.1159338914871258,25.176025517338807,9.447931604508986,6.730866384332252,104.22898290585896,1.1382575400405393,0,normal_agv.png,0.04437966546978382
2026-05-20 23:30:00,AGV-01,37.11585163849086,28.138468833765778,0.13424605182357213,25.434762759487406,10.007531723241161,7.069193678646908,95.36984373933873,1.4176135333271696,0,normal_agv.png,0.04415647844923316
2026-05-20 23:40:00,AGV-01,36.923098945588904,27.491322315444116,0.1322026669076815,25.28932690484829,9.920622030680812,7.10479727996715,100.53485047932979,1.2621639835922887,0,normal_agv.png,0.03626234542397532
2026-05-20 23:50:00,AGV-01,37.13717066720712,26.743367470286223,0.13884823390163903,25.215525014407305,9.711917435745587,6.8666981899457005,115.57423508862377,1.2122980084756423,0,normal_agv.png,0.028706667120107617
2026-05-21 00:00:00,AGV-01,37.83748212269542,28.38969562422506,0.11690375415538048,25.41206525649872,10.61340014081744,8.471162526331819,110.15047686306048,1.1516876502012376,0,normal_agv.png,0.04115738279104419
2026-05-21 00:10:00,AGV-01,37.577883517686175,28.46622461945509,0.15586325205308083,25.263145383128293,10.010197545511996,6.671614446854267,106.65022798109338,1.2607175376394613,0,normal_agv.png,0.03908852808734657
2026-05-21 00:20:00,AGV-01,37.00931490691143,27.325036780005654,0.10171258738290753,25.201530838457256,9.967559272130229,7.533482336689045,100.28068134210567,1.206415897003265,0,normal_agv.png,0.030144503190214514
2026-05-21 00:30:00,AGV-01,37.15518911000456,26.97285138272221,0.12387574399661883,25.26319227705966,9.816634865959614,7.919183685146395,128.89035957392463,1.217316687166558,0,normal_agv.png,0.03160343739398727
2026-05-21 00:40:00,AGV-01,38.496302623818835,28.335380939568168,0.13918398444631616,25.21289032784887,10.712821060808665,7.2198396891475065,97.07479261567299,1.1497144202019434,0,normal_agv.png,0.04153371029936527
2026-05-21 00:50:00,AGV-01,37.67981245380563,28.389245419135868,0.11557449143930407,25.054778074510132,9.958331540223718,7.8562130917995,114.45381690087567,1.147733661394103,0,normal_agv.png,0.03745439201746685
2026-05-21 01:00:00,AGV-01,37.59407948224362,28.967134501724452,0.11374308495700233,25.487624278431486,9.837426501182376,7.743420054938168,109.43819428146229,1.0976064213389496,0,normal_agv.png,0.033171990138300175
2026-05-21 01:10:00,AGV-01,36.33181078716318,27.79749308991758,0.07615367417763953,24.911206387817057,10.08350613409363,8.046788040343012,120.43067651859084,1.100177345442812,0,normal_agv.png,0.03308906481269791
2026-05-21 01:20:00,AGV-01,37.17228715415959,27.541167527254686,0.14284849972445857,25.582886098976775,10.41927097116848,7.361311850535084,106.9905969557347,1.2727790539967854,0,normal_agv.png,0.03524603019310951
2026-05-21 01:30:00,AGV-01,37.412459427647356,27.625385377301665,0.1446479692826473,25.242915645393722,11.0167846318489,7.713703651570583,111.86848512765971,1.100974760093852,0,normal_agv.png,0.044691769206903716
2026-05-21 01:40:00,AGV-01,37.823942524718824,27.847128401082465,0.13334826775587585,25.14921195994945,10.673264464362562,8.109071608039178,99.10635243055789,1.1628376201084025,0,normal_agv.png,0.04412242484003546
2026-05-21 01:50:00,AGV-01,37.78358891253848,27.46601223436649,0.1617682212848888,25.166355009070426,10.644193297181719,7.56909566997586,110.51737010465074,1.250370307353889,0,normal_agv.png,0.04104698946405926
2026-05-21 02:00:00,AGV-01,35.68085985659968,27.12462190602368,0.1310914699119002,25.334485365647257,11.021185132674908,7.94546447371604,118.05478807154329,1.1648385699620578,0,normal_agv.png,0.03379215360012966
2026-05-21 02:10:00,AGV-01,38.192442481784475,27.789806277377586,0.151658152224594,25.07327208842716,10.30024623424461,7.842269616263058,87.07954899864785,1.247612562034953,0,normal_agv.png,0.02788366622452939
2026-05-21 02:20:00,AGV-01,38.75737047422613,27.19730270651557,0.1612876924645881,25.229914717197452,9.9091679696953,8.046072152294249,114.7511973341775,1.1992946363003354,0,normal_agv.png,0.040606521309541226
2026-05-21 02:30:00,AGV-01,36.76890839761308,27.837966973779967,0.15483205565893904,24.980961383145498,9.854624067951049,8.270340279822175,100.6669659309744,1.219494976919353,0,normal_agv.png,0.044447287656462685
2026-05-21 02:40:00,AGV-01,38.19547283897816,28.701688204910425,0.17035981404090575,24.995432744794027,9.940613551075062,8.862869759507094,108.10907565598005,1.3088089092998536,0,normal_agv.png,0.04596528647148337
2026-05-21 02:50:00,AGV-01,38.5359813015237,28.00692414790672,0.14759170381397418,24.887606015184325,10.270463711724085,8.664988597228973,117.71138225980914,1.1769073088863888,0,normal_agv.png,0.042867968225395126
2026-05-21 03:00:00,AGV-01,38.212966204080125,28.209064251145367,0.11975912922188703,24.916487302611138,10.115112668397703,8.833961163102826,105.6965266451888,1.236614116354307,1,normal_agv.png,0.0190635645333924
2026-05-21 03:10:00,AGV-01,38.23586514996533,28.212870579382173,0.19488585532197344,25.163762819527467,10.077735192902107,8.597812326770864,113.72320636720679,1.3487973605189543,0,normal_agv.png,0.015491657040839116
2026-05-21 03:20:00,AGV-01,39.99399873741348,27.636988403048598,0.13327549322631455,24.959841750631476,9.238751438544396,8.75338219191373,85.8729348293578,1.1579395982655392,0,normal_agv.png,0.03648542726532008
2026-05-21 03:30:00,AGV-01,38.417501356480635,28.91013590477848,0.16560849109982007,25.372254802009003,10.657813784373518,8.57941921671281,104.26388884208093,1.189416044484603,1,normal_agv.png,0.04652467659026902
2026-05-21 03:40:00,AGV-01,38.18358941253507,27.4905991507446,0.15828697543971051,25.05684317275955,10.452502893629019,8.536473767042267,89.05572341205632,1.2222978427976527,0,normal_agv.png,0.048323830516025054
2026-05-21 03:50:00,AGV-01,37.93531362978812,28.319599702348604,0.1431665227382473,25.19589865779817,9.787868106987025,8.410283023404713,112.11614878088889,1.1886096411982965,1,normal_agv.png,0.04998745308765546
2026-05-21 04:00:00,AGV-01,36.43791380129235,29.209059090014268,0.15951341310672468,24.918834161220158,11.10424731643259,9.405354018627326,106.69972902907308,1.2092539707434287,0,normal_agv.png,0.0648682248720716
2026-05-21 04:10:00,AGV-01,39.040565860538095,28.45891903541305,0.13315876862119047,25.011915378148473,11.080186922606574,8.324476233402782,115.58424486849587,1.2702260134784091,0,normal_agv.png,0.07139978191015897
2026-05-21 04:20:00,AGV-01,36.87268554327828,26.9431668461973,0.1488775975768431,25.206445514096256,11.093835868705357,9.244168334713684,114.81547376730082,1.205927582433582,0,normal_agv.png,0.04872356196689086
2026-05-21 04:30:00,AGV-01,38.083183839267164,28.956085199388827,0.14933733283401324,24.72720122090086,10.346550779813414,9.463673215336213,91.95530499495146,1.2322495461668461,0,normal_agv.png,0.05081091848837393
2026-05-21 04:40:00,AGV-01,38.50645838595699,27.768657576144278,0.1453869973176018,24.845499952964865,10.32530380800677,9.089451740532839,100.53316529309333,1.276411385640099,0,normal_agv.png,0.05198451381070665
2026-05-21 04:50:00,AGV-01,37.366319108529694,28.063227609281753,0.1276818589789859,25.016238889762796,10.392373365148512,9.449228327930053,98.00274492007415,1.0173758007967362,0,normal_agv.png,0.03775542882781772
2026-05-21 05:00:00,AGV-01,38.111448174085396,28.327838762844227,0.16934627106380556,25.203249793757713,10.105378796824105,9.32326274170557,128.74141743400597,1.1539345407484256,0,normal_agv.png,0.03998439966759996
2026-05-21 05:10:00,AGV-01,37.639210083045725,26.975998471120125,0.17479027960981433,24.851363879791737,10.391932657406292,9.149252355228361,103.72082408519233,1.2774898525043537,0,normal_agv.png,0.03221645660068405
2026-05-21 05:20:00,AGV-01,36.70124598743473,28.680886083568595,0.14333452355585238,24.76170310423431,10.061328942494121,9.979610264333049,107.18222732531096,1.1134761597108485,0,normal_agv.png,0.014402583287898082
2026-05-21 05:30:00,AGV-01,39.40498134619676,29.023977549368293,0.14168135677113725,25.042697459291173,11.578773093354586,9.623165228067256,94.62753845673544,1.2811626154149838,0,normal_agv.png,0.05335717163024625
2026-05-21 05:40:00,AGV-01,37.515990138223636,27.626445782730556,0.17838369081077268,25.422442768653468,9.699317611691828,9.532819611115023,100.41890097168624,1.2450375389352457,0,normal_agv.png,0.06214606825318636
2026-05-21 05:50:00,AGV-01,38.051656211197674,28.332961755205233,0.14398776513906583,24.928728397895867,9.154214644763297,9.833169334134533,108.90253268983142,1.2547713761244135,1,normal_agv.png,0.0799579925449976
2026-05-21 06:00:00,AGV-01,38.71284886028422,28.84185383254669,0.1467787053266553,24.928448974520954,10.676745717402602,10.168393028000926,88.30594718878629,1.2166002788127308,0,normal_agv.png,0.08162239961087724
2026-05-21 06:10:00,AGV-01,37.85485875853667,29.077740746336893,0.1466928588271916,24.67119141203493,9.605809200638838,10.35405956079649,89.75709466830008,1.2038467957329104,0,normal_agv.png,0.08623439295325984
2026-05-21 06:20:00,AGV-01,37.420298830850676,28.89371357228599,0.21833289112712367,24.707169507379586,10.352297724069903,9.888124371071859,115.0629280921444,1.1674031889891787,0,normal_agv.png,0.08617104443640196
2026-05-21 06:30:00,AGV-01,39.43709071346374,27.9434709360054,0.173952726914949,25.314887150705005,9.197744183502788,10.238554770455464,106.69729284390374,1.136248379562362,0,normal_agv.png,0.06301017813139663
2026-05-21 06:40:00,AGV-01,39.13140072273539,29.868331628790404,0.16165892566863208,25.04652211581882,10.143301414197316,10.118319494385181,108.94452142378297,1.2470662814768514,0,normal_agv.png,0.06402933708913815
2026-05-21 06:50:00,AGV-01,38.9750895422111,30.242990349261596,0.1821777388238786,24.95577431454545,11.04815940863442,9.478497407579015,98.23586979515962,1.1673539701582758,0,normal_agv.png,0.06705365190265902
2026-05-21 07:00:00,AGV-01,39.778865767944396,28.227700344609985,0.13384950671967494,25.0213925019106,10.33495612153037,10.76289153210024,107.35614558108566,1.2658483980596005,0,normal_agv.png,0.06372538017311212
2026-05-21 07:10:00,AGV-01,37.29064452345092,29.646781676398696,0.17292377430373443,24.932327032604455,10.777929394591604,10.19852379067562,100.40639100459757,1.3816554286243516,1,normal_agv.png,0.061825299529227606
2026-05-21 07:20:00,AGV-01,39.64152462773306,28.274867195989668,0.16828447159753468,24.917055923234386,10.708021381404665,10.444522599079367,117.86974963849593,1.2266929684229557,0,normal_agv.png,0.06349946505900458
2026-05-21 07:30:00,AGV-01,38.425738910697376,28.515245860754998,0.1868294539267548,25.204501699294237,11.168476136170025,10.20843182496914,97.26210800896428,1.2806882359879068,0,normal_agv.png,0.03715827205952383
2026-05-21 07:40:00,AGV-01,37.116384646200615,29.977300948112358,0.18133906137882938,24.995876072810916,10.622501795677394,10.808975964189893,102.97153780329847,1.10996087621613,0,normal_agv.png,0.027862999371352417
2026-05-21 07:50:00,AGV-01,40.71922655559902,29.37123419138521,0.1732882696907077,25.0926191372585,10.614632455797315,10.6696396035534,120.93186626639397,1.1088196457474635,0,normal_agv.png,0.02548279575570003
2026-05-21 08:00:00,AGV-01,37.9894161587624,28.89796314194423,0.17076484789612353,25.220236905092793,9.650271181646087,10.724921717476759,115.70996467205255,1.322364025556849,0,normal_agv.png,0.04756359586898119
2026-05-21 08:10:00,AGV-01,39.87322551000929,27.389469852201323,0.16575205892072262,25.124229401297534,11.138559276784362,10.440700860710802,102.40408648636395,1.1345220626366086,0,normal_agv.png,0.05163843467206202
2026-05-21 08:20:00,AGV-01,38.817193998851124,28.851051543134673,0.1171112181901196,24.98494522250063,10.39502224538517,11.332541849333376,94.82807829454609,1.2556965091850734,0,normal_agv.png,0.05266872558762455
2026-05-21 08:30:00,AGV-01,38.30578453406984,28.954755109295284,0.17176223409939526,25.024658189197666,10.178699411115662,11.152046045020633,106.98084760767856,1.2119429250777982,0,normal_agv.png,0.04783703441372689
2026-05-21 08:40:00,AGV-01,38.57319113997291,28.715100839033823,0.17179248704323247,24.881524835983036,10.168052633136943,11.730309034475278,78.49030191606988,1.2085144182153518,1,normal_agv.png,0.048189191892817354
2026-05-21 08:50:00,AGV-01,40.43489638130882,27.67450096318842,0.16629310126524616,24.913124414213428,9.82771268410962,11.349786448457172,101.38109028766996,1.1377746649927298,0,normal_agv.png,0.0509432364031777
2026-05-21 09:00:00,AGV-01,39.716085227329685,28.612979154254724,0.17206173033428043,24.990612111520818,10.186226486731773,11.65728828602963,99.75479733720226,1.141734788004169,0,normal_agv.png,0.04289183177204276
2026-05-21 09:10:00,AGV-01,38.050599463835326,29.68091708293885,0.16973894658229183,24.906854020308263,10.900934529556292,11.79182878823225,94.18936672400102,1.2355410649188832,1,normal_agv.png,0.03467543986322513
2026-05-21 09:20:00,AGV-01,39.9077865726537,28.993107702270418,0.18176741568959762,24.72879826374392,11.014461062051002,11.065986110825204,97.9565630945724,1.185207829084561,1,normal_agv.png,0.04522939527223465
2026-05-21 09:30:00,AGV-01,37.80001418311946,29.661969203704185,0.15033546889413027,25.32718261262065,9.5184758554987,11.700903413032083,114.71822690172735,1.335716509463203,0,normal_agv.png,0.05728109106011447
2026-05-21 09:40:00,AGV-01,39.06288632571483,30.207965210959568,0.21974814741201812,25.107878030309326,10.255006314882925,11.48588090704187,99.60240319690638,1.1665485572792582,2,normal_agv.png,0.05701312018902796
2026-05-21 09:50:00,AGV-01,39.63640469565712,28.60884534937577,0.18550771245694678,24.630112649781804,11.088004392089395,12.509316735223337,121.20533445165877,1.2378077985930434,0,normal_agv.png,0.05863179396316024
2026-05-21 10:00:00,AGV-01,38.47875959095411,29.678885794385945,0.17487992824055407,25.129150817414903,10.772226557327965,11.674737439773578,110.17659020469122,1.0104222872412443,0,normal_agv.png,0.056938427955533895
2026-05-21 10:10:00,AGV-01,39.711242288952604,28.820882297003024,0.16651090268141977,24.683702745665318,10.125795964357135,11.347521561787573,110.73966959201675,1.0918652315506931,0,normal_agv.png,0.05797368078333159
2026-05-21 10:20:00,AGV-01,41.64774822319871,29.164434830681298,0.1813469755795138,24.998045121547555,10.898189026571274,12.094443172977273,130.60084538268794,1.0784656013611058,0,normal_agv.png,0.05620165192001472
2026-05-21 10:30:00,AGV-01,40.75766493467728,28.913370908006286,0.1794400903299209,25.31360068656766,10.287915072504719,12.429821260531437,109.9973762011211,1.3449958846397543,0,normal_agv.png,0.0376735889391096
2026-05-21 10:40:00,AGV-01,38.56256871508789,30.084204188707773,0.14558182226174005,25.18547039716664,9.948717663822906,12.54493359881283,108.80197851005963,1.181900382479306,0,normal_agv.png,0.043867954188283355
2026-05-21 10:50:00,AGV-01,40.252098140238736,30.218084969426695,0.1982169046294396,25.04568216969184,10.580301759655292,12.438154446313785,113.1848473463854,1.0671231253187206,0,normal_agv.png,0.035934010343208075
2026-05-21 11:00:00,AGV-01,40.18090546578282,29.340219826334437,0.2048191509884651,24.93496579630715,10.389652531175594,12.668944805938406,90.9484007763554,1.2709213930055243,1,normal_agv.png,0.03248020520944041
2026-05-21 11:10:00,AGV-01,38.73373890199663,30.41203129794923,0.17771651787212703,24.975248692415683,10.83565582769269,12.66566043460564,113.67765024170889,1.0456252322948674,1,normal_agv.png,0.034056205057660036
2026-05-21 11:20:00,AGV-01,38.468718246756296,29.955306968055552,0.19790435544047258,24.954857988079294,11.247949111659365,12.491228212187773,127.9889812361925,1.14532545678959,0,normal_agv.png,0.04293519830286484
2026-05-21 11:30:00,AGV-01,39.41463733873909,30.590795707408965,0.21592710725027858,24.838085337226687,10.433263234808715,12.299914937148445,94.93884106916504,1.1774572312911593,0,normal_agv.png,0.041605607050372334
2026-05-21 11:40:00,AGV-01,37.96841960099034,28.75622151924614,0.16362340344142168,25.07638478715157,10.567488123776343,12.957159702669424,93.77277978437701,1.1339532125586032,2,normal_agv.png,0.030046611527450497
2026-05-21 11:50:00,AGV-01,40.110508152269006,29.974086514176335,0.19151763861242208,25.428122965045116,10.338472665217,12.638963689542573,110.55376816806908,1.1575202435998546,0,normal_agv.png,0.032824130148162545
2026-05-21 12:00:00,AGV-01,39.490044939687515,29.53966223040495,0.17896558106603508,24.699551692863306,11.062288916759401,13.225200699130177,99.47776955719029,1.283882475080608,0,normal_agv.png,0.03369620055290189
2026-05-21 12:10:00,AGV-01,40.23089504882333,28.624293804816624,0.21808297115946837,25.290644066087637,10.364934326086479,13.860025871450597,111.5854427267283,1.1689838752051211,3,normal_agv.png,0.0364806369440698
2026-05-21 12:20:00,AGV-01,39.89298284243602,29.154478642109797,0.16024578327187727,24.782485320682945,10.661758191884779,12.715529421526501,111.9476103084654,1.343564629081423,0,normal_agv.png,0.025562288908812077
2026-05-21 12:30:00,AGV-01,36.63107928312803,29.13210247175828,0.21264403009052527,24.9945011360775,11.347252087208291,13.0800593874614,110.83928185325964,1.1094547086293842,0,normal_agv.png,0.03750542064771
2026-05-21 12:40:00,AGV-01,40.74450098453846,30.545323275638804,0.20564041285471651,25.02453172929838,11.225645037102268,13.499917150656605,98.5080867509632,1.2935436472356538,0,normal_agv.png,0.040534617261265615
2026-05-21 12:50:00,AGV-01,39.825480827206896,29.21371150610731,0.17613926350846262,25.019270823792024,10.9084269766937,13.41018301087085,106.91099068019903,1.2320329623390749,0,normal_agv.png,0.033513969478383525
2026-05-21 13:00:00,AGV-01,38.87790609678232,30.34755232139388,0.20353905425219215,25.350133462143607,10.552404588817206,13.58713308583261,104.04704467613048,1.217532026213115,1,normal_agv.png,0.035736652980301535
2026-05-21 13:10:00,AGV-01,40.88761678943682,29.983773239356303,0.18239999903766074,24.953503313264978,11.250102588216599,13.945446543865852,86.90041099019294,1.1178787760471152,0,normal_agv.png,0.030359046634157824
2026-05-21 13:20:00,AGV-01,39.84154645398247,29.970580769275628,0.1993700173637334,24.80672703442552,10.654760516780222,13.480759492678139,87.99006448061246,1.0371807807499596,1,normal_agv.png,0.030488748994381743
2026-05-21 13:30:00,AGV-01,39.133766985395546,29.784672684049728,0.20569999942169198,25.106552688942234,11.28819932198615,13.687602381760973,111.50201177958661,1.304843505975377,0,normal_agv.png,0.029428038802123656
2026-05-21 13:40:00,AGV-01,42.25223140164207,29.18800360063463,0.16291607000807865,24.767912092317456,10.711472726087987,14.388694652818115,92.48460575809555,1.2194671559458152,1,normal_agv.png,0.028725066771640075
2026-05-21 13:50:00,AGV-01,40.365401269159875,30.747142047146657,0.2009803810534282,24.99484714732726,11.026142381374843,14.1787063981403,106.9652116970147,1.2358166848013852,1,normal_agv.png,0.0291061473416728
2026-05-21 14:00:00,AGV-01,40.39977479522326,31.001089043821626,0.1812973287839894,25.260887387281464,10.728172772929577,14.204901404035441,89.08595352503711,1.085537991830556,0,normal_agv.png,0.025950549000199784
2026-05-21 14:10:00,AGV-01,39.89686349617518,30.71800558665597,0.18998649872854795,24.8928242886252,10.668727315896296,14.367102925394782,89.16097176514276,1.144947224791978,0,normal_agv.png,0.023613083795850753
2026-05-21 14:20:00,AGV-01,41.3592267320774,30.346771342200526,0.17688425336119198,24.885562623876496,10.760436492692477,14.859503183023293,110.2488877866395,1.1073308248645966,0,normal_agv.png,0.022426778106389097
2026-05-21 14:30:00,AGV-01,39.73906594741043,30.103285240140632,0.19153935428944915,24.87508000321102,10.679724785672027,14.487106375276035,122.97686526849523,1.1414498331495826,0,normal_agv.png,0.012392230821284145
2026-05-21 14:40:00,AGV-01,40.086163667559866,30.505703051844417,0.22560948635409767,25.074437226093043,10.806038961183864,14.568754035358102,113.95193220027733,1.1482450577835541,1,normal_agv.png,0.01222092420556965
2026-05-21 14:50:00,AGV-01,41.74885341462004,29.758202484774735,0.22466955963436483,24.926233207651766,11.820847219529416,14.480421157037696,101.3047838317777,1.1448649745528345,0,normal_agv.png,0.04113430219059832
2026-05-21 15:00:00,AGV-01,39.70968249438858,29.790330394556808,0.21139470997793716,25.109780971423984,12.27271496607015,14.708228437728177,93.72172779498695,1.1922696874701424,1,normal_agv.png,0.06244043253312535
2026-05-21 15:10:00,AGV-01,40.280961067022666,30.336927668077465,0.22154120176357306,24.85897219530274,11.263642339367108,13.980683614349639,92.7423433699766,1.2698526838895319,0,normal_agv.png,0.057957823568162446
2026-05-21 15:20:00,AGV-01,41.0496266437348,30.949752028611726,0.2340981342487378,24.78654482574789,11.343536220911451,14.01979278755595,111.52322878413419,1.1969193224399435,1,normal_agv.png,0.053154680153329074
2026-05-21 15:30:00,AGV-01,42.34367321685876,31.21081919265846,0.1886076270886905,24.954685182211957,11.058203904330181,14.617669742668337,108.23800127605945,1.2208539012659125,0,normal_agv.png,0.04672649225547732
2026-05-21 15:40:00,AGV-01,39.25859969905314,30.237431276522234,0.1986835738537313,25.085207574702295,9.700968597024717,14.370313860331361,101.37559058596868,1.218815986308376,0,normal_agv.png,0.07770842588469118
2026-05-21 15:50:00,AGV-01,39.65636747532805,31.113278051864263,0.1931634584912447,24.939230846276214,10.801714535735233,15.003767458996384,84.04842477320014,1.2381632661778497,0,normal_agv.png,0.07561079985867268
2026-05-21 16:00:00,AGV-01,40.73375655042677,31.192252173634554,0.21619526742692313,24.588733599695264,10.41297408660889,15.816713179438324,101.78364948782617,1.2416531536427367,0,normal_agv.png,0.05767297837956967
2026-05-21 16:10:00,AGV-01,41.416900487196585,30.657672509677106,0.22452175299672075,24.912093496140965,10.709639766250488,14.794912689394234,105.48385118285803,1.1842920120732017,0,normal_agv.png,0.053478180761077694
2026-05-21 16:20:00,AGV-01,40.94600710415333,29.66014697944289,0.20081549687173703,24.951216520261635,10.55177207805045,15.292441544205351,114.16327674702481,1.200743340202473,0,normal_agv.png,0.04422135792605082
2026-05-21 16:30:00,AGV-01,42.11689122874077,28.38520864785183,0.2470821794102999,24.830823333110224,11.407238261515612,14.977476822824201,107.76569152594928,1.1168075258299575,0,normal_agv.png,0.052536742274925725
2026-05-21 16:40:00,AGV-01,42.233926506249475,30.325786824838094,0.2169583047751261,24.672512094904846,10.84469604235407,15.741940080081367,107.01099046714967,1.3602725813745684,0,normal_agv.png,0.03182703546534091
2026-05-21 16:50:00,AGV-01,42.30832313575518,31.299452682423734,0.2194878911538704,24.624545870600755,11.683848633283414,15.304642388208626,115.05142573278017,1.1082923685585049,0,normal_agv.png,0.045945393209659846
2026-05-21 17:00:00,AGV-01,41.58535526385511,31.501130580936533,0.21870064717045273,24.92145977628452,10.031733176715642,15.743669262396448,112.21466273785074,1.125302219780782,1,normal_agv.png,0.054902455175801244
2026-05-21 17:10:00,AGV-01,42.57646981508866,30.34149557700694,0.21052188728767415,24.641817580926627,10.242107589400694,15.452012179195695,89.47272932183962,1.0685007427529554,1,normal_agv.png,0.06025342286473593
2026-05-21 17:20:00,AGV-01,40.03552600502517,30.1317657783452,0.21220506465822922,24.704732070114243,11.43294432062012,15.527410103939207,114.81765486991594,1.3227182496679653,0,normal_agv.png,0.06247255641811499
2026-05-21 17:30:00,AGV-01,38.8712236557558,32.1840793812331,0.1817190401752176,24.51287829256666,11.406390111109715,15.971446208256515,111.79973075516756,1.3951801925071419,0,normal_agv.png,0.06246278086243522
2026-05-21 17:40:00,AGV-01,41.15990172458645,30.882850779182213,0.2064318564541007,24.949775494448936,10.885254638643543,15.383739098288517,95.11408892849083,1.1239721453518612,0,normal_agv.png,0.06233882380522901
2026-05-21 17:50:00,AGV-01,41.63443960569893,31.610765236804856,0.22927542302913717,24.522263515639,10.414276840805739,15.845401357852225,103.6573189664249,1.2752616950390572,0,normal_agv.png,0.055902892036460636
2026-05-21 18:00:00,AGV-01,40.52730388618973,31.05006177590544,0.24854092162500108,24.878022977058087,10.996322019583339,16.21400297477385,104.80362201073319,1.125021756093294,0,normal_agv.png,0.04530783906686297
2026-05-21 18:10:00,AGV-01,41.762375672526204,31.647205993289383,0.21481218236065044,24.744888122544182,10.984225674593064,15.55837270921754,109.99637101125957,1.243463842322911,2,normal_agv.png,0.034116164686927575
2026-05-21 18:20:00,AGV-01,42.729839308683296,30.50964690672677,0.2075005285368844,24.978247225387218,11.303652542199721,16.659935989908654,102.05050321707972,1.1439334656907132,0,normal_agv.png,0.03185778801295601
2026-05-21 18:30:00,AGV-01,40.94888699813375,30.94354766180841,0.19699935264109855,25.254204650729502,10.34326372754818,16.894113869674865,117.24584437626143,1.224785656818162,2,normal_agv.png,0.03428249530962768
2026-05-21 18:40:00,AGV-01,40.12738770430935,30.9636496332789,0.24359546647326485,24.485315434625235,11.101247691083367,16.984318050848955,96.9632543203027,1.1998332962063853,0,normal_agv.png,0.03578329118683131
2026-05-21 18:50:00,AGV-01,43.383994520370145,30.416684035000205,0.22648455668860062,25.145259744206125,10.761485080555207,16.128067962683197,93.99220717163315,1.183713571191811,0,normal_agv.png,0.030319299061715058
2026-05-21 19:00:00,AGV-01,41.16168766868903,30.693893174179955,0.20062338686002285,24.823474970981675,10.647132807788763,16.829915081147067,108.30880232214457,1.2561098451871378,0,normal_agv.png,0.03170529068177212
2026-05-21 19:10:00,AGV-01,39.79647414763833,31.12197945903316,0.24105687635296233,24.572057810247774,11.801321158453817,16.308064667603947,105.9643371879349,1.2335215207492836,0,normal_agv.png,0.04738990082314669
2026-05-21 19:20:00,AGV-01,40.84147544353013,31.328701397532637,0.19890361584714328,24.827444179742216,11.763760484720018,16.907990912698533,115.9131012059427,1.1754575685702904,0,normal_agv.png,0.05449111912178074
2026-05-21 19:30:00,AGV-01,40.781813109453296,30.694598001297557,0.24216405190168158,24.83673499111959,12.138685749011826,16.892922382421208,99.72530676386144,1.2314654271515497,0,normal_agv.png,0.054178882984610564
2026-05-21 19:40:00,AGV-01,42.419819962296344,31.351733116044787,0.19718951183668657,24.627645185237093,10.633870131918393,16.19176011308713,96.51901300660768,1.1808895401706723,1,normal_agv.png,0.0604492687711823
2026-05-21 19:50:00,AGV-01,44.11378512124875,30.180010857571272,0.2360271737606103,24.809050578246936,11.118659813410183,17.382605014978633,100.61412793742704,1.1998759595331276,1,normal_agv.png,0.056512624520245566
2026-05-21 20:00:00,AGV-01,42.56844100625615,31.419715879297044,0.2098575387988682,24.7527290525822,10.406043595678968,17.068198894016174,105.50535815594006,1.1717587154619549,1,normal_agv.png,0.06182572398351193
2026-05-20 20:10:00,AGV-02,43.66228020897497,32.197578922051406,0.3739463290757305,24.409957914682252,10.544710875703004,4.877910118258133,99.34886336924627,1.2423754506324354,0,normal_agv.png,
2026-05-20 20:20:00,AGV-02,43.15566176669114,31.86897275295861,0.30295823900565444,24.65051621791541,10.96463686934465,5.201223809569486,81.11728794807276,1.238920131506096,0,normal_agv.png,0.027609625470048305
2026-05-20 20:30:00,AGV-02,44.564809267520374,31.31860621805444,0.3187208638679763,24.098467196880325,10.351410109817532,5.764122622572148,107.86557129069791,1.233375237150605,0,normal_agv.png,0.02952048807441258
2026-05-20 20:40:00,AGV-02,44.43279139559338,31.830746196714127,0.2853741438699956,24.384084268878734,10.770234268979182,5.6167223514519184,94.65701373615542,1.213633297790039,0,normal_agv.png,0.025028009446538612
2026-05-20 20:50:00,AGV-02,45.029010757363395,34.512458292573896,0.27371577983501727,24.403745420233957,10.965988819344993,4.614872160632328,98.2988697394064,1.2791495550625704,0,normal_agv.png,0.025095570113406972
2026-05-20 21:00:00,AGV-02,45.16184444195753,33.03887544002293,0.2889983942719047,23.680729270398484,10.687558956153332,5.40720482071817,100.05893766957807,1.2313443204322037,0,normal_agv.png,0.022490018854891568
2026-05-20 21:10:00,AGV-02,41.47934340713967,34.39622295228038,0.27176064890514046,24.437623795853384,11.90166848918789,4.858071944345807,96.28098857068643,1.13096757289996,0,normal_agv.png,0.04776015696650195
2026-05-20 21:20:00,AGV-02,46.6962659807509,32.18228471445653,0.2887390066513913,24.753230147477566,10.673971220086294,5.955952428607186,109.11657340990905,1.3460807770837548,0,normal_agv.png,0.04895062583338405
2026-05-20 21:30:00,AGV-02,46.6752925669483,33.66203158145979,0.31836624007671005,24.672716908918378,10.663542707549682,5.4002425234278295,114.59972142939117,1.2134716153980196,0,normal_agv.png,0.044109784632687915
2026-05-20 21:40:00,AGV-02,47.64945150066056,32.64003183457925,0.30036902478930805,24.479879616235,10.18288572320334,6.218370692054359,116.8026537929548,1.1222708769191478,0,normal_agv.png,0.05307001089281027
2026-05-20 21:50:00,AGV-02,44.02218621289974,32.12338707179068,0.32106371837061637,24.20372811306096,10.592661375431762,5.536442803733054,119.96047685805816,1.2703674070389093,0,normal_agv.png,0.05380156462684504
2026-05-20 22:00:00,AGV-02,42.636514769118,34.1167182673401,0.30416575868088974,24.332442402755795,12.083582053140494,5.9385136991677365,104.16642027772652,1.2444984007520528,0,normal_agv.png,0.07076455765975308
2026-05-20 22:10:00,AGV-02,47.02258887428251,34.47060024634767,0.3374789326367072,24.57732945125878,10.57021659355273,5.220450371242606,99.55190805978967,1.2287367520366272,0,normal_agv.png,0.06086838686986194
2026-05-20 22:20:00,AGV-02,47.99340160400139,31.624064361551042,0.30972602765606316,24.307865100942415,11.397002870284553,6.19726848283463,113.0412617066981,1.2652589770031437,0,normal_agv.png,0.06373700379351113
2026-05-20 22:30:00,AGV-02,46.23536503405854,31.969571427157106,0.35403432075415286,24.34050462693481,11.817823412035807,5.656092395642837,111.81021558703706,1.2587559226790124,0,normal_agv.png,0.06915072870723384
2026-05-20 22:40:00,AGV-02,45.648482976580006,32.18780394536901,0.30302261842862616,24.5500350797524,12.076588359793755,6.6889144839832735,133.0041008544697,1.201701726138885,0,normal_agv.png,0.061114801863450884
2026-05-20 22:50:00,AGV-02,42.27011653700792,32.97353429412354,0.3744811109998096,24.552798922804755,11.45383273603747,5.8529380481415965,108.61544016016227,1.2720182927132189,0,normal_agv.png,0.04928372384406611
2026-05-20 23:00:00,AGV-02,44.87527630288215,32.10052849683965,0.3039828979044597,24.53391617866884,12.406695390808222,5.982484071969587,104.85358450781852,1.2315737223858385,0,normal_agv.png,0.05504723850137975
2026-05-20 23:10:00,AGV-02,45.67571585585532,34.46180365198475,0.27916164569291546,24.017058594582544,10.93381556093019,6.35063503624367,127.26963851233405,1.1343724940375444,0,normal_agv.png,0.04517692703373552
2026-05-20 23:20:00,AGV-02,45.665698417299154,33.99552789481015,0.28136511192809294,23.81231679696521,10.197774845535198,6.26010074039723,111.8111651021106,1.3010067282741744,0,normal_agv.png,0.07045829879270735
2026-05-20 23:30:00,AGV-02,48.719978683794814,32.82286389155122,0.328968295859529,24.125786615928686,12.582641197785756,6.915332458002151,120.24062525811462,1.3509291716871528,0,normal_agv.png,0.07964826916738266
2026-05-20 23:40:00,AGV-02,46.63607308278142,32.62363945849664,0.3018875999308972,24.322763886552938,11.174577057938844,7.035051542255332,119.47825802837217,1.163741756053818,0,normal_agv.png,0.07910782845793042
2026-05-20 23:50:00,AGV-02,41.37811724409137,34.031705870398696,0.3147384340331015,24.049571879085114,10.717409884686688,7.098478519975758,125.13449743242131,1.1891805683494374,0,normal_agv.png,0.08430777088833562
2026-05-21 00:00:00,AGV-02,44.0721113718978,35.140805853047475,0.3655820598168095,24.48162231803359,11.16313945248344,6.1551250034793465,121.98641371991052,1.1232448610621215,0,normal_agv.png,0.07178804883572765
2026-05-21 00:10:00,AGV-02,43.79829938863885,33.69130168699156,0.2878850552671539,23.946260240571384,10.966220530692178,6.954944979466546,113.23167714184781,1.2617151193532659,0,normal_agv.png,0.07162128223468728
2026-05-21 00:20:00,AGV-02,45.049196995449385,31.803898331334604,0.34687653466562296,24.130399538311217,10.530708564653148,6.9465204771635145,112.05686374960685,0.970219022937468,0,normal_agv.png,0.06504564506868261
2026-05-21 00:30:00,AGV-02,41.51125782374563,33.29364054649626,0.35973258233464667,24.515250937655985,11.611981301155502,7.672591471371905,117.6608027838469,1.112171011332062,0,normal_agv.png,0.034611268667592586
2026-05-21 00:40:00,AGV-02,45.73788077339196,33.306815760312546,0.3076465363833171,24.025362467214613,11.21908715329131,7.89297618362155,106.96169152013785,1.2293892405452942,0,normal_agv.png,0.03493665500880298
2026-05-21 00:50:00,AGV-02,45.16892490972402,33.55241402817598,0.3382940838754405,23.92572704758738,10.157625652918504,7.55602603673199,110.66990717224871,1.1178687412211414,0,normal_agv.png,0.04765804945567558
2026-05-21 01:00:00,AGV-02,43.68415324264221,33.09332494503133,0.3603314368921513,23.88035652969258,11.611084958111045,7.5727288800963874,110.79993380559144,1.0914734556301275,0,normal_agv.png,0.05332438182719364
2026-05-21 01:10:00,AGV-02,44.88527236111702,33.36305683408013,0.32495952425576713,24.085701251951154,11.862653645637298,7.542154457421706,99.84178181021603,1.1640339169419776,0,normal_agv.png,0.060816840287836404
2026-05-21 01:20:00,AGV-02,46.81105691832803,34.427371341528875,0.34431422567929576,24.129751788135145,10.85425327911233,7.578205022425708,97.33659494374295,1.20689151064371,0,normal_agv.png,0.05611724956399812
2026-05-21 01:30:00,AGV-02,45.565191909181415,35.800219079509795,0.3933755929000292,23.921156683091453,10.950020375068023,8.235265252973958,108.1710355889516,1.2059016086309509,0,normal_agv.png,0.05442047268652473
2026-05-21 01:40:00,AGV-02,45.33874603900551,33.046961839503595,0.3270561558730005,23.93707834059931,11.547407682734818,7.97379696960275,106.39526595795404,1.3299742766775648,0,normal_agv.png,0.05650356108243595
2026-05-21 01:50:00,AGV-02,46.85383027971901,33.870179407454536,0.3409659000331029,23.993927779888466,11.533867425219745,7.552430433108779,112.98752908365687,1.2705027825146213,0,normal_agv.png,0.035071286242399836
2026-05-21 02:00:00,AGV-02,45.80801605324413,35.10648766723872,0.34745405637207694,23.774810312798497,12.132970743713132,8.151760386267922,121.88145734706984,1.1465484731568805,0,normal_agv.png,0.04359988110511082
2026-05-21 02:10:00,AGV-02,47.66556783873817,33.82216455577937,0.3087412469751088,24.233218463116373,12.191297928035947,7.859519635682223,106.65224667893459,1.2525088695862838,0,normal_agv.png,0.04894992493310021
2026-05-21 02:20:00,AGV-02,45.154728718388554,34.49352913552353,0.4084491741507209,23.869250615234208,11.534436137153447,8.276217943778164,99.37606471853121,1.3129776444332344,1,normal_agv.png,0.039408163228219266
2026-05-21 02:30:00,AGV-02,46.37662625983584,35.11160412155399,0.38345374937911036,24.957987973724464,11.937211752718035,8.427388124635456,101.94628172949656,1.2260637053265733,0,normal_agv.png,0.026418695095954566
2026-05-21 02:40:00,AGV-02,47.13373453554202,34.4860111013716,0.40332719385488475,24.277962825453713,11.332891478742749,8.0295984778895,88.78145100991405,1.0435778858951918,0,normal_agv.png,0.03035970306489547
2026-05-21 02:50:00,AGV-02,48.742694617044464,34.21489417546336,0.320370583380803,24.012903187967197,12.147874577993747,8.19235989300239,104.34715223600918,1.2437386854561103,0,normal_agv.png,0.03046002624428147
2026-05-21 03:00:00,AGV-02,45.87306220933847,32.26403242596671,0.37451612462698725,24.53306204295078,10.510512312651255,8.430881198003073,114.03730090336609,1.2995082346069051,0,normal_agv.png,0.05482782886571337
2026-05-21 03:10:00,AGV-02,45.58151014596775,34.67400963137195,0.31749593913233876,24.503856264090913,11.262180479303712,8.73418139553279,105.97933255483329,1.2160927724698272,0,normal_agv.png,0.05035055974454213
2026-05-21 03:20:00,AGV-02,46.24320014626481,35.18312564640935,0.39540185932139277,24.442924639476992,10.246117881823567,8.680224321167447,115.13907849658915,1.2100677575695484,0,normal_agv.png,0.06704767005863142
2026-05-21 03:30:00,AGV-02,47.60286822583342,34.95072559168612,0.37442625944146846,24.4636791833561,11.902257675234575,8.752362138856247,100.33687614234867,1.1806993876305165,0,normal_agv.png,0.06651587139995943
2026-05-21 03:40:00,AGV-02,44.58953531565466,32.24049130994947,0.3608682094391891,24.452556904406016,11.806426399356186,8.740010463302113,104.64671814046078,1.1949243148844684,0,normal_agv.png,0.06929486643587424
2026-05-21 03:50:00,AGV-02,47.714753712636735,34.76392625320564,0.37918565241626906,23.983340102815063,12.002530702079902,8.649437687077864,118.8866275355096,1.1792362657932867,0,normal_agv.png,0.06685007913519739
2026-05-21 04:00:00,AGV-02,48.27578416599371,34.24289391211865,0.36934627367540435,23.911863000403436,11.019849981197344,8.822784030922232,109.80580394112268,1.2073491796518794,0,normal_agv.png,0.05925885152216207
2026-05-21 04:10:00,AGV-02,48.55655620955643,33.0690040768781,0.3288091078451898,23.77686192072904,12.336543985710176,8.960443338696024,108.95550781462528,1.336849069806554,1,normal_agv.png,0.06698888540754024
2026-05-21 04:20:00,AGV-02,47.531651671243196,35.90313704386693,0.3338577276526044,24.160321883631624,12.367953026162386,9.383038239700475,82.96767707000762,1.2400875335951875,1,normal_agv.png,0.041203556609384184
2026-05-21 04:30:00,AGV-02,46.515389971812354,32.96656990034634,0.37827314092281233,24.492517143968467,11.603086739061316,9.895636717913197,122.21800552518813,1.276229963776235,0,normal_agv.png,0.04267656356491304
2026-05-21 04:40:00,AGV-02,46.04480525068157,35.6360170967282,0.33523086462093254,24.081076443788508,11.533675162159192,9.500314430136466,111.23204806784486,1.007779685208025,0,normal_agv.png,0.04430629018078121
2026-05-21 04:50:00,AGV-02,47.701767305922324,36.60414194952166,0.3467750646025119,24.122018600207536,11.207543317284093,8.536494473061966,107.79805372992043,1.0943981991023435,0,normal_agv.png,0.048298040359007546
2026-05-21 05:00:00,AGV-02,48.38434372317236,33.724974672564386,0.3398833080206341,23.85442169679499,11.59780421478947,9.146689885316214,106.90790922950137,1.200549460395123,0,normal_agv.png,0.03998235753670383
2026-05-21 05:10:00,AGV-02,48.25498554185254,36.36142946700217,0.3117168538826556,24.08136097059737,11.643151798348107,9.63893310214204,101.13779656390594,1.2537072061160373,0,normal_agv.png,0.032756584812490615
2026-05-21 05:20:00,AGV-02,48.001470054112936,32.91470385600529,0.36867402905778723,24.361305432253545,11.489852472688845,8.98173023818242,91.96860323744055,1.147768258207075,0,normal_agv.png,0.013816925475956797
2026-05-21 05:30:00,AGV-02,48.31677389260114,35.64159215609707,0.3230537894285465,24.298581424292767,11.445074047038375,9.453391553237934,111.44867664657555,1.211743440958844,0,normal_agv.png,0.013414052833986742
2026-05-21 05:40:00,AGV-02,46.92358129211149,35.53162635121381,0.34677943525470656,23.358932835951713,11.175499270193633,9.81395753640029,108.68743032907695,1.17544950810501,0,normal_agv.png,0.01713101396262278
2026-05-21 05:50:00,AGV-02,47.71866008323194,34.594752663931786,0.3780666331659948,24.145868908157535,11.04790945697882,10.170708307181645,112.06724047244994,1.3128745903797014,0,normal_agv.png,0.020859071615553143
2026-05-21 06:00:00,AGV-02,48.698181969758124,35.93729562652113,0.3760162643942986,23.781459842877148,10.637206655684448,9.988186911505398,104.51275092259039,1.1483544457081218,0,normal_agv.png,0.03260303293741055
2026-05-21 06:10:00,AGV-02,48.43558878380029,34.3289682157174,0.4134957107504166,23.736651042039146,12.517780879529555,9.73677563814019,128.4021713484199,1.2341755489497348,0,normal_agv.png,0.05575007470424204
2026-05-21 06:20:00,AGV-02,46.84995820759869,34.318000873034485,0.3688101291883973,24.418138614059437,12.222794710569218,9.84160638798655,91.80692071335277,1.2390953562167375,1,normal_agv.png,0.06284455386383314
2026-05-21 06:30:00,AGV-02,45.58217788637128,36.63977725785301,0.42561135282852997,24.213590297892395,11.176382635115186,10.116828790681708,98.94295331514064,1.318561799489263,0,normal_agv.png,0.06421185500118819
2026-05-21 06:40:00,AGV-02,47.943542979315794,36.304136056744866,0.41860996168428755,24.39003381456566,11.48760126251407,9.813350811406675,121.10302361982764,1.1832622501004377,0,normal_agv.png,0.06275197771771872
2026-05-21 06:50:00,AGV-02,46.032189200162705,36.85290702701832,0.43730107604595075,23.82430825734164,11.862925889562893,10.373198278553746,115.462842480037,1.1082668228383277,0,normal_agv.png,0.05950158323841339
2026-05-21 07:00:00,AGV-02,47.89087570966469,35.526753832437805,0.3791672930420218,23.843542145580816,11.727933665223937,10.546138424569884,109.06565929083,1.3278917736403772,0,normal_agv.png,0.04111243731960931
2026-05-21 07:10:00,AGV-02,48.974749425929424,36.59623044304455,0.3368869274987235,23.500270737168755,12.293347478551688,11.430981596938592,127.32514999485092,1.0368830978395667,0,normal_agv.png,0.03632034117131717
2026-05-21 07:20:00,AGV-02,49.64239133747582,36.249096223196204,0.3303039323110822,23.774960097842033,11.385614310727169,10.276361931838027,97.3854516634489,1.1503321921399108,0,normal_agv.png,0.03401013350198965
2026-05-21 07:30:00,AGV-02,48.84691816929583,36.29814767618953,0.4144370561554319,23.38195341530041,11.830744860524648,10.591892017541662,84.69712477253671,1.1113468375047357,0,normal_agv.png,0.02728806695394201
2026-05-21 07:40:00,AGV-02,50.47661427767268,37.81848731436045,0.34996665901957436,24.069988787949978,11.639317645288928,10.886579789125577,94.75478713380826,1.191524131655669,0,normal_agv.png,0.025457268248227503
2026-05-21 07:50:00,AGV-02,49.29393434219389,37.6852006163472,0.3772589960467837,23.99662382927825,11.513181188737828,10.862420748651882,113.77100393902187,1.2698535544554772,2,normal_agv.png,0.02699089209703557
2026-05-21 08:00:00,AGV-02,50.65411034119322,35.920634248439484,0.33617965532442295,24.282772254410002,11.35899438240316,9.990143859077254,112.40471249330207,1.1476986929080943,0,normal_agv.png,0.0301139094522368
2026-05-21 08:10:00,AGV-02,53.10888489343436,35.75825349641469,0.426448058429019,23.79473484812915,12.297281977104628,10.960176050083954,121.65806019208385,1.3193535717076217,1,normal_agv.png,0.03023184777724687
2026-05-21 08:20:00,AGV-02,48.90201361680457,37.087482644099374,0.4618854440166709,23.9450973897323,13.39092356935817,11.28869504072394,102.27122332176391,1.1806868471663834,0,normal_agv.png,0.0626622230698405
2026-05-21 08:30:00,AGV-02,47.71734007301325,34.76024197507121,0.3743453364091542,24.137739020735808,12.702152566728296,11.496053507693366,115.15042673276187,1.2410468336077833,0,normal_agv.png,0.0654134021768692
2026-05-21 08:40:00,AGV-02,49.87682496140237,35.60196403355756,0.41531868008284256,24.22536551861096,12.458103300234564,10.940956433215206,109.7347874075094,1.235972472530068,0,normal_agv.png,0.06177337872503798
2026-05-21 08:50:00,AGV-02,49.07008486876967,35.5068456069418,0.37540898741510426,23.818882161023105,11.50824311823709,11.462939860571552,91.06385333046214,1.1753630776288768,1,normal_agv.png,0.06185961171189096
2026-05-21 09:00:00,AGV-02,49.38642359765873,35.49060367662412,0.4167004469760491,24.13511719513412,10.951631171864795,11.209576359651097,118.72919186770787,1.1389820177147028,0,normal_agv.png,0.07117817715525623
2026-05-21 09:10:00,AGV-02,49.22215855179104,37.06437264876926,0.38983008305748884,24.03546293990764,11.012353961207483,11.656405320637822,110.59932630266329,1.1893986656366482,0,normal_agv.png,0.08292048723159977
2026-05-21 09:20:00,AGV-02,51.565463418233506,35.110760020461306,0.30885519476593465,23.892217800489046,13.365252931952703,11.942243672552932,98.94646682447208,1.299115708235155,0,normal_agv.png,0.08235631654768806
2026-05-21 09:30:00,AGV-02,50.85946452764118,37.03497355151951,0.4077967532255866,24.239583962062266,11.309943281712915,11.702053167049522,91.66658835493567,1.2052214556274041,1,normal_agv.png,0.08099552204753549
2026-05-21 09:40:00,AGV-02,50.167193694940586,35.58397639649476,0.38317234099139497,23.824893414691353,12.801434598476167,11.450350710918437,118.25098264667635,1.1173704617130356,0,normal_agv.png,0.08553151776748179
2026-05-21 09:50:00,AGV-02,48.74709100065285,36.28368655863592,0.36284065551258676,23.566110753971664,11.813498535371885,11.826170165759123,118.50897962167971,1.2699511344570182,1,normal_agv.png,0.08419700479205332
2026-05-21 10:00:00,AGV-02,50.38989307908914,36.54013489042414,0.41243639495751333,23.62866890621303,10.45366715004566,11.638473370594548,115.2224368124801,1.1892576670250956,0,normal_agv.png,0.09386142341876179
2026-05-21 10:10:00,AGV-02,50.16138628231497,36.76767132861096,0.37407265522149113,24.112650258163992,12.317137235323527,11.868875343010483,108.60553724319,1.1772253571461933,0,normal_agv.png,0.08739251362841434
2026-05-21 10:20:00,AGV-02,49.944847882340845,37.35645150417387,0.36367736250900073,23.097859000772115,11.80343539416708,12.004830340489377,122.35121821948528,1.1023430059268673,0,normal_agv.png,0.06922721175743773
2026-05-21 10:30:00,AGV-02,49.418992774253134,37.29371286001741,0.3971340325595747,24.409463505959902,12.01168337028899,12.543939079993228,94.46241233983936,1.2292100329586408,0,normal_agv.png,0.06636537049468645
2026-05-21 10:40:00,AGV-02,50.648530373062364,35.965081312775354,0.3834205970722487,24.1075605052545,11.384194891776087,12.241410149662594,111.92292978141896,1.331413836260477,0,normal_agv.png,0.05606227726843336
2026-05-21 10:50:00,AGV-02,48.83612189902405,35.510541159655915,0.35845378727024385,23.797243983354655,11.163045867605812,11.98687563477198,107.71400084659982,1.1092947523930494,0,normal_agv.png,0.05809567040421764
2026-05-21 11:00:00,AGV-02,46.38027573558326,36.78799321642081,0.4844064346763595,23.98852813951626,12.231272978941169,12.914260146399018,98.19187184691155,1.1789687336633385,1,normal_agv.png,0.03923011474262874
2026-05-21 11:10:00,AGV-02,51.36677826686816,37.753150760672966,0.4264409854510051,23.75064024206344,12.729744123918032,12.2555557443709,119.80853449137476,1.2473451306993102,0,normal_agv.png,0.04800508735200119
2026-05-21 11:20:00,AGV-02,47.12129586365757,37.34648274462146,0.44420552962619464,23.330929906896046,12.74188120082141,12.304964826451538,93.99096021523485,1.2541573109871629,0,normal_agv.png,0.05513710945358008
2026-05-21 11:30:00,AGV-02,50.27868429334286,35.50366433569898,0.4105285636712337,24.226413077690435,12.30133382852046,12.47373515706393,97.3983523482742,1.2184560724574947,1,normal_agv.png,0.055553468055354466
2026-05-21 11:40:00,AGV-02,49.9407019330106,36.88508210604097,0.45551225091305014,23.88688773779796,11.522678730843378,12.398158127464656,125.80540686568374,1.2197203822745604,1,normal_agv.png,0.05318945182387556
2026-05-21 11:50:00,AGV-02,49.357140306611065,36.001163399826645,0.41130108254846887,23.85109632352271,13.005819476297686,12.825783298380246,99.10919883852196,1.193923918108598,0,normal_agv.png,0.042560755155295754
2026-05-21 12:00:00,AGV-02,50.700149515870066,37.89925794263488,0.4196945118641152,23.214901396608727,11.957714890047585,13.521167361898586,108.19608318237592,1.2179700628311214,0,normal_agv.png,0.04519452393449422
2026-05-21 12:10:00,AGV-02,47.39549384629245,38.9040630719257,0.3781204462656565,23.61440989563527,12.04218624844828,13.240813122376833,94.01875648116253,1.2470842615816575,1,normal_agv.png,0.04425872962646466
2026-05-21 12:20:00,AGV-02,53.81968121814707,36.06339942198062,0.427789087126214,23.487419332675003,12.654764400978483,13.06349862316922,128.04348109786744,1.20153182219326,1,normal_agv.png,0.04313255803741559
2026-05-21 12:30:00,AGV-02,51.93278376636913,36.18924452464631,0.3946635520521031,23.81934426098649,13.409510590604546,13.140785214702674,116.18488380456475,1.2284490679028528,0,normal_agv.png,0.057310182006252076
2026-05-21 12:40:00,AGV-02,51.866014772338744,36.269066331845934,0.40374524327993855,23.34397335192407,12.713315657459288,13.281239261841977,105.63280263959405,1.2571282799776073,0,normal_agv.png,0.04413745777971788
2026-05-21 12:50:00,AGV-02,54.142589676756764,37.3473798936596,0.4151239213134892,23.46657661914861,12.919535778651355,13.920130004517597,103.50626961678574,1.1855020661425517,1,normal_agv.png,0.04334723222514629
2026-05-21 13:00:00,AGV-02,53.192341569707516,37.049926084610945,0.37113666859204864,23.954701659398626,11.93334653455541,12.977591980237213,123.78709746263351,1.2632500479330215,0,normal_agv.png,0.04383109104644723
2026-05-21 13:10:00,AGV-02,50.067745454306475,37.10858419256061,0.38260347848994203,23.65382861727851,12.576306134314464,13.793205751629554,111.05894453115235,1.184846906321476,0,normal_agv.png,0.03787178995892403
2026-05-21 13:20:00,AGV-02,54.16745807957043,36.197996150526706,0.47816672689940837,23.666971116921303,11.81141060673325,14.247818615455582,108.72450879622465,1.0935749099408807,3,normal_agv.png,0.04813579101730476
2026-05-21 13:30:00,AGV-02,49.09596373764994,37.80609287033577,0.39333728757669734,23.736362292060218,13.075366627613565,14.01112924347505,110.11141563048757,1.1663390565055156,0,normal_agv.png,0.04160670081672552
2026-05-21 13:40:00,AGV-02,53.24110164603579,37.50532993744804,0.4178108149073488,23.906199414979724,13.19446457064942,13.939049541556402,92.21412415993484,1.2592472694482437,0,normal_agv.png,0.04696825130526472
2026-05-21 13:50:00,AGV-02,50.65631766607591,37.84854725696829,0.4438568679327235,23.464320941255444,12.009521827104356,13.460774843550821,99.12754061137197,1.202732193399042,1,normal_agv.png,0.048635770702324825
2026-05-21 14:00:00,AGV-02,52.50157740695224,36.83721995085533,0.45467468971259106,23.740875289954086,11.28843878635008,14.210878270750037,118.6359665924659,1.1457948278131476,0,normal_agv.png,0.060927693797909986
2026-05-21 14:10:00,AGV-02,50.86205245007257,36.90649714825991,0.47973601219519413,23.07767552842195,12.091591355749017,14.271942705043367,101.69555593443435,1.2182861222014318,0,normal_agv.png,0.06081703856062032
2026-05-21 14:20:00,AGV-02,52.24997495371065,39.49950069084853,0.45671629997888136,23.13439059478674,13.260838856881568,15.390820569255292,129.95667489783963,1.120155149814847,1,normal_agv.png,0.0647293432371021
2026-05-21 14:30:00,AGV-02,52.602392281011966,37.970649535125766,0.454496707915955,23.84321970468523,12.313994200571504,14.399403875015015,116.65924252054461,1.3436169084729856,1,normal_agv.png,0.06111674456694929
2026-05-21 14:40:00,AGV-02,53.02064851294218,37.59253702324329,0.42297122710189883,23.23848519863996,12.860098413881712,14.58218197692232,109.94403981170953,1.2623149202809691,1,normal_agv.png,0.05616823130226772
2026-05-21 14:50:00,AGV-02,50.19461651795886,37.878634563259865,0.4618451537059943,23.814870493362804,12.360656703068639,14.255789718278754,94.82126253319191,1.1942720598513545,1,normal_agv.png,0.05467017474159935
2026-05-21 15:00:00,AGV-02,53.23767264737758,38.896883337784885,0.45725773387919855,23.566680357902538,12.585363791459303,14.27210354545045,114.92018847992799,1.1471743088421242,1,normal_agv.png,0.033717928528684354
2026-05-21 15:10:00,AGV-02,48.742013592221106,39.474775089376074,0.4291313798162514,23.284523914143705,13.07984083274539,14.020051281953354,116.83569323200477,1.1686389888064697,1,normal_agv.png,0.03040024475199553
2026-05-21 15:20:00,AGV-02,53.85987402003764,38.69481696480029,0.43367693057785867,23.57798157516771,11.365026945362784,14.04431151316739,122.49780701403607,1.2326922249184535,0,normal_agv.png,0.04806244037465507
2026-05-21 15:30:00,AGV-02,53.93851084036491,37.62106946025834,0.42545780007820383,23.481106790070434,12.129819437681064,15.228590382268509,98.8347556005134,1.274558380396766,0,normal_agv.png,0.04911871631899102
2026-05-21 15:40:00,AGV-02,51.94797091491318,37.99716724896395,0.4520732740483109,23.668716639032084,13.41854280749536,14.620269439875065,125.20339237309503,1.3158799383914341,0,normal_agv.png,0.05808121144514199
2026-05-21 15:50:00,AGV-02,51.810350944057916,38.07336160354564,0.43331920006576335,23.009254744216896,11.720529184324114,14.65675357709059,125.13597974652778,1.2061978974989784,1,normal_agv.png,0.06397607841317128
2026-05-21 16:00:00,AGV-02,51.35754236725548,40.35886372776339,0.4165424859357302,23.003025652586675,12.084374859039416,14.584431037181387,100.78140186874687,1.1469772416964508,0,normal_agv.png,0.06447789924963884
2026-05-21 16:10:00,AGV-02,52.70250938570681,38.78263105032296,0.4293968244488334,23.54605325464881,12.295645619110593,15.569032803560557,124.98582572011868,1.1782675911739158,0,normal_agv.png,0.05733031403107768
2026-05-21 16:20:00,AGV-02,54.24640555740021,39.78290650977463,0.40505830822470157,23.762434097958973,13.151228691592348,15.290081840406351,115.51476275239523,1.0770781108044973,2,normal_agv.png,0.05345241038082561
2026-05-21 16:30:00,AGV-02,53.11751241286075,37.498702696863745,0.484985964765077,23.827100773952107,12.545720185446088,14.588340142552983,106.72881803411188,1.196521844014891,0,normal_agv.png,0.051502296461651206
2026-05-21 16:40:00,AGV-02,52.436744345674384,39.378604138424535,0.4432636749994183,23.593967911006434,12.115205970639794,14.67904748138285,105.63235762761782,1.1887257668577904,2,normal_agv.png,0.03975676907236851
2026-05-21 16:50:00,AGV-02,55.2957045276368,40.31851701575342,0.4173160352307475,23.66635290101412,12.382183394879792,15.632771102824458,113.5918304919208,1.2210789772264847,0,normal_agv.png,0.03162356660528201
2026-05-21 17:00:00,AGV-02,51.69335148786466,38.122489887159304,0.5084930817588682,23.360807957383873,13.878735521489553,15.6783113978782,114.99685110302934,1.2797675004395628,0,normal_agv.png,0.052334484540339545
2026-05-21 17:10:00,AGV-02,52.92512171306294,39.79163346731077,0.4730688671818183,23.071358615959152,13.370647007310254,15.325604303417899,108.14959277339196,1.2709832669813392,0,normal_agv.png,0.05199276560431588
2026-05-21 17:20:00,AGV-02,53.111866755236264,39.871362473006705,0.408326316985892,23.51972632731286,13.343465287099194,15.35710149831017,131.41383118511078,1.1784286699762512,1,normal_agv.png,0.05327945887826246
2026-05-21 17:30:00,AGV-02,54.197113726793084,38.143515253041755,0.4126578875805793,22.815214873028765,13.167036605887638,16.08509389605066,104.5044286409142,1.2147398331155281,0,normal_agv.png,0.05096060667825766
2026-05-21 17:40:00,AGV-02,52.440283046294745,39.17137199885097,0.4631392749938947,22.841580570623222,12.794509381929837,16.40262762656235,105.06877177600228,1.144821778074866,1,normal_agv.png,0.039248935567790945
2026-05-21 17:50:00,AGV-02,51.20614874949021,40.08593245947525,0.45526747572640935,23.32516285854216,13.371442145418015,15.664196215287808,106.68691616816677,1.2272041035655112,1,normal_agv.png,0.026380953224577695
2026-05-21 18:00:00,AGV-02,51.533113371002464,38.503260798692374,0.5533679376543666,23.774103174920338,11.886415775822217,15.44765794311853,98.5446178200108,1.0942033634605144,2,normal_agv.png,0.0449283993215517
2026-05-21 18:10:00,AGV-02,54.292223866331966,39.39365357112769,0.4981001483325533,22.7502279286743,11.865682052370852,16.142785139066504,111.74817768808778,1.2011465647875326,1,normal_agv.png,0.05485492226274498
2026-05-21 18:20:00,AGV-02,52.716596986154,41.03146434546396,0.43432188374847247,23.491622129682867,12.168673675928247,16.858694830142632,111.12104946824518,1.2427822836644007,1,normal_agv.png,0.052512813615416064
2026-05-21 18:30:00,AGV-02,52.94909989972199,39.92146961275104,0.4452816402575074,23.289156573592088,12.94815050973692,16.01884564308687,96.22382499245762,1.07782240620229,0,normal_agv.png,0.0497495393336084
2026-05-21 18:40:00,AGV-02,54.972634383703536,41.64089032531748,0.4223505705629312,22.803155551591153,14.197787510872136,16.33002153131019,83.64252260983122,1.2311691341896722,1,normal_agv.png,0.07352281640905527
2026-05-21 18:50:00,AGV-02,54.00222126975414,40.53266174792944,0.44077193262003506,23.384447407162266,12.25430066385619,16.09016038908749,114.33489717448522,1.2204307004539454,0,normal_agv.png,0.07138390297209368
2026-05-21 19:00:00,AGV-02,52.871142446895114,38.37990528992807,0.4684849422819781,23.403376088340263,11.036732283101673,16.05171668619383,136.20793091029975,1.2207658849184175,0,normal_agv.png,0.0864024431141994
2026-05-21 19:10:00,AGV-02,55.84661550847831,40.71713849374553,0.4821253858409978,23.86954418721658,13.190543760894734,16.330148665421095,120.96469233810883,1.2311327356534343,1,normal_agv.png,0.08500594707304784
2026-05-21 19:20:00,AGV-02,51.74140892838157,39.57324313882812,0.45096387803310556,23.314509061181827,13.81026263833484,15.765579930741822,118.48430882205284,1.1634158675930568,1,normal_agv.png,0.08826113185910722
2026-05-21 19:30:00,AGV-02,52.88015934806184,40.043451524447306,0.512226144916582,23.177604090922966,11.644455063812647,16.159888245376706,97.45701137064248,1.249576915677291,0,normal_agv.png,0.0984015491107394
2026-05-21 19:40:00,AGV-02,53.579981988846924,39.2705027063111,0.5303331854062833,23.23192925292988,13.87460577642899,16.377093563997907,116.51521991339506,1.2774405179952506,0,normal_agv.png,0.09302107377306426
2026-05-21 19:50:00,AGV-02,53.62783262914866,39.93753462882649,0.49670509042811606,23.508893755007033,12.47209232686904,17.231706591034126,117.04506539824723,1.2065596445130848,1,normal_agv.png,0.09190222170247891
2026-05-21 20:00:00,AGV-02,54.12573994189404,41.410459145203504,0.4922928838787849,23.04167362694793,13.982358979087634,16.95285037416736,111.50870213277534,1.2558322618031221,0,normal_agv.png,0.07111407350832454
2026-05-20 20:10:00,AGV-03,60.53400394383754,33.17439792853291,0.5216563027549035,24.78834335219001,13.62730207269176,8.198963524973404,139.6747609647246,1.2465886888309055,0,agv03_left_motor_hotspot.png,
2026-05-20 20:20:00,AGV-03,62.9447287553689,32.84654230466512,0.46994079670139044,24.363987816686983,12.11247622175259,8.033517073996974,158.50647667782252,1.0822857137808444,0,agv03_left_motor_hotspot.png,0.08322866026112856
2026-05-20 20:30:00,AGV-03,58.40297656108935,33.06679396016793,0.5165829529902374,24.392943816523015,14.160023077363082,8.651038837309532,143.42165446147862,1.1368591671461572,0,agv03_left_motor_hotspot.png,0.07987286951421091
2026-05-20 20:40:00,AGV-03,59.05440684171472,33.775135063606264,0.5184120351302027,24.59386702721374,11.99674345925233,8.686257498699522,139.86684164402274,1.0657395236585092,0,agv03_left_motor_hotspot.png,0.08361646630601499
2026-05-20 20:50:00,AGV-03,58.634182344918024,33.57821592428774,0.5571651748343538,24.58505806314753,13.935343125893775,8.178131519456079,152.60442263333556,1.3139319704367063,0,agv03_left_motor_hotspot.png,0.07847108232180418
2026-05-20 21:00:00,AGV-03,59.64101412773184,31.53479455155704,0.533216771122757,24.159067417755562,13.34936716707931,8.413310678489676,156.70740945950203,1.1604827675876626,0,agv03_left_motor_hotspot.png,0.07025290652947296
2026-05-20 21:10:00,AGV-03,60.680891839576674,33.641576722928285,0.4947851878514846,24.4915066295866,14.637030485602478,8.54928843449157,139.83316871423503,1.0783114321294212,0,agv03_left_motor_hotspot.png,0.08207602157338181
2026-05-20 21:20:00,AGV-03,61.556423683943166,33.03925571933176,0.5402774755858183,24.747112517205398,14.658176461135,9.09809172241612,163.34903247843445,1.003167120985289,0,agv03_left_motor_hotspot.png,0.07280263387576735
2026-05-20 21:30:00,AGV-03,63.45327079898508,34.78387145337589,0.5694396492735886,24.52135943376984,15.475749291431562,8.649033137506894,167.68771783259422,1.4632163317269877,1,agv03_left_motor_hotspot.png,0.08717579093203033
2026-05-20 21:40:00,AGV-03,60.045895539175476,32.746257442063275,0.5627610492471116,24.481482138716768,13.164914544963215,9.449608748487503,156.25508016831037,1.2840722098207402,0,agv03_left_motor_hotspot.png,0.06212790870457428
2026-05-20 21:50:00,AGV-03,61.41915837421423,33.30862836655467,0.6166278358115499,24.342906603203556,12.012963826160238,9.120728954805042,169.62587190530795,1.4222495103693897,1,agv03_left_motor_hotspot.png,0.09113339824714066
2026-05-20 22:00:00,AGV-03,64.05565609157408,34.303949963193936,0.5126083230061569,24.341400371387966,15.327963715278807,10.140743656044066,146.02295886093083,1.4527521418062763,0,agv03_left_motor_hotspot.png,0.09520243806774904
2026-05-20 22:10:00,AGV-03,64.19812836120413,33.63070276113404,0.567077006313942,24.699040568940568,14.86843716818039,9.194353613122445,124.70439922305697,1.2749649657744033,2,agv03_left_motor_hotspot.png,0.09618627021162172
2026-05-20 22:20:00,AGV-03,63.361982902375175,32.35191600583167,0.5654529327124624,24.3863784830755,16.39724814371436,9.380042854863522,141.92564598530385,1.4359529587822284,0,agv03_left_motor_hotspot.png,0.11228917327860359
2026-05-20 22:30:00,AGV-03,64.62812613379083,33.502719641011815,0.5671238561128285,24.5815140856594,14.38517297455733,10.064437896127902,141.04443906453665,1.1488338146176924,1,agv03_left_motor_hotspot.png,0.10915267960587109
2026-05-20 22:40:00,AGV-03,63.89451935774969,33.374506329022886,0.6053921700535665,24.392061187441644,13.425680844677135,9.305032505051559,147.9414056911966,1.1273056853994052,0,agv03_left_motor_hotspot.png,0.10628504646453653
2026-05-20 22:50:00,AGV-03,63.42714644763402,32.09676969657333,0.5418923116527774,24.353514411815578,13.334633496329769,9.465327176785657,158.74517074132524,1.1637753831193831,3,agv03_left_motor_hotspot.png,0.08007237750147772
2026-05-20 23:00:00,AGV-03,62.1182756399932,32.523007826848875,0.5458964985368183,24.334510841331802,12.438098031199148,9.623386375543742,155.95029465835566,1.0055825003625158,1,agv03_left_motor_hotspot.png,0.09870175417619635
2026-05-20 23:10:00,AGV-03,63.53434942063101,32.636263730544535,0.5679732024157782,24.229614972462535,14.952827813011867,11.360502845976262,151.83834516322506,0.9321200262098832,1,agv03_left_motor_hotspot.png,0.09925251755066086
2026-05-20 23:20:00,AGV-03,64.90931542146726,32.59535772112779,0.5692583531933602,24.038457027013003,13.774563141042124,8.964895917203222,138.14139452869796,1.075041591449886,0,agv03_left_motor_hotspot.png,0.06391201252036093
2026-05-20 23:30:00,AGV-03,65.42814774938908,34.73250805085368,0.6221020204968348,24.524450026092648,13.15541216668732,9.988070088466554,138.15639827687977,1.3208835342821739,1,agv03_left_motor_hotspot.png,0.0615956436813009
2026-05-20 23:40:00,AGV-03,67.40019857867574,33.38076410603931,0.44777900197278697,24.088732789783442,13.158594229717254,9.367504088532543,144.73837646452512,1.3553737857626351,1,agv03_left_motor_hotspot.png,0.06274086936419745
2026-05-20 23:50:00,AGV-03,64.33958133902595,33.73749446277549,0.5950933985890372,24.12590152707175,13.336709543890525,10.893434373823293,129.03324301430206,1.602701135709611,1,agv03_left_motor_hotspot.png,0.06273438677727164
2026-05-21 00:00:00,AGV-03,63.96920422240964,33.80418808907983,0.5368005143908104,24.429499231364016,12.156708205242856,10.990093529316727,144.51731205074924,1.092742772555006,0,agv03_left_motor_hotspot.png,0.06841552338707178
2026-05-21 00:10:00,AGV-03,63.881167348867756,33.6799296451076,0.6410260583999147,24.263094992831586,12.576326050251494,10.196396085129042,155.1999907579781,1.1654213062229624,2,agv03_left_motor_hotspot.png,0.04408727327023176
2026-05-21 00:20:00,AGV-03,64.74564427780193,32.98301215136592,0.5817279296711985,24.467923697168608,14.900858829836142,10.504893931874197,129.1297298139793,1.2562825435735743,2,agv03_left_motor_hotspot.png,0.07092283838937605
2026-05-21 00:30:00,AGV-03,65.95341160069364,32.81770781186908,0.5625397450084162,24.22098954325168,14.95805203552913,11.137934202117686,143.93134822142824,1.1719006472390439,1,agv03_left_motor_hotspot.png,0.08684733291498459
2026-05-21 00:40:00,AGV-03,62.109511966681374,33.16664942551226,0.582796239585457,24.626618604592736,13.395741251412211,10.465977235036057,144.00633506159681,1.2574483477111391,0,agv03_left_motor_hotspot.png,0.08582403148464275
2026-05-21 00:50:00,AGV-03,70.07661143564917,33.764605886035305,0.6085435251764703,24.52070311526755,12.766759073342664,11.995215457747687,129.1588706050141,1.2002768932846508,0,agv03_left_motor_hotspot.png,0.0896801675951994
2026-05-21 01:00:00,AGV-03,66.26113641320715,33.83825473191401,0.6097179717264118,24.252914971082628,12.981449623766657,10.679720575235066,145.83805595114745,1.2494263103359513,1,agv03_left_motor_hotspot.png,0.07854856416095403
2026-05-21 01:10:00,AGV-03,66.2480576360832,34.635090002860686,0.5939712119039665,24.40385855580976,12.580312949305624,12.004579247574863,150.98067539538945,1.3136882774885428,3,agv03_left_motor_hotspot.png,0.07848877763797184
2026-05-21 01:20:00,AGV-03,66.07559757243307,34.24635390065148,0.611442877386102,24.313735791151725,14.759952894217063,11.961256311339078,165.78118057562185,1.2378360594640017,1,agv03_left_motor_hotspot.png,0.07616417534333135
2026-05-21 01:30:00,AGV-03,68.68834727336073,33.306897050509576,0.5875072899477901,24.512039132626573,16.93359776666792,11.465645252739407,143.96019374030772,1.4209006013626473,1,agv03_left_motor_hotspot.png,0.12064040445543019
2026-05-21 01:40:00,AGV-03,65.15615837159646,33.378330807458994,0.6667858973462548,24.222085539538977,16.384094203669967,11.841503615590845,139.04599096990762,1.1714245341003282,0,agv03_left_motor_hotspot.png,0.1334840444706845
2026-05-21 01:50:00,AGV-03,67.76335649472277,34.10118965851242,0.5648078933552585,24.311766331756164,20.51966562594195,12.153702614202306,155.66085982744215,1.14415912735716,3,agv03_left_motor_hotspot.png,0.18735835784445928
2026-05-21 02:00:00,AGV-03,69.03009211939462,32.840331195455015,0.5663200053136251,23.993479095512843,13.935112581381684,11.669706310486877,144.97724825492114,1.2890890101633967,1,agv03_left_motor_hotspot.png,0.17575399980934175
2026-05-21 02:10:00,AGV-03,67.05353181387291,32.247415668031735,0.6476341035989244,24.641134941169113,14.578012827321052,11.908802941815242,137.90965603010815,0.9224052537457721,1,agv03_left_motor_hotspot.png,0.14896421386260741
2026-05-21 02:20:00,AGV-03,68.72272669627183,32.96929257529031,0.6312150500450532,24.43603947315913,17.367129536322793,11.659836992220407,133.45112563771704,1.3877184632721395,4,agv03_left_motor_hotspot.png,0.14059153108316028
2026-05-21 02:30:00,AGV-03,68.58516736883719,33.871900696624124,0.6009456971668893,24.76974792252827,19.498396921453935,13.292131203767847,154.23341948608575,1.2903177480588726,0,agv03_left_motor_hotspot.png,0.15384523059558747
2026-05-21 02:40:00,AGV-03,66.38350392108262,34.28397740023283,0.6473610151643676,24.371949292885112,13.566044161292,13.307480192306459,145.86394466578355,1.1780910172429249,0,agv03_left_motor_hotspot.png,0.18045556353071637
2026-05-21 02:50:00,AGV-03,70.06559891756986,32.770775583880926,0.6732876054228594,23.966762978436105,18.398425278925078,12.216220486009329,161.5356342865986,1.1293313022273181,2,agv03_left_motor_hotspot.png,0.1553697762422176
2026-05-21 03:00:00,AGV-03,67.84444523659289,33.35080378413529,0.6549612027867342,24.10035528056681,19.00093704009884,12.355831906369888,162.0026174973883,1.1902998705014411,0,agv03_left_motor_hotspot.png,0.14343166031245802
2026-05-21 03:10:00,AGV-03,69.0751677816337,34.80423946852348,0.5867487935506447,24.18733080999836,15.683677074899807,12.370176493133776,125.1167264658701,1.2673828081927552,1,agv03_left_motor_hotspot.png,0.13084339264841158
2026-05-21 03:20:00,AGV-03,70.60333999190863,33.116262674694156,0.6677439842481993,24.348815059601097,13.955319150408101,12.889675291673028,156.10216169589222,1.2255695656494856,1,agv03_left_motor_hotspot.png,0.15720839343541126
2026-05-21 03:30:00,AGV-03,69.27404924950025,34.10245004650955,0.697815160856234,23.843857898130658,19.112529883387836,12.77867927172718,145.3478313338192,1.1495617891978391,2,agv03_left_motor_hotspot.png,0.15304622211900076
2026-05-21 03:40:00,AGV-03,68.78068510148715,32.51449935898407,0.7193707755458658,24.505571222131273,14.627615815332389,12.86853483277378,153.17453261250176,1.0980923145290475,0,agv03_left_motor_hotspot.png,0.1378484030802557
2026-05-21 03:50:00,AGV-03,70.47530432703469,33.54156927507627,0.6163442645558462,24.306975984925188,21.45414807280081,13.861582047875151,163.70409693983868,1.2027602446175156,2,agv03_left_motor_hotspot.png,0.17214757636629915
2026-05-21 04:00:00,AGV-03,73.0428353145548,33.53674363771536,0.7603634337027331,24.30725143804208,21.14543280051126,13.886147230475842,151.5187760961394,1.124607057925236,1,agv03_left_motor_hotspot.png,0.1885878241100914
2026-05-21 04:10:00,AGV-03,70.7287290991004,34.93868499924129,0.7139047649006908,24.188790087747105,17.74128017463469,13.750485518371454,131.82020774612846,1.1290102429750426,2,agv03_left_motor_hotspot.png,0.17712997581648526
2026-05-21 04:20:00,AGV-03,71.16600423602931,34.36366000559132,0.6539062200379478,24.481767112205674,19.26609527376814,14.017822762507077,166.4948089432392,1.2875316454517831,3,agv03_left_motor_hotspot.png,0.1325278572849045
2026-05-21 04:30:00,AGV-03,70.44405783375042,34.33808490276953,0.6405820305573464,24.334757782514856,17.147241125161212,12.98966712669619,146.99140252859175,0.9195275490701753,1,agv03_left_motor_hotspot.png,0.13982836040771468
2026-05-21 04:40:00,AGV-03,72.35269886325905,34.271108957082475,0.6883830808747053,24.063527014653644,19.51459185009535,13.4526580009968,146.2633792173583,1.4483110669632442,0,agv03_left_motor_hotspot.png,0.08974010077749979
2026-05-21 04:50:00,AGV-03,71.10914524196954,34.00593189583549,0.703339245020794,24.105095891409405,14.149528903193428,14.320478272745063,143.23329196751988,1.1877715759770977,1,agv03_left_motor_hotspot.png,0.13319576935991181
2026-05-21 05:00:00,AGV-03,72.3760114968835,33.70881070962821,0.7176215225412953,24.18862278373276,8.745185261204025,13.96503456364025,143.69781446802392,1.251142903533244,3,agv03_left_motor_hotspot.png,0.2537232346104903
2026-05-21 05:10:00,AGV-03,74.27690371229878,33.91765389573528,0.6840596237428755,24.328910220658457,18.19222629074826,13.736946553208863,130.14538979582238,1.1176876299877772,1,agv03_left_motor_hotspot.png,0.2550383798066605
2026-05-21 05:20:00,AGV-03,73.70834697483733,33.533818802307174,0.7111009480578138,24.060810704714424,7.829873623259382,14.310438390778643,163.2864082824823,1.0986778234440109,2,agv03_left_motor_hotspot.png,0.347994968421875
2026-05-21 05:30:00,AGV-03,72.0133218407533,34.53954853096174,0.6970210029758557,24.047793212880656,10.975274690036684,14.057750801760587,149.0337632998511,0.9372256789872421,1,agv03_left_motor_hotspot.png,0.3691245671984591
2026-05-21 05:40:00,AGV-03,71.73522706280099,34.68240114915217,0.6665454924329058,24.336324463887575,11.592812778774718,14.635436421844355,159.75312458477978,1.0871347143970447,1,agv03_left_motor_hotspot.png,0.31877073787447135
2026-05-21 05:50:00,AGV-03,74.85224855265744,34.63449725353036,0.6789301299357083,24.109366630658965,12.525224118699674,15.047227138201057,156.05223701018255,1.399586235605856,2,agv03_left_motor_hotspot.png,0.3145240230093708
2026-05-21 06:00:00,AGV-03,75.19457195073868,34.41676089342169,0.7157123127445343,23.804733221604547,10.22809488280442,14.820055194918082,146.27680947062078,1.4649983233937154,2,agv03_left_motor_hotspot.png,0.29204234412807556
2026-05-21 06:10:00,AGV-03,74.12391715139871,34.599097150088596,0.739660825001265,24.42010882699834,11.778836726340526,14.938899372945967,159.00398588395063,1.0984507292312202,3,agv03_left_motor_hotspot.png,0.15318232149647232
2026-05-21 06:20:00,AGV-03,75.85216357725797,33.337287585819176,0.8013043490774302,24.46338898308371,19.241784350047784,15.185914487053497,142.64696539318047,1.4672698363156589,1,agv03_left_motor_hotspot.png,0.2582409625297928
2026-05-21 06:30:00,AGV-03,72.7324811982891,34.906695420169285,0.7932829842214071,24.292187433163654,17.307677668367038,15.56187238971127,141.53149033874635,1.0518189988648876,1,agv03_left_motor_hotspot.png,0.26218048435771124
2026-05-21 06:40:00,AGV-03,75.70748504431953,34.290462706176285,0.7255913104770567,23.74239087293017,11.217153937741141,14.421489714949903,160.074439731952,1.4867128630709585,1,agv03_left_motor_hotspot.png,0.26690575700608454
2026-05-21 06:50:00,AGV-03,75.0462964814024,35.09298977266587,0.7466538190301362,24.715638653091396,8.450309426255918,15.679162575548787,140.0232542725935,1.358809279482582,2,agv03_left_motor_hotspot.png,0.3264348347861653
2026-05-21 07:00:00,AGV-03,77.85233888267051,34.559491862752,0.754451070722131,24.166850589738473,21.69532778950323,14.916616890902748,141.18931663338708,1.3741048505395774,2,agv03_left_motor_hotspot.png,0.3485211090110054
2026-05-21 07:10:00,AGV-03,77.01087116103523,35.53368370918017,0.7443217363936717,24.139969780219886,11.958205951952518,15.70786015347827,152.31445922525572,1.3759135267901166,3,agv03_left_motor_hotspot.png,0.3463998072670891
2026-05-21 07:20:00,AGV-03,75.13803700521702,33.707225533231444,0.7929486088492506,24.26940189768394,11.897623374996284,15.563651745127393,161.70198709196603,1.4033164201658244,1,agv03_left_motor_hotspot.png,0.3515888402131723
2026-05-21 07:30:00,AGV-03,75.81170448587174,34.86981964346615,0.7270703387282111,24.125586715413235,5.906920515472754,15.298855240133005,147.17113279480375,1.3314683468254402,2,agv03_left_motor_hotspot.png,0.45306219429596595
2026-05-21 07:40:00,AGV-03,75.87580843644238,34.667345969749526,0.8081429967956208,24.132223668754772,13.623299825108415,16.288936991462084,138.4664948940404,1.3521968079659117,2,agv03_left_motor_hotspot.png,0.4409007218390937
2026-05-21 07:50:00,AGV-03,76.66167546827504,33.718191007302345,0.7778957682469541,23.90324107166355,21.887571328958014,15.324788085574907,170.86047049537115,1.35920564473097,5,agv03_left_motor_hotspot.png,0.42994918034328955
2026-05-21 08:00:00,AGV-03,75.8424212345744,34.82266731999165,0.7709207291166935,23.906336486721738,22.10756472019479,15.492021799187944,151.96131459023908,1.548006108302589,1,agv03_left_motor_hotspot.png,0.4345662299736241
2026-05-21 08:10:00,AGV-03,74.2919438278044,34.71687029546646,0.8210781706557273,24.192236346501872,16.512264685010802,16.175358749037265,158.36328719335455,1.1116092522316041,2,agv03_left_motor_hotspot.png,0.40633746981128105
2026-05-21 08:20:00,AGV-03,77.36376691157261,35.56067102672608,0.7486830471088451,24.364839317263122,13.905393590761658,16.04649152942615,157.0607891381513,1.5246011060868534,2,agv03_left_motor_hotspot.png,0.3868443160574533
2026-05-21 08:30:00,AGV-03,75.53736926542425,35.53644801062288,0.7460271675853561,24.41170769696845,15.143975185192456,16.31829852782914,154.2831669237524,1.4385873108926774,3,agv03_left_motor_hotspot.png,0.22432163093411123
2026-05-21 08:40:00,AGV-03,76.41697519558925,34.44092144517247,0.7916046196503045,23.654672761536617,19.08039584272463,15.71388464005225,132.0610750213211,1.0530418162924788,3,agv03_left_motor_hotspot.png,0.19167326430921242
2026-05-21 08:50:00,AGV-03,76.4749301020158,36.15701290442685,0.7712725052718842,24.11037519607878,18.849832491604282,17.248686238592995,132.03261987021946,1.2196597779323772,2,agv03_left_motor_hotspot.png,0.1703363669247101
2026-05-21 09:00:00,AGV-03,76.51917043103762,34.32611375092414,0.7514438599967992,23.997490014620986,12.2505101245569,17.21065891255641,171.65056067806603,1.3014662724742156,0,agv03_left_motor_hotspot.png,0.17056930147405774
2026-05-21 09:10:00,AGV-03,78.31886104594832,35.45795264701942,0.8442360169742924,23.950846866024715,12.380928070580953,16.689439925109813,149.26027136405622,1.211721459445447,3,agv03_left_motor_hotspot.png,0.20010921948462568
2026-05-21 09:20:00,AGV-03,81.18958249595394,33.54855230342346,0.8240697235195888,24.355864579707617,29.35057590858584,16.43239566447772,155.59577061510467,1.1393403865224059,4,agv03_left_motor_hotspot.png,0.3574303825803753
2026-05-21 09:30:00,AGV-03,78.30947107714216,34.28410349572733,0.9130338252935719,24.158796529072685,17.953592841758336,17.373190565097662,144.10090702134244,1.270899458411507,3,agv03_left_motor_hotspot.png,0.340857666074783
2026-05-21 09:40:00,AGV-03,78.42989084330573,33.843384436036295,0.7609510042682192,24.352712457021052,17.704177781674783,17.667110971723844,153.25840852147925,1.1115648924011399,3,agv03_left_motor_hotspot.png,0.34470317552928026
2026-05-21 09:50:00,AGV-03,80.6352734000353,34.27281576976992,0.8661515216429505,24.083848735993065,24.0564122714909,18.142485343124374,161.0292773274266,1.286053054500383,5,agv03_left_motor_hotspot.png,0.3538715886622645
2026-05-21 10:00:00,AGV-03,81.25444584603909,35.184638504415574,0.7574556750968338,24.06211889376382,13.665744108265164,16.65914560072659,145.22354417395994,1.235246681222437,2,agv03_left_motor_hotspot.png,0.33581098814416466
2026-05-21 10:10:00,AGV-03,79.1931333623381,34.31375165275991,0.7058989754768323,24.440664334970265,23.4191383325391,17.031322350168665,151.26523205018054,1.1435548912612505,2,agv03_left_motor_hotspot.png,0.2680914048513173
2026-05-21 10:20:00,AGV-03,81.13556834799627,34.92480583238083,0.8488015207416085,24.038244670732293,29.472475664002474,17.40116287177199,145.45452281256556,1.289459560367648,0,agv03_left_motor_hotspot.png,0.2695486482781591
2026-05-21 10:30:00,AGV-03,79.70905450989017,34.73949300590344,0.83285957038913,23.8067601056018,12.97087096172897,17.67341508050131,142.10652987949038,1.0073123601450045,4,agv03_left_motor_hotspot.png,0.3224191946572438
2026-05-21 10:40:00,AGV-03,78.4066442282811,36.24130891769264,0.7289794774416364,23.948599139777794,17.917914075762678,18.25436001666211,156.20747555279425,1.2761131391749934,3,agv03_left_motor_hotspot.png,0.3210667692000389
2026-05-21 10:50:00,AGV-03,78.20169036312066,36.96218327848597,0.8025618759348501,23.745255812186752,20.33944980884795,18.38510471588051,144.0257663485677,1.1477559819627814,3,agv03_left_motor_hotspot.png,0.3177798062095804
2026-05-21 11:00:00,AGV-03,79.70737859834237,36.14645821475576,0.890348282754568,24.0586871389994,19.425632930975354,17.42306187974567,147.49812166792836,1.2423003937525283,1,agv03_left_motor_hotspot.png,0.26909812514744086
2026-05-21 11:10:00,AGV-03,77.4541665852955,35.77136837553753,0.8524441836252582,23.997745767627855,19.85591719329524,17.482990087725582,144.18217966607946,1.0757403817809525,2,agv03_left_motor_hotspot.png,0.26830945616017815
2026-05-21 11:20:00,AGV-03,80.70309340652298,36.56341597962175,0.776732710111759,23.780647108581224,26.75223490556077,17.77561700734947,156.78946987762234,1.4786553515306597,3,agv03_left_motor_hotspot.png,0.22716610122894096
2026-05-21 11:30:00,AGV-03,81.15722521951217,34.80178186523407,0.8670802060307771,24.27551497294095,23.01614989982915,17.509776581023566,144.68545448640785,1.0383935884522861,5,agv03_left_motor_hotspot.png,0.14991709108024592
2026-05-21 11:40:00,AGV-03,81.98160342794583,36.96029419231649,0.7840891979120777,23.973264157510386,21.60578532831582,19.46587846580966,158.52595803295102,1.218461730248427,2,agv03_left_motor_hotspot.png,0.12557986409286695
2026-05-21 11:50:00,AGV-03,82.56143616665615,32.963359970906815,0.8600128581207956,23.98408643230644,23.58135181363864,18.19834115421827,141.6804508250555,1.227721545373461,6,agv03_left_motor_hotspot.png,0.12103369771618273
2026-05-21 12:00:00,AGV-03,80.70001348060273,34.14001904748761,0.9503754715052939,24.23479928092915,30.0306769246629,17.982616816768584,150.71253749910892,1.0165657470666654,1,agv03_left_motor_hotspot.png,0.15262475133773049
2026-05-21 12:10:00,AGV-03,81.11030383805057,34.279484427252754,0.9188141294884317,23.88369112731671,24.650490434048344,18.00153662968888,173.03638752104789,1.2906181334382776,1,agv03_left_motor_hotspot.png,0.12155064532817755
2026-05-21 12:20:00,AGV-03,84.27346524429558,35.95211773128562,0.8341417695558417,24.15876932463729,19.955290250247035,19.42845062844339,150.00186664634973,1.1658785610069888,2,agv03_left_motor_hotspot.png,0.14527091957453747
2026-05-21 12:30:00,AGV-03,80.91638898504515,35.663286858108265,0.9085949334352157,24.108910653607616,12.452366988737975,19.49224102114467,157.6011837625636,0.9460977576733594,5,agv03_left_motor_hotspot.png,0.264099823707558
2026-05-21 12:40:00,AGV-03,82.70318926457982,35.410466679534935,0.8960478890701945,23.781859940347914,21.396330364502493,19.458975725087125,162.90261129046064,1.443374751135152,3,agv03_left_motor_hotspot.png,0.2646910451431554
2026-05-21 12:50:00,AGV-03,82.32486916942135,33.963454160326954,0.851283586285685,23.81290404742001,18.63295586360101,19.097526701621415,145.0306797488202,1.211363901479757,6,agv03_left_motor_hotspot.png,0.278908257195015
2026-05-21 13:00:00,AGV-03,81.82275561886429,35.090875030876134,0.8560215039163847,23.712155744932637,19.70385615908047,19.37158223017984,153.31485262021758,1.231910966378649,4,agv03_left_motor_hotspot.png,0.20650193428071878
2026-05-21 13:10:00,AGV-03,81.8368669644018,36.12367951947769,0.9811350441710169,23.93113625702411,10.811939351568629,18.78365333463297,161.92735165416414,1.2043654062487534,4,agv03_left_motor_hotspot.png,0.25650861993458857
2026-05-21 13:20:00,AGV-03,84.86630114809326,35.63317680984033,0.8904679846762243,23.99151368736056,25.168251475763736,19.449354030076396,150.73196991001694,1.3308473070042675,3,agv03_left_motor_hotspot.png,0.30246660191281816
2026-05-21 13:30:00,AGV-03,85.7875612456606,35.11484381393881,0.8552181548646732,23.839475846987874,19.33852311373132,19.825278246974715,153.78810529496593,1.3843822176445575,4,agv03_left_motor_hotspot.png,0.24615252088076836
2026-05-21 13:40:00,AGV-03,83.34116102912088,35.45456224884077,0.9227681909754823,24.10005287095159,11.251240343885822,19.841899523163356,150.72724627403286,1.4110171283682058,5,agv03_left_motor_hotspot.png,0.3154461604714338
2026-05-21 13:50:00,AGV-03,82.38339605936672,35.85840454790833,0.947553293048171,23.76106008222878,10.927740107228797,19.87986338426023,154.24066861518452,1.1545557934688548,0,agv03_left_motor_hotspot.png,0.3743298103319577
2026-05-21 14:00:00,AGV-03,82.5384434065049,34.19210259161324,0.9227788315497338,23.474879476167633,25.48838771842353,19.691136724612967,152.148265061166,1.176276923344152,4,agv03_left_motor_hotspot.png,0.4138469532975668
2026-05-21 14:10:00,AGV-03,82.59293522537673,36.66243133464239,0.9713559490354176,23.819417741459123,21.970342803308412,19.247791196632424,158.96588654236018,1.127281398546466,5,agv03_left_motor_hotspot.png,0.3441180188821649
2026-05-21 14:20:00,AGV-03,85.14972079229489,35.303561445404775,0.9100972358187916,24.014171611715852,8.078745446844778,20.4564441483111,142.85319323009568,1.1387046131194993,0,agv03_left_motor_hotspot.png,0.43508685524019647
2026-05-21 14:30:00,AGV-03,85.86713319668014,35.44214015246576,0.8832709838027879,23.84831475218825,2.408307274565514,20.08357999954223,162.52842634427483,1.2267714995828085,3,agv03_left_motor_hotspot.png,0.6523265721771413
2026-05-21 14:40:00,AGV-03,84.57700912148577,33.75353281473846,0.9310606020954012,24.287436187049728,20.485437181205807,21.0713343855478,140.2463397272175,1.196658153122443,7,agv03_left_motor_hotspot.png,0.609246263850305
2026-05-21 14:50:00,AGV-03,86.8432079641535,34.907313679756506,0.9708422249165083,23.77391240574953,12.65084947962399,20.767239721677637,132.2893144691191,1.0860445323779568,1,agv03_left_motor_hotspot.png,0.589539400507035
2026-05-21 15:00:00,AGV-03,83.33020575941555,34.38787430561676,0.8515918642522433,23.85061822927399,17.401542218557797,20.787672718805833,146.15204465826935,1.1509955680220454,2,agv03_left_motor_hotspot.png,0.5488946285663708
2026-05-21 15:10:00,AGV-03,84.97086688562946,35.64731453234238,0.9578615901224676,23.76867332567131,12.48364614155193,20.789563279458612,165.69866436259966,1.2127618547969985,5,agv03_left_motor_hotspot.png,0.527508537413968
2026-05-21 15:20:00,AGV-03,85.57961569654134,34.69987572303376,0.908219627054829,23.564090095221133,25.75148773393383,20.875290667975754,164.4586465964203,0.8650081770966354,3,agv03_left_motor_hotspot.png,0.5277552383511941
2026-05-21 15:30:00,AGV-03,87.95479855679505,36.473987920443236,0.9526900651147423,23.611924196877908,16.980452571836395,21.185075559531125,148.65844357907736,1.0886627979650696,1,agv03_left_motor_hotspot.png,0.284656321736853
2026-05-21 15:40:00,AGV-03,87.83595644067073,35.34722931353229,0.9661387567243167,23.735582574467454,28.92279264758016,21.521817492518505,152.78991794748475,1.115173306767353,3,agv03_left_motor_hotspot.png,0.3590285436895254
2026-05-21 15:50:00,AGV-03,85.35667642617993,34.589138041890145,0.8977698311375044,24.103896979299822,21.101704636933597,20.69030104588782,142.1870329317694,1.0373443187314315,3,agv03_left_motor_hotspot.png,0.297677071546955
2026-05-21 16:00:00,AGV-03,89.23652417720321,36.835624767497144,0.9182845315808138,24.11525420010936,14.987750043349445,21.715225796579407,146.72058079732642,1.280047199305333,3,agv03_left_motor_hotspot.png,0.31926633668864396
2026-05-21 16:10:00,AGV-03,86.02737843675332,36.43513161975486,0.9672508372361649,23.713121227040496,14.081344551038423,21.294554545576226,144.6382783337601,0.992480623225745,1,agv03_left_motor_hotspot.png,0.2976514496911278
2026-05-21 16:20:00,AGV-03,86.3311366255097,35.502089557558335,0.9843012987656352,23.78038249587704,24.219785644257833,21.836312663549297,147.53757878051283,1.0789290025530995,5,agv03_left_motor_hotspot.png,0.2890275001656303
2026-05-21 16:30:00,AGV-03,90.14280110955879,35.037193772104715,0.9844805398898921,23.790297059511364,23.94888685779884,21.55220932465568,134.67299440110068,1.4264186540111534,2,agv03_left_motor_hotspot.png,0.2713238827753015
2026-05-21 16:40:00,AGV-03,88.837165397968,35.72084856408246,0.8993251797376933,23.633824542284138,18.501232177369953,22.26305367484204,146.069472429386,1.2804436364275784,7,agv03_left_motor_hotspot.png,0.2242499464447297
2026-05-21 16:50:00,AGV-03,90.70556640667127,36.16983788323683,0.9940967098351464,23.8822216359709,14.526089904088838,22.684739313988988,152.97083451490835,1.180490955966957,6,agv03_left_motor_hotspot.png,0.25518945178146185
2026-05-21 17:00:00,AGV-03,87.86455100340106,34.87784624800931,0.9761088156353516,24.13365966654739,11.842194999679577,21.39228128514477,157.52682315286057,0.81173750516937,5,agv03_left_motor_hotspot.png,0.29590080264663904
2026-05-21 17:10:00,AGV-03,89.34919307418441,36.61533545239043,1.0035727485838386,23.65097968358674,31.757263883290122,21.823099805569683,160.0800400429326,1.2987588767883735,5,agv03_left_motor_hotspot.png,0.3510471611931728
2026-05-21 17:20:00,AGV-03,86.83930338662958,36.86877181786033,1.0350448773096164,23.7720592868739,26.341957139415637,22.083999794407422,137.91821176354412,1.1445919901904473,3,agv03_left_motor_hotspot.png,0.3568111152850515
2026-05-21 17:30:00,AGV-03,90.01018074718665,37.155795251684,0.9456063236951845,23.888026695462568,24.564271949488536,22.50323613555058,143.9177349255524,0.9184921903975894,8,agv03_left_motor_hotspot.png,0.35742342902515534
2026-05-21 17:40:00,AGV-03,90.23589575594556,34.194574272616784,1.0767648505722718,24.036450570506187,15.951302039712052,21.871819416946636,181.52056734512084,1.0346595389316215,9,agv03_left_motor_hotspot.png,0.37681472463134974
2026-05-21 17:50:00,AGV-03,90.36432301972542,34.061593764721536,1.0221259662551683,23.66308721309392,35.7653832322346,22.116048181494204,161.83227173712845,1.0838077544972127,6,agv03_left_motor_hotspot.png,0.37436001124668966
2026-05-21 18:00:00,AGV-03,90.18615674953615,35.31136294606089,1.0277206410891244,23.720671968385634,19.663761481999533,21.859524276897815,149.00030220183098,1.1594584858484753,5,agv03_left_motor_hotspot.png,0.2868437125488887
2026-05-21 18:10:00,AGV-03,89.32091116182141,35.66784194060204,0.9790897788668106,23.639558308964077,33.08259822183946,22.479668714412895,149.20932658135445,1.2043186220607722,2,agv03_left_motor_hotspot.png,0.2934750668057963
2026-05-21 18:20:00,AGV-03,89.97105700803972,36.347144187937225,0.990830758623693,23.738325807138242,38.4010773321781,22.751218810735125,142.18843621868885,0.9864476044674115,3,agv03_left_motor_hotspot.png,0.3287297109021258
2026-05-21 18:30:00,AGV-03,93.32088409122143,36.45289157808331,1.0498735558600945,23.467104239191123,9.469537808424011,22.977805609741743,158.7362850207453,0.774138201077186,4,agv03_left_motor_hotspot.png,0.46983286388100315
2026-05-21 18:40:00,AGV-03,92.5441464824741,37.59555100760434,0.9884154516821242,23.498727596003626,21.30763468501203,23.30154862989777,148.95657207013107,1.3717139417178446,2,agv03_left_motor_hotspot.png,0.4285440166288236
2026-05-21 18:50:00,AGV-03,90.2775297591233,35.9981477832285,1.0414877880762152,23.778129307214865,10.59845500588719,22.90034307934082,140.0830333655969,1.2309542656988175,7,agv03_left_motor_hotspot.png,0.5298231229195237
2026-05-21 19:00:00,AGV-03,91.89937707632318,36.111921292829976,0.9793537783199917,23.94436358780301,24.82194985537395,22.324942898298822,146.36883338844433,1.0942907346583675,3,agv03_left_motor_hotspot.png,0.5089190587702896
2026-05-21 19:10:00,AGV-03,91.2636334387021,35.65060960625024,1.056115671760193,23.588332093049818,34.8680124090898,23.32839995512039,163.11167497802626,0.9132539174022364,1,agv03_left_motor_hotspot.png,0.5165175126948418
2026-05-21 19:20:00,AGV-03,93.3663003854384,35.9799251033309,1.0801976060564034,23.64490522946706,9.848236300783727,23.5885870351397,148.6783064435563,1.4130756430906595,7,agv03_left_motor_hotspot.png,0.5593631767645898
2026-05-21 19:30:00,AGV-03,90.05735951552191,35.313993302806594,1.0925044541580642,23.894021454500177,19.281768778561922,24.0,144.1184564301225,1.236468518776934,6,agv03_left_motor_hotspot.png,0.46510376393806785
2026-05-21 19:40:00,AGV-03,90.91214641879183,37.65143941522568,1.0086833952089067,23.86117880531906,18.568528501906474,23.88002545192409,159.57791614472904,1.151916062621072,4,agv03_left_motor_hotspot.png,0.4757663396249799
2026-05-21 19:50:00,AGV-03,93.23074574933244,35.10260546794453,1.010923682569737,24.065339409264666,13.157380088558362,24.0,160.7036516022993,1.4484312378085944,1,agv03_left_motor_hotspot.png,0.4433505058899334
2026-05-21 20:00:00,AGV-03,92.83378115958136,35.689405557182766,1.0477631820591116,23.767591505646422,28.289124287888725,24.0,149.3959627080309,1.2006344788491228,9,agv03_left_motor_hotspot.png,0.45361993411065454
2026-05-20 20:10:00,AGV-04,36.08611086825898,26.477153700450884,0.13980332477918578,25.15657378501076,10.263268341836154,5.044928466187925,101.38049865125953,1.1618071435045758,0,normal_agv.png,
2026-05-20 20:20:00,AGV-04,37.1881363026629,26.95938151526754,0.10167391283653465,25.076424774071636,9.810522006089805,5.019663636105887,104.57196781757101,1.1423159976381607,0,normal_agv.png,0.031896318391587186
2026-05-20 20:30:00,AGV-04,35.59974213266735,26.37957163211678,0.11789103228062758,25.292706723854952,10.009341733202106,5.558103506007429,119.01108567603075,1.224558485814899,0,normal_agv.png,0.022630432772650536
2026-05-20 20:40:00,AGV-04,35.15372172767147,27.771539721844892,0.12014128585590322,24.97002005742539,9.366589864940558,5.3571685765301655,123.95798848709747,1.3547510822326823,0,normal_agv.png,0.0384234579359752
2026-05-20 20:50:00,AGV-04,37.451927961780285,25.413413662513467,0.07505860539328935,25.089635554409156,10.576622121743883,5.560091169274703,120.1087875820223,1.0747481574715523,0,normal_agv.png,0.04577059107268083
2026-05-20 21:00:00,AGV-04,34.46808665671003,26.87996784103016,0.09055922633064659,25.306932454954488,9.697058049448376,5.479322900166734,112.0621347598103,1.0742737537056657,1,normal_agv.png,0.04304756979623904
2026-05-20 21:10:00,AGV-04,36.046519869192444,26.346622576509226,0.09009843216119187,25.198003340622883,9.75157398858281,4.75976179483248,127.97843779895767,1.179353543210876,0,normal_agv.png,0.04102635672479343
2026-05-20 21:20:00,AGV-04,36.339197770037046,27.58663969205239,0.16202805362634398,25.084066386200888,10.211180351127307,5.453252619261056,108.2397986774724,1.0556909765950109,0,normal_agv.png,0.04286405667085638
2026-05-20 21:30:00,AGV-04,38.84720393253448,27.195390792868658,0.13047862364534063,24.87339638728346,10.131088371732444,5.427334822721255,132.86625810103527,1.354555229980727,1,normal_agv.png,0.043486806593254684
2026-05-20 21:40:00,AGV-04,35.98130601105397,26.46011804700227,0.10927044348871218,24.79278278906788,10.020527225607191,6.112071795137443,101.58102227042143,1.3208088543944327,0,normal_agv.png,0.032136796217724854
2026-05-20 21:50:00,AGV-04,35.829688101824814,27.76880244918221,0.12749722434380864,24.863404326439397,10.152077452615355,6.027736785758775,120.71880935718875,1.375697851372224,0,normal_agv.png,0.02185809090293388
2026-05-20 22:00:00,AGV-04,37.51855474448659,27.446848519529503,0.16032374244540282,25.293619931421212,9.698359653515052,5.808359228781615,129.97632076920246,1.1809831166283296,0,normal_agv.png,0.021822255492460446
2026-05-20 22:10:00,AGV-04,37.26301139098261,27.13143329308336,0.1271950855210103,25.265145607300422,10.229364612711086,5.646971313927307,129.39579412355178,1.0403574575638608,0,normal_agv.png,0.019667865872809862
2026-05-20 22:20:00,AGV-04,34.972004785352325,26.508882138774716,0.12714828690775634,24.764810594940514,9.587613882704206,6.2364973432501865,119.31876574832047,1.1530911451222965,0,normal_agv.png,0.02649703951075746
2026-05-20 22:30:00,AGV-04,38.68061051962253,26.33328999791414,0.15297783065622023,25.355459473042174,9.708355728213748,5.911710219106944,121.45080649509244,1.2162588763668825,0,normal_agv.png,0.027162708167472693
2026-05-20 22:40:00,AGV-04,35.80508707169187,27.89786269223275,0.12770850409376652,25.399061088731962,9.88368361027332,5.810667883266376,114.33489004768528,1.172706033546399,1,normal_agv.png,0.02655636501927088
2026-05-20 22:50:00,AGV-04,37.48575356994527,28.977550612782355,0.12354426641748814,25.019145566509753,9.739226370034567,6.624028509372266,110.25878153783631,1.1456213417919696,0,normal_agv.png,0.0231844432965525
2026-05-20 23:00:00,AGV-04,35.40591693105575,26.357013981378092,0.11928761229743401,25.29883865294952,10.020420214882673,6.439656529080934,135.32933370535557,1.1628335137507504,0,normal_agv.png,0.023759512225145357
2026-05-20 23:10:00,AGV-04,36.85693015069205,27.577454181014748,0.1604799203516361,24.940607477186205,9.9276763657859,6.467583604165134,119.80126364631688,1.186482783466999,0,normal_agv.png,0.01632970189958959
2026-05-20 23:20:00,AGV-04,38.017485693620515,26.77779314223882,0.11803632850378133,25.35411372526764,9.835099665275203,7.033066501912033,129.3193454231631,1.2720426461865273,0,normal_agv.png,0.011900164996040715
2026-05-20 23:30:00,AGV-04,37.92308180569645,28.682304436874627,0.1424281858558121,25.455432311365282,10.0396228352812,6.755080772670893,129.4118186641997,1.058639170799556,0,normal_agv.png,0.011484976839117152
2026-05-20 23:40:00,AGV-04,38.82946152590869,28.304988994219826,0.12160734691880316,25.14672141722903,10.123167795580928,6.224596635764796,120.17455465252655,1.0734258589323098,0,normal_agv.png,0.014292428525693686
2026-05-20 23:50:00,AGV-04,35.769344132352636,27.023794587805998,0.11339166950363014,25.116862608428765,9.852363703770074,7.118241990344523,125.91442151751855,1.225432670727654,0,normal_agv.png,0.011404902183694767
2026-05-21 00:00:00,AGV-04,37.272438534754656,27.06612806805231,0.1416159313941397,25.37476046582943,9.862524631533296,6.800496929689043,120.96676121140233,1.3678351471305945,0,normal_agv.png,0.011759231888334404
2026-05-21 00:10:00,AGV-04,36.88201327667879,27.107857077255773,0.14470720479090038,24.77119584638365,10.369550599267814,7.830813875157166,96.28340639141108,1.1382631023855567,0,normal_agv.png,0.020950590492680454
2026-05-21 00:20:00,AGV-04,37.34423098957191,27.1557513009556,0.14062507586233627,25.165307894570468,9.841400816349394,6.85116974705319,115.93757551130471,1.215833333387366,0,normal_agv.png,0.02084256097609656
2026-05-21 00:30:00,AGV-04,37.66681352784143,27.622670687064964,0.1606258895357725,25.201227414695737,9.87014284167305,6.638811165881408,128.39663864431188,1.2270707221448913,0,normal_agv.png,0.021632901882245998
2026-05-21 00:40:00,AGV-04,36.232195750354656,27.080304705248487,0.16048224006390507,25.31303322730354,10.432463807333686,6.917025990517635,123.52290444166286,1.2857543892169438,0,normal_agv.png,0.028092584058533834
2026-05-21 00:50:00,AGV-04,36.63331617437893,27.73306396314863,0.16121485346832146,25.030401029410825,10.009333935589126,6.350425942653175,109.41559366358348,1.347868050341394,0,normal_agv.png,0.02665555679906614
2026-05-21 01:00:00,AGV-04,37.41724284819694,28.23742256056705,0.14552105646145477,24.728968775330245,10.027372487758965,7.939744641523095,131.248370601157,1.0225321791959134,0,normal_agv.png,0.024910374826700946
2026-05-21 01:10:00,AGV-04,36.26745087710094,28.48357960905911,0.1257504258905093,25.04117746420646,10.048798026560585,6.625295309832734,102.18841585534366,1.2087042967764325,0,normal_agv.png,0.021060860095622497
2026-05-21 01:20:00,AGV-04,37.5273835491939,27.47404244470143,0.13061652534003904,25.25245948110547,10.80350435509944,6.969928520637406,123.1085819079481,1.1781964222910553,0,normal_agv.png,0.03441820617788817
2026-05-21 01:30:00,AGV-04,37.130155977966176,28.720368774570563,0.15431279530365935,24.70575871488708,10.324001975946382,7.486285685991,115.05034519631927,1.1744664068317925,0,normal_agv.png,0.030456115664370398
2026-05-21 01:40:00,AGV-04,38.53428740349413,28.130680780048138,0.16842995330068256,25.165437908294276,9.652210921412594,8.32866717108121,127.47072843846553,1.0933497316177754,0,normal_agv.png,0.03817935840417937
2026-05-21 01:50:00,AGV-04,38.983950243977006,28.315314759168533,0.12262826662134584,25.23089127296461,9.80313606015428,8.020219154042614,128.50079332417553,1.1725627867074677,0,normal_agv.png,0.0405679296566678
2026-05-21 02:00:00,AGV-04,37.57597584287236,28.250181015464072,0.1509392341246886,25.358861274068616,10.892248037163723,8.117023028826694,126.37719497181916,1.2435376281872277,0,normal_agv.png,0.05014150906710273
2026-05-21 02:10:00,AGV-04,38.40910735008816,27.04913884255519,0.14916453116368342,25.08311105805193,10.291199667320534,8.242334614208792,111.54846041573842,1.1630902228202569,0,normal_agv.png,0.048981148072276035
2026-05-21 02:20:00,AGV-04,37.518522326519644,26.9186358642507,0.15428811849449545,24.980919341136953,10.699314619147943,8.375099103967019,107.63479663653328,1.2001060550987526,0,normal_agv.png,0.04715401911904089
2026-05-21 02:30:00,AGV-04,38.0662679324366,27.44486128402432,0.1759108923765203,25.20156238388243,10.011867614119387,7.647807713034899,110.41221543813225,1.0512469339242991,0,normal_agv.png,0.048429218685222375
2026-05-21 02:40:00,AGV-04,36.052775246576054,28.38000832940555,0.14299137331817005,25.16679017043011,10.61796361578803,8.46836082398757,119.50795083826631,1.2212493594538025,0,normal_agv.png,0.04078057517406538
2026-05-21 02:50:00,AGV-04,37.82919354959715,28.3850959085622,0.12941360198299504,24.969976975734916,9.993050360112308,7.991518988924751,118.22082124195602,1.1778808195530597,0,normal_agv.png,0.03606101067789262
2026-05-21 03:00:00,AGV-04,37.30284933829029,28.387690891947575,0.15563816345625123,24.90574867202956,10.042860600238914,8.60663008148867,139.7281075471809,1.2859466403816195,0,normal_agv.png,0.03079009328365663
2026-05-21 03:10:00,AGV-04,38.796128551306154,29.201775319355495,0.1688229822247842,25.060410363115945,10.902555365802002,9.004425717987797,130.9048472490764,1.2203679815896735,1,normal_agv.png,0.03927215235296485
2026-05-21 03:20:00,AGV-04,36.713299214223035,28.758807995181108,0.14643209169966265,25.107358407077083,10.3642456751207,9.386469638102382,109.59806280184102,1.2069576174060286,0,normal_agv.png,0.0364744271798275
2026-05-21 03:30:00,AGV-04,36.02506777685935,27.81240185249083,0.15817346856806558,25.19378591021014,10.257454447406456,8.98061652624298,122.32871307740251,1.1954087437598766,0,normal_agv.png,0.03361142225164082
2026-05-21 03:40:00,AGV-04,36.929135644577435,28.86978410187456,0.18046560186399846,24.788901400373636,10.453834804249231,9.463840021360506,109.29808437105669,1.1756062230114137,0,normal_agv.png,0.03195411488210736
2026-05-21 03:50:00,AGV-04,37.033737271477875,28.440224922753593,0.1680050183755935,24.95720058528865,10.747912643394796,8.987976920057863,116.05527306571979,1.1016653121759667,2,normal_agv.png,0.03031755691392874
2026-05-21 04:00:00,AGV-04,37.46542516375216,27.72015467460473,0.14717196029733248,24.96877843109274,10.104269428089937,9.672273507232669,108.23037887230032,1.2932261934241729,0,normal_agv.png,0.028797886659856903
2026-05-21 04:10:00,AGV-04,37.44759142277129,28.924789092983627,0.15775583523938902,24.86882745563787,10.33268698105797,8.843662022479368,137.76087280380065,1.2627202223448597,0,normal_agv.png,0.020860311217432596
2026-05-21 04:20:00,AGV-04,37.28638167477893,28.753741242973252,0.1815473730150346,24.78717640202002,10.244162018550186,9.175123802017385,119.91886798388249,1.1511374443931304,0,normal_agv.png,0.02156003029490069
2026-05-21 04:30:00,AGV-04,37.82035784158655,29.302493085912516,0.1634006364500524,25.32217824175604,10.241670089475233,9.92845310966755,108.36142282240175,1.274998199400554,0,normal_agv.png,0.021709548880841548
2026-05-21 04:40:00,AGV-04,37.40659504637379,27.957711075920322,0.13814986395433856,25.2870318486494,9.729914550030795,9.694326513122054,117.34378178219463,1.2017960329822128,1,normal_agv.png,0.03226019137637052
2026-05-21 04:50:00,AGV-04,37.618135519486536,28.745236259924745,0.13293931289609098,25.509333662280895,10.243840201309508,10.054126981890617,115.46363612408317,1.2007010787908294,0,normal_agv.png,0.021496738104246363
2026-05-21 05:00:00,AGV-04,37.33644676492045,29.022774806582447,0.16418799283705873,25.304052102255355,10.037034828240618,9.92785603216721,116.92941681091288,1.1413624880700992,0,normal_agv.png,0.021960803162340642
2026-05-21 05:10:00,AGV-04,38.86585321653088,28.233839009240675,0.14581172372954862,25.438599913978003,9.654156342720949,8.398538161474875,99.82661201877589,1.1952641140473117,0,normal_agv.png,0.027047124266007496
2026-05-21 05:20:00,AGV-04,39.121673167890044,28.628493753745015,0.15394841084729344,25.323958718746397,10.703277726126922,9.065636053666518,118.38909622738326,1.3293040034177532,0,normal_agv.png,0.03819651419504987
2026-05-21 05:30:00,AGV-04,38.63156913777666,28.445517788816662,0.1665027559955164,25.016637084691087,11.499380699710773,9.322891619034149,116.84703344713876,1.244538867106875,0,normal_agv.png,0.0673974787878319
2026-05-21 05:40:00,AGV-04,38.6376920069248,28.032809575407914,0.18949935522887057,24.983915832770396,10.115813214664403,9.943493518051065,121.97649302899507,1.1622947423079104,0,normal_agv.png,0.06231573407895675
2026-05-21 05:50:00,AGV-04,38.99219296632095,26.786824214198965,0.13586252628605872,25.229273181566615,9.94379092429001,10.159773307996243,107.41975304771215,1.2162355240248088,1,normal_agv.png,0.06488448495422404
2026-05-21 06:00:00,AGV-04,39.406794071520046,29.162686584670308,0.18190987750581322,25.34774506394494,9.825550346782926,10.403136859783944,128.97543570303796,1.1369062455078909,1,normal_agv.png,0.06737797344118694
2026-05-21 06:10:00,AGV-04,37.8431395639106,28.157601432593772,0.14891377215943183,24.711148839359044,9.783874828493381,10.245724204431353,129.51306244299482,1.1002165883975876,0,normal_agv.png,0.0650901316521665
2026-05-21 06:20:00,AGV-04,38.36856833988738,28.567556732827903,0.17286049203564632,25.283884661956343,10.489730526315027,9.868648863805902,132.8538527901427,1.1624695316631672,0,normal_agv.png,0.06341578343616301
2026-05-21 06:30:00,AGV-04,38.202962442049824,29.604584291657353,0.16089561153684537,25.14422251576375,10.387413736666046,10.439809325724308,113.91649235320662,1.324504591078422,2,normal_agv.png,0.029193471769093766
2026-05-21 06:40:00,AGV-04,39.05299276204063,29.012118693724613,0.16568151249706803,25.016197607432858,11.63474543699466,10.177312893993301,120.37626323845019,1.2947405316156937,0,normal_agv.png,0.067419657080492
2026-05-21 06:50:00,AGV-04,38.88399054284477,29.152473859619988,0.12409523004184381,25.44344896287617,10.05261029296899,10.378366998954071,135.92669998282884,1.1998475493608993,0,normal_agv.png,0.06622375228798807
2026-05-21 07:00:00,AGV-04,37.53830930773776,28.783265710292135,0.14453212375329538,25.11286330132431,10.600019136715197,10.67711413672887,120.22102749849856,1.2766271704886614,0,normal_agv.png,0.060628595524015
2026-05-21 07:10:00,AGV-04,38.96258354882908,28.390381818244,0.18152052599965243,24.8905049593339,8.911703200146826,10.104011018788974,121.38645183710085,1.2102922358363373,0,normal_agv.png,0.0852656904230419
2026-05-21 07:20:00,AGV-04,37.94292784959048,28.94259517929119,0.18893181778718499,24.961331247737096,10.350573203875406,10.740366204661152,114.65243329155678,1.16744918043965,1,normal_agv.png,0.0851949039951516
2026-05-21 07:30:00,AGV-04,37.35588920796821,29.79875560576461,0.15424400158985835,25.154170906877837,9.840525176827537,11.115574095632901,122.6117680697451,1.2535072104436975,0,normal_agv.png,0.08791642923007151
2026-05-21 07:40:00,AGV-04,38.69512199654812,28.209653092547775,0.17818799839446667,24.838796727195696,10.28039468291887,10.797962285289,126.45587712174193,1.2212370127596581,0,normal_agv.png,0.059528233359293824
2026-05-21 07:50:00,AGV-04,36.61674733883252,29.50588283646352,0.16846639227365512,25.244686053792417,9.941875230089087,10.482726055779231,103.09328372393549,0.9458636949443199,1,normal_agv.png,0.05963637460758552
2026-05-21 08:00:00,AGV-04,41.73423872274088,28.772086556106323,0.18426952917787395,24.871266635924925,9.451352047076918,10.749804286969777,111.1549692693998,1.1863793402563274,0,normal_agv.png,0.05527921681415754
2026-05-21 08:10:00,AGV-04,37.1290751197254,28.744006749150643,0.1693122730742523,24.97133523010826,11.578273135362908,11.01899989592843,125.07020272135357,1.3466787661741584,0,normal_agv.png,0.07142932334182249
2026-05-21 08:20:00,AGV-04,37.667488558181994,28.54642038348619,0.16579401609522096,24.67662540208937,10.140975181477893,10.991338784420321,119.43059541275207,1.2521864270541343,0,normal_agv.png,0.07154600269362665
2026-05-21 08:30:00,AGV-04,38.42952186609182,29.878640357995256,0.14397071155559146,25.053018358109252,10.339921689737267,11.672811486460335,110.60297401747849,1.23318595856287,1,normal_agv.png,0.06884883561448067
2026-05-21 08:40:00,AGV-04,39.11805045217873,28.16795032759151,0.1860518615656089,24.95043984150626,9.670556561405753,10.819171722862352,128.6877250059077,1.2265974467007095,0,normal_agv.png,0.07383933084437892
2026-05-21 08:50:00,AGV-04,39.77666707694892,29.559691275166134,0.13492051531360305,25.006008436718467,10.297220474788373,12.018141710333412,122.47787181052082,1.1392987793651699,0,normal_agv.png,0.07251052026609514
2026-05-21 09:00:00,AGV-04,39.03228477225417,28.53651851876596,0.17758334789079522,25.102439020369914,10.460279969743253,11.653282842910231,114.38157900648301,1.3122828265563342,0,normal_agv.png,0.06078956450230168
2026-05-21 09:10:00,AGV-04,36.64791021635316,30.966124977920586,0.18516597644333874,25.01159354260172,11.136238403664118,11.711674842044237,113.22809762346705,1.38749232422501,0,normal_agv.png,0.04613595576810508
2026-05-21 09:20:00,AGV-04,39.038662666129746,29.397893178903477,0.15431400831504322,24.81323769221974,9.869877214019152,11.614838386153691,121.90916524143711,1.1431575936539033,0,normal_agv.png,0.049671854042834834
2026-05-21 09:30:00,AGV-04,39.50357865503005,28.87227013874824,0.237481263347666,25.248246956259838,9.937169309398199,11.03994883545758,128.68663042355715,1.2186294469941519,0,normal_agv.png,0.05186583220281111
2026-05-21 09:40:00,AGV-04,39.08339847243792,29.099027211203566,0.18832598633973288,25.096199842654727,10.194153296237053,12.346768551287376,129.93782214530438,1.1668501870635852,0,normal_agv.png,0.04445122717870078
2026-05-21 09:50:00,AGV-04,38.588172674485335,29.6264622211907,0.18999174167550334,24.87579373560858,10.187540594730136,11.393405094510005,111.77923988172073,1.3287616532620778,1,normal_agv.png,0.044827860665352735
2026-05-21 10:00:00,AGV-04,38.913067708025366,29.23486335050532,0.15675755790561108,24.965863206102092,9.73616698638533,11.557929241404183,116.08123234613133,1.1103962062024102,1,normal_agv.png,0.04945858518098452
2026-05-21 10:10:00,AGV-04,38.49707197294951,29.08836257749143,0.19163162857416458,25.150684103303828,10.339146719671602,12.170325923450978,111.03869532027487,1.1077206059212172,0,normal_agv.png,0.02299659524231452
2026-05-21 10:20:00,AGV-04,40.89850975915034,28.074894427089895,0.18169371321557234,25.133555450615034,10.383666720752709,12.279230868033064,128.90522177645468,1.1095166100563292,1,normal_agv.png,0.024493871211517665
2026-05-21 10:30:00,AGV-04,39.70630534600025,28.776285616825398,0.19744475914673898,25.12143192211106,10.032369442070967,11.873756187124759,119.2501038087278,1.2291583782277193,1,normal_agv.png,0.023271091422056273
2026-05-21 10:40:00,AGV-04,39.14823347048561,28.72849153264726,0.1798179475368612,24.907266277329615,11.680909818775962,12.518055631848025,115.40235384169523,1.2715741713950506,0,normal_agv.png,0.06476399033057673
2026-05-21 10:50:00,AGV-04,39.69545541921402,30.32253171944554,0.20119212439386036,24.67383200920955,10.909015822116704,12.864350096986685,142.05529568265413,1.1835497717085401,0,normal_agv.png,0.06592899521102445
2026-05-21 11:00:00,AGV-04,38.47520010833499,30.040422088259113,0.20271328827017854,24.87036141132468,10.866841242197136,12.85635907883263,127.89919722180852,1.1634957573981903,0,normal_agv.png,0.05463989732654982
2026-05-21 11:10:00,AGV-04,40.10307917683421,28.544973406334822,0.17902309231412492,25.160269696233478,10.603609165108306,12.501236805254258,125.23039632963558,1.2402472294898996,0,normal_agv.png,0.052245882114871224
2026-05-21 11:20:00,AGV-04,40.61894724492141,29.270927452616238,0.1771045470873471,25.111678545053326,10.747289894765158,13.21746585441411,117.05544242411966,1.1670622735075526,0,normal_agv.png,0.04936036728079939
2026-05-21 11:30:00,AGV-04,41.38888771068077,29.516694398121352,0.16416668968471734,24.525477767110672,9.907338106843248,13.176625006524018,114.89301386490236,1.0900932140081072,0,normal_agv.png,0.052925815138063374
2026-05-21 11:40:00,AGV-04,41.94512370394689,29.804571197365522,0.16650562467014268,24.747834392130486,10.722803635015103,12.83194372525903,117.7895753646295,1.2224770656932078,0,normal_agv.png,0.034683695707024786
2026-05-21 11:50:00,AGV-04,40.13665286278725,31.303847374062425,0.1437471404458852,25.0737075400207,10.599941532963125,13.601093574734813,123.12650991207323,1.2453417380947343,0,normal_agv.png,0.03231645169303432
2026-05-21 12:00:00,AGV-04,38.355456783766684,29.69602647445797,0.1722954708508145,25.038566239379705,10.578170585973382,12.462335124397255,127.32829081821745,1.091195627646592,0,normal_agv.png,0.029576439056118564
2026-05-21 12:10:00,AGV-04,41.07645467902262,30.026757060073724,0.17244820069344638,24.90316260400096,11.470489575149188,13.064690352816946,114.44555207134998,1.2586838250804693,0,normal_agv.png,0.046753371746537244
2026-05-21 12:20:00,AGV-04,40.85725257557659,29.803964460730946,0.18868782587465424,25.027507371527488,11.011674708750983,12.845813419570305,119.42092250123092,1.194990734510966,0,normal_agv.png,0.04837014182695398
2026-05-21 12:30:00,AGV-04,39.92596363093934,28.621682407722723,0.2340731984925346,24.678971726189644,10.169331543391095,13.61923801552283,124.91066043445356,1.164779263649088,0,normal_agv.png,0.041088351233354595
2026-05-21 12:40:00,AGV-04,40.66233170999352,29.63713367928596,0.19388050159915657,25.10337622970547,10.457684773476364,13.033006170490989,141.85094895036113,1.202389353860626,0,normal_agv.png,0.04286537544262585
2026-05-21 12:50:00,AGV-04,41.81968918861534,30.065420530034025,0.19991198625282494,24.581825553951052,10.614107816606602,13.382794446006683,99.25513648983689,1.1349741127730748,1,normal_agv.png,0.042793313449141966
2026-05-21 13:00:00,AGV-04,41.359623742556494,29.694499551555417,0.20521064352941792,24.987715611007932,10.87712382227002,13.77174262187425,116.74269544749552,1.1782948017545363,0,normal_agv.png,0.042423282206656185
2026-05-21 13:10:00,AGV-04,40.40918221484548,28.46318250408436,0.21012828769052772,24.836776755768685,10.078096977682511,13.477489893894672,127.43651775540174,1.1648852822124798,0,normal_agv.png,0.03549157684653652
2026-05-21 13:20:00,AGV-04,40.3530741872111,31.00642369559854,0.19161676088096188,24.969724846511856,10.130817974630558,13.903866661004118,135.88294152054945,1.1824264438119232,2,normal_agv.png,0.030600577403088813
2026-05-21 13:30:00,AGV-04,41.907334124628775,29.96886293618538,0.22757479442132353,25.319988597156627,9.860537978254632,14.657142049613853,129.56295002091346,1.2177194645706266,0,normal_agv.png,0.036703243656726316
2026-05-21 13:40:00,AGV-04,40.388588331110576,30.290577698854573,0.19511694294287998,24.76357677231227,9.823885595364727,14.49282964241246,106.08041619048268,1.1435381213523708,1,normal_agv.png,0.041484360358117124
2026-05-21 13:50:00,AGV-04,40.33244275362921,29.722891434701946,0.21190895062163023,24.679146282925323,10.357826722256466,14.319582605615528,124.83324827252802,1.2054457815398896,2,normal_agv.png,0.03823965453416474
2026-05-21 14:00:00,AGV-04,40.52201035239835,30.556922677503618,0.196333529677424,24.69571368738215,10.871612442601052,13.417325152516343,119.60105616248288,1.1203762644967592,0,normal_agv.png,0.03805188057621239
2026-05-21 14:10:00,AGV-04,40.39728832079161,30.38453014292554,0.228991754447526,24.780011617914354,9.964030768232934,13.68809024484157,116.74837267578376,1.2653469609144785,0,normal_agv.png,0.039018654062184265
2026-05-21 14:20:00,AGV-04,39.92311089356448,30.47621263875875,0.19521451527571948,24.72920338332849,11.05648815536836,14.328287356256833,123.92634115650968,1.2533497876060633,2,normal_agv.png,0.05184554861526227
2026-05-21 14:30:00,AGV-04,39.03316144863813,30.112082466339054,0.2065132278831091,25.038095931221783,10.423055382113873,14.067785187852591,130.33881054924208,1.1472768580089083,1,normal_agv.png,0.04656215585360194
2026-05-21 14:40:00,AGV-04,41.565304970969706,30.19133097131032,0.1951366620791289,24.847233643546893,11.149529458524855,14.482569642828786,107.77823934848988,1.2260462253429656,0,normal_agv.png,0.0434955034027933
2026-05-21 14:50:00,AGV-04,40.66006422560196,28.904515013381463,0.200714864412057,24.719219683487978,10.19939089215857,13.56874538358285,122.73010717494385,1.2007312540658106,0,normal_agv.png,0.04577818328558792
2026-05-21 15:00:00,AGV-04,40.649301958654476,30.17205685844577,0.21491298667988326,25.078640533801654,10.53842498075593,14.261039421263295,110.07956439222866,1.1879508788296054,2,normal_agv.png,0.044403710958634664
2026-05-21 15:10:00,AGV-04,39.6343653732875,30.368067103877404,0.2270928721622223,24.68131763460691,9.766981278498251,14.57271268481667,118.75113114649933,1.2872773339615535,0,normal_agv.png,0.04963144027929828
2026-05-21 15:20:00,AGV-04,41.04383413193212,29.904358856119174,0.19640679444307177,24.951823760429797,11.324411250518223,14.40164190921637,122.5442645742672,1.0435960983745374,2,normal_agv.png,0.05533840194031261
2026-05-21 15:30:00,AGV-04,40.06522366268291,28.52627376586348,0.1965583205231835,25.16328975141532,10.366061601164485,14.594759948385876,114.14094039318825,1.0782068244586607,1,normal_agv.png,0.05569689121153903
2026-05-21 15:40:00,AGV-04,41.17299402630967,30.163842644686746,0.2218207685332615,25.360175787912116,9.96360004058659,14.842644402156102,127.24354511265679,1.2983804104446384,1,normal_agv.png,0.052809283313401324
2026-05-21 15:50:00,AGV-04,41.71107189348999,30.024790260869942,0.18703145407538543,25.03210269304974,10.403010600780073,14.90747804794562,137.84775039185095,1.2513898073313254,0,normal_agv.png,0.05209276874890144
2026-05-21 16:00:00,AGV-04,40.76815393721214,29.678516871654608,0.2619299412633388,24.652467260688287,10.617743869364794,15.188477048198271,138.07608507769262,1.2332669469028847,1,normal_agv.png,0.052524574805972835
2026-05-21 16:10:00,AGV-04,39.97893423499836,30.17678176905811,0.2100727313663616,25.277980872636828,10.140258099948692,14.732957017879539,118.98005283364068,1.2962061204180182,1,normal_agv.png,0.04545522964538854
2026-05-21 16:20:00,AGV-04,41.827795856324414,30.84271710358932,0.22405652393017905,24.858877534462735,10.546242834493922,15.48015221984215,115.99084806455873,1.0752970403980926,2,normal_agv.png,0.023922436437863806
2026-05-21 16:30:00,AGV-04,40.57189503542568,29.94002610731507,0.1747738640982762,24.758048789961045,10.445395502211744,16.04679832999003,103.72995079133251,1.167930083499602,0,normal_agv.png,0.02425856054586413
2026-05-21 16:40:00,AGV-04,42.41337989186839,29.89524584549545,0.21146241394705823,24.939437073908312,11.455682787526598,14.97416778128086,116.37213672465828,1.1345115978671936,0,normal_agv.png,0.042383415622279236
2026-05-21 16:50:00,AGV-04,40.59773041468246,30.982331737900957,0.21393378961614182,25.04676738590216,11.047625908401407,15.68516227962672,108.00274734909786,1.0711064429460624,0,normal_agv.png,0.043799035162454536
2026-05-21 17:00:00,AGV-04,40.834954000961716,31.04485459387032,0.1780027963879624,24.597795695209935,10.486188462542632,15.729341506008632,130.26894618257916,1.2063171236534467,1,normal_agv.png,0.04464814253874236
2026-05-21 17:10:00,AGV-04,42.90550092637415,30.815554165094262,0.18377395390508477,25.120227750260113,10.578540763315884,16.130488528740194,113.13063582055749,1.2728334799748455,0,normal_agv.png,0.03762000352575316
2026-05-21 17:20:00,AGV-04,40.943634526245106,29.244846231778034,0.24908516715781598,24.957205301389187,11.270350998264783,15.3166777876089,118.70965884870216,1.121562437206248,2,normal_agv.png,0.03999201482418262
2026-05-21 17:30:00,AGV-04,40.611658671726026,29.895300995002742,0.20406228917841576,25.08870289762528,10.49255730458964,16.28984865411511,118.1981916862713,1.2150780608814482,0,normal_agv.png,0.039127057662450865
2026-05-21 17:40:00,AGV-04,40.42813191612332,30.292502236740937,0.22329990526425297,24.85779259514437,10.989685376752403,15.546251164895214,103.9047901691902,1.1227778928320353,1,normal_agv.png,0.030952760511228868
2026-05-21 17:50:00,AGV-04,39.63900382502012,31.012246624224254,0.2354185018153803,24.799681638905227,10.40633090183326,15.588479873049092,114.8746588935345,1.1219002838836372,0,normal_agv.png,0.03233227002564069
2026-05-21 18:00:00,AGV-04,41.14931700139123,31.203897218327242,0.1905316817011047,24.91912931259701,10.06513280107475,15.112509603626625,117.25197695247311,1.1550929602846234,1,normal_agv.png,0.04055687713667821
2026-05-21 18:10:00,AGV-04,39.539572631600294,30.71612840275037,0.22458310942349047,24.90586040229468,11.006861975977419,15.71494394374785,103.67985114973582,1.2929807678004532,1,normal_agv.png,0.042511684591683446
2026-05-21 18:20:00,AGV-04,39.773378185487765,30.527888009810866,0.21208176866166614,24.85079232641733,10.961011606513498,16.029764544307646,117.63895989080793,1.1257957335350617,0,normal_agv.png,0.0367303694935159
2026-05-21 18:30:00,AGV-04,39.198227005340314,29.841958121771864,0.22655942834339124,24.98602607976431,10.01767457807344,16.217606692075453,109.03779675131435,1.1348225455012695,0,normal_agv.png,0.0444869274981895
2026-05-21 18:40:00,AGV-04,42.09596729397327,31.293996603906262,0.2658455007554938,24.37249113153747,11.248423738618152,15.899399924881138,126.59699769930799,1.1554295541942214,0,normal_agv.png,0.04942901799726296
2026-05-21 18:50:00,AGV-04,42.39292189823987,30.6983892035594,0.21560086779746723,24.642722618982756,10.751057937134497,15.541400319709538,106.69294868669074,1.1175886187821735,0,normal_agv.png,0.04832384675295645
2026-05-21 19:00:00,AGV-04,41.04883720812846,30.94535680086116,0.21786136736284248,24.84665159899519,10.252513542508918,16.621099840022612,101.07237822409948,1.2642523794091218,1,normal_agv.png,0.04442786824173326
2026-05-21 19:10:00,AGV-04,40.60244455029226,30.582013583353906,0.22719079447622414,24.832204735237198,10.539264975145306,17.02783955812171,117.94715980503749,1.2005018524947535,1,normal_agv.png,0.04275221740300001
2026-05-21 19:20:00,AGV-04,41.30563614507179,30.52160869622728,0.20191906147004027,24.986423597527423,10.617312393363735,16.643038636299984,126.83709536908029,1.251567634593214,0,normal_agv.png,0.040180872857959786
2026-05-21 19:30:00,AGV-04,40.8943639263819,30.638736676487145,0.15647907814411735,24.96398608108494,10.893647659271824,16.038663901806895,112.28799700450709,1.0075009479192083,2,normal_agv.png,0.03156148887973603
2026-05-21 19:40:00,AGV-04,41.23003415904874,30.51200737140237,0.22074254766124454,24.7365650293668,11.3299804720397,16.80815281549241,123.41825213954967,1.1509613382983448,1,normal_agv.png,0.033967381344464954
2026-05-21 19:50:00,AGV-04,41.356097516106786,30.52876599432749,0.20228843424166032,24.694595829640622,11.37083991237915,16.35330655587865,123.19965191145162,1.1822489382966184,1,normal_agv.png,0.041478720637008644
2026-05-21 20:00:00,AGV-04,41.55815107275917,31.07762046797989,0.2540918418659475,24.578377508348225,11.488020359677973,16.655635387762658,118.45626465276071,1.3119589141577874,0,normal_agv.png,0.03723936773536037
2026-05-20 20:10:00,AGV-05,41.031191211139,31.731083805302198,0.2996331724434022,24.976198296233065,11.67006366542408,5.049900839865574,121.73326752490956,1.153369062289917,0,normal_agv.png,
2026-05-20 20:20:00,AGV-05,46.34309728245844,32.43767822490656,0.2900576885086487,24.341549046479592,10.895089363611602,4.2315808849737335,131.19688921612112,1.330939196946451,0,normal_agv.png,0.04856954289680363
2026-05-20 20:30:00,AGV-05,45.91613166441096,33.14804537302662,0.30375037397547866,24.662596093485366,11.398114302823249,5.014049416241331,117.88537805916295,1.190650149730703,0,normal_agv.png,0.0347304851924981
2026-05-20 20:40:00,AGV-05,43.59325280503545,33.18945515190521,0.29241342867813097,25.099623271458114,11.343561735268567,4.353480076439253,137.07994039860387,1.0979453872003415,0,normal_agv.png,0.028360612025480864
2026-05-20 20:50:00,AGV-05,46.65162820714901,31.817107781899306,0.32038833439447983,24.652051317864906,11.570682863882514,5.672376645577941,120.16382860444563,1.2049526483223998,0,normal_agv.png,0.02626933199548437
2026-05-20 21:00:00,AGV-05,42.77282030497659,29.747950963469467,0.2994805260602785,24.415514691833696,11.164824461420366,5.688394397842597,122.47924034090026,1.2582814914811629,0,normal_agv.png,0.02475899432919006
2026-05-20 21:10:00,AGV-05,43.78917751119407,32.44638776985083,0.320801307005015,24.324368559318785,10.604240700640116,5.2388799264903865,117.54057873524398,1.2979145454774803,0,normal_agv.png,0.032002246607731086
2026-05-20 21:20:00,AGV-05,45.61963968476413,31.777069607917298,0.28312073326275267,24.257768620250374,11.880944731810047,5.329542206947191,122.80354984466246,1.2010434699501562,0,normal_agv.png,0.03787481689732455
2026-05-20 21:30:00,AGV-05,45.056269477548355,34.06574493699152,0.3239126750586856,24.823149586776644,10.70755815938268,5.3037410229067605,129.40519606380917,1.199331031110075,1,normal_agv.png,0.04404791325370025
2026-05-20 21:40:00,AGV-05,45.60036965764085,30.87561056454129,0.27125597145347086,25.065163354827494,10.768789608238913,5.942835986504142,145.35873535181793,1.258361548078896,0,normal_agv.png,0.046632065974874785
2026-05-20 21:50:00,AGV-05,43.961365341996476,33.887497448427524,0.2834044770846125,24.53807052635072,11.019019745856555,5.824752424859064,135.54777814276656,1.251094171190424,0,normal_agv.png,0.04246272021206351
2026-05-20 22:00:00,AGV-05,45.925383978883474,32.664253798689764,0.258664106320552,23.471529100809168,11.300787027634597,6.199106393611569,125.31491562261996,1.178901196989492,0,normal_agv.png,0.043400422096673406
2026-05-20 22:10:00,AGV-05,46.47072647839764,33.36294724645006,0.3232984481337044,24.099837021747277,11.165881890365338,5.557898356845535,120.22147603964825,1.1573527678387332,0,normal_agv.png,0.038398240086485666
2026-05-20 22:20:00,AGV-05,47.87269471119987,31.643537357332562,0.31657256306689446,24.150066680424462,11.389745811434095,6.247360241682181,141.4354150912053,1.0980491892424866,0,normal_agv.png,0.025209824588471496
2026-05-20 22:30:00,AGV-05,46.73028571350065,32.059252052748995,0.29829216961171806,23.56077542067624,12.026106027633805,6.375541641936231,127.24417207944116,1.3232259183855908,0,normal_agv.png,0.037859179593531855
2026-05-20 22:40:00,AGV-05,44.5391834861845,31.95466802050014,0.3536915643101281,24.470062872492683,10.199300285861602,6.646867739456571,122.86124832445361,1.2549500178562314,0,normal_agv.png,0.05308565582680661
2026-05-20 22:50:00,AGV-05,45.74702105907237,33.115688432842255,0.28201130850709166,24.252160342770317,11.852844636013645,6.176901425871249,126.8379937299343,1.203015725849914,0,normal_agv.png,0.05679235948053933
2026-05-20 23:00:00,AGV-05,46.474305556185584,33.10226729504409,0.3242338309900231,24.042867308226942,11.076744522222434,6.296168428246687,123.31615077527148,1.2776080875210123,0,normal_agv.png,0.057686060541886366
2026-05-20 23:10:00,AGV-05,45.84429055033432,32.85308778001832,0.3130457908742388,23.81513136979888,10.593770771343205,6.669727422230823,131.12240014906914,1.2381320832640446,0,normal_agv.png,0.06354696037473269
2026-05-20 23:20:00,AGV-05,47.56126334520847,34.17455921444577,0.3344582839813524,24.19953799068283,11.409002172257308,6.877218538249908,117.1740140258141,1.191118923029459,0,normal_agv.png,0.06362931659856261
2026-05-20 23:30:00,AGV-05,48.525670780447925,32.110969423452914,0.31498205494539944,24.40165007441826,11.830204628117352,6.5194452917163055,105.70219768194974,1.1552362971768424,0,normal_agv.png,0.059996715770366
2026-05-20 23:40:00,AGV-05,47.8671132417495,33.738023578292484,0.37961176648299266,23.957234095827186,12.044243994863235,7.213533675545297,123.69074194873873,1.2809779538763066,0,normal_agv.png,0.04827158205628802
2026-05-20 23:50:00,AGV-05,44.224697928718875,32.42496957588503,0.3580005452973881,24.30207617873115,12.272619456509974,6.841296481698341,127.49370282727652,1.1462790234415563,0,normal_agv.png,0.054847605874734244
2026-05-21 00:00:00,AGV-05,44.550618572353464,33.945527261597185,0.2813400361052692,24.309569448545464,12.291518760040983,7.4636242282701595,107.69737269515655,1.1642101400127027,0,normal_agv.png,0.05535810282917564
2026-05-21 00:10:00,AGV-05,49.42444436795146,33.388663729393684,0.3109763624030508,25.145900575902314,10.412386386852578,7.063078878641323,114.15756246388291,1.201608517349528,0,normal_agv.png,0.061048776928363205
2026-05-21 00:20:00,AGV-05,45.52483080590216,33.90725920288124,0.33316593714769505,23.953966158143096,10.94602910593027,6.898833088530482,137.55145788374904,1.1409633154939987,0,normal_agv.png,0.06672676185557667
2026-05-21 00:30:00,AGV-05,43.91597661071885,33.28628632005791,0.33477841970630245,23.757878164144472,11.595789730624396,7.237815678872756,127.85399376721686,1.1162273945047787,0,normal_agv.png,0.06643020227339022
2026-05-21 00:40:00,AGV-05,45.07290222723157,33.133922888998505,0.35286126671753504,24.178963973807647,11.264024664605188,7.024190693239484,125.58370290817895,1.197972218019966,0,normal_agv.png,0.06492984587255043
2026-05-21 00:50:00,AGV-05,45.443233067777406,31.480641127528564,0.36445654217032625,24.354674299131492,10.85018930078499,7.456543129989855,106.9668274631128,1.351898798508419,0,normal_agv.png,0.05847881059364008
2026-05-21 01:00:00,AGV-05,46.22091506395367,33.27671124770162,0.3324981328169663,24.299747490148675,11.658827800067101,7.690376634180561,122.14969151725138,1.2255847768191934,1,normal_agv.png,0.04295848253954872
2026-05-21 01:10:00,AGV-05,45.15673784468735,33.75137987047124,0.28905008029872087,24.1372786074146,11.816822524371405,7.03156006312706,120.52038661550024,1.1173012106633544,0,normal_agv.png,0.03509218936193757
2026-05-21 01:20:00,AGV-05,42.85541100348979,33.50367933574212,0.3430967617434287,24.224108619298544,11.332151440202912,7.8878169010148,121.20898251651252,1.203443269668031,0,normal_agv.png,0.03038860821260992
2026-05-21 01:30:00,AGV-05,46.55699200808682,33.45626419390443,0.379078705136958,24.81646104376736,10.57553273238888,7.832013248471588,107.309496962606,1.2418008056168408,0,normal_agv.png,0.04188558808061967
2026-05-21 01:40:00,AGV-05,45.731880195696135,34.04843425377506,0.341001612228211,23.930156908477784,11.429860450163426,7.9049018008849625,115.97311406177927,1.1013518955988115,0,normal_agv.png,0.04230109832179326
2026-05-21 01:50:00,AGV-05,43.89305158691084,33.389780591638804,0.37179353031282114,24.011785369252042,10.142069431331954,7.725608310948961,126.07207962040134,1.2206026522503186,0,normal_agv.png,0.058905699157684864
2026-05-21 02:00:00,AGV-05,47.38720445623336,33.87813350537941,0.35020820423298293,23.719278947311334,12.81141634724047,7.690409513120755,119.25203582395517,1.1868606411974374,0,normal_agv.png,0.08282148061782715
2026-05-21 02:10:00,AGV-05,45.34023766233357,34.615243976029646,0.3029906945058736,24.3071346611749,9.974351588960237,8.86026761079772,129.57324281086767,1.2218823016913412,0,normal_agv.png,0.09524688148660312
2026-05-21 02:20:00,AGV-05,46.380289085420365,34.661066187854,0.34336428247767214,24.77218416793738,10.294427350606838,8.000214707368771,143.51054176849766,1.2075696835735485,0,normal_agv.png,0.09934943054035358
2026-05-21 02:30:00,AGV-05,46.39981504128873,34.56911222395934,0.3476880122423492,24.00299041419848,10.651815456028197,8.093517718788942,127.95232575040603,1.2134810721866742,0,normal_agv.png,0.09889020780939763
2026-05-21 02:40:00,AGV-05,46.111495003178135,36.0007167140185,0.38440645798643924,24.213751266947042,9.932506190293768,8.404155212598202,112.08960425150079,1.1711192621397943,0,normal_agv.png,0.1032321689273451
2026-05-21 02:50:00,AGV-05,47.23549873952781,34.91028193610326,0.3269193820432048,24.242300634811453,10.897336243913132,8.63030864008694,100.64687668217111,1.2207966394914953,0,normal_agv.png,0.09972677942149354
2026-05-21 03:00:00,AGV-05,45.644998862897545,34.46985674559399,0.31411378142071067,24.076372793802992,11.59702991185731,8.328673324831291,118.50689624629611,1.2214874864835439,0,normal_agv.png,0.05997668984294129
2026-05-21 03:10:00,AGV-05,49.72894899803374,33.403374717920315,0.2999336877002161,24.23485450629159,11.806960844598061,8.356464433557859,126.84309064078103,1.2532827658711887,0,normal_agv.png,0.06720138365285189
2026-05-21 03:20:00,AGV-05,44.149980966794814,35.85000660064949,0.31729547519219237,23.96177743634993,11.852239759151804,8.46788279354735,108.80057868335713,1.104275365710665,0,normal_agv.png,0.06863991006375093
2026-05-21 03:30:00,AGV-05,46.98787190007597,35.77067510350174,0.29932052363614126,24.255411776221106,10.99212067460256,7.97302179654405,111.18408281536419,1.250208897007396,0,normal_agv.png,0.06561275893371027
2026-05-21 03:40:00,AGV-05,43.81149189494735,33.99941349800746,0.34761394727156,23.93294651413267,12.499754687401643,8.704630399667101,111.24774882037794,1.2982424167686508,0,normal_agv.png,0.0513870307186426
2026-05-21 03:50:00,AGV-05,46.97880644157969,34.79100610976953,0.3354066515906199,23.835887697983647,11.877782752583247,8.495881825266864,128.6036871590486,1.128320331746417,0,normal_agv.png,0.04139826329736702
2026-05-21 04:00:00,AGV-05,49.193311275723836,33.649308327530015,0.31062682074637904,24.219827827003922,11.085156963252619,8.76517618682795,108.48390403281716,1.225703317660591,0,normal_agv.png,0.048161638541577324
2026-05-21 04:10:00,AGV-05,48.82894266959204,34.96022739610219,0.3186927564818173,23.952500324638976,11.571322061589285,9.314169266679823,122.72280385164247,1.0648710036823323,0,normal_agv.png,0.04815760670089894
2026-05-21 04:20:00,AGV-05,45.32795578429671,33.22097194901813,0.37520720072161595,24.39083021017931,10.585508039532167,9.237086633702043,100.02152880432719,1.2865211269039794,0,normal_agv.png,0.06044105778476636
2026-05-21 04:30:00,AGV-05,50.63386805117131,34.761812719028974,0.3032425973730885,23.877956031490545,11.570687406963936,8.835253923845327,141.71347575437477,1.1121609146064162,0,normal_agv.png,0.05692621001805245
2026-05-21 04:40:00,AGV-05,48.325036715142765,34.766445716998646,0.40192437588658503,24.193844808756396,11.54883972322203,9.363505067612358,135.88614701319352,1.1285187925984574,0,normal_agv.png,0.04062012027123882
2026-05-21 04:50:00,AGV-05,47.03860325953987,35.39526215055678,0.3806304027497633,24.660904753519624,11.841419167992632,8.71762361478521,134.95659011428702,1.1149993939591758,1,normal_agv.png,0.039958235406682516
2026-05-21 05:00:00,AGV-05,48.086853785531424,34.06778003753685,0.3497143289747034,24.308996642517773,12.263632718861071,8.521934821152405,126.02917390523237,1.1457478031041952,0,normal_agv.png,0.047747109841048914
2026-05-21 05:10:00,AGV-05,50.28638660465825,35.46272575735658,0.4047830658834941,23.572671964610393,12.626440367493434,9.450421824426805,121.50148256221873,1.3785199128822199,0,normal_agv.png,0.05985057998409647
2026-05-21 05:20:00,AGV-05,47.40804089374403,34.67316770974406,0.40642887344942696,24.03867781054233,12.449226074602114,9.017482156804759,108.33236593210802,1.2541213243824791,0,normal_agv.png,0.038241053327705526
2026-05-21 05:30:00,AGV-05,48.12098000946704,35.1582524108394,0.34899230583678736,24.272948260861497,12.154842803167949,10.520828175335339,120.54349696970006,1.2686511256747213,1,normal_agv.png,0.03264034558307328
2026-05-21 05:40:00,AGV-05,46.76719533083101,37.2941086182695,0.372794890160934,23.6090250548077,12.754858342544818,9.913634533763126,117.30406535497693,1.2100721110715966,0,normal_agv.png,0.02696498635931469
2026-05-21 05:50:00,AGV-05,48.05969750641974,37.05382199339966,0.3697463615093934,23.89980374991349,10.995829233030426,10.116367806288505,141.5330963717853,1.211201158950049,0,normal_agv.png,0.05190740490873478
2026-05-21 06:00:00,AGV-05,48.48566074464807,35.78700929404952,0.34431250867943275,24.49187211205352,13.219134118066659,10.649510462869374,126.6548939312256,1.2314330808438572,0,normal_agv.png,0.061324845939825116
2026-05-21 06:10:00,AGV-05,48.943711423535035,36.11037899382181,0.4036861840116203,23.629561852180668,12.054026364239608,10.258699964776104,114.74666109467547,1.101040087891035,1,normal_agv.png,0.06154010945462437
2026-05-21 06:20:00,AGV-05,46.01818078753551,36.55590723654898,0.3568501013200564,23.679976660846254,10.848397711953098,9.784045065435102,136.4006784649516,1.1536516933729872,0,normal_agv.png,0.07829872160126104
2026-05-21 06:30:00,AGV-05,48.24758369500739,35.915067975472176,0.3840302705940415,24.307974143976722,12.202435067507798,10.32503645366634,132.90721018540407,1.1310952336242313,0,normal_agv.png,0.07839033421442576
2026-05-21 06:40:00,AGV-05,49.76319422813373,35.390094456295465,0.37703830387351334,24.469010762358142,10.736213562347508,10.170117518211946,123.89208524312224,1.277435641051275,1,normal_agv.png,0.08419508043367957
2026-05-21 06:50:00,AGV-05,47.6461805749839,35.73409360098377,0.3792535565643006,23.83852634691897,11.40324447352324,10.014329825208465,130.0249969612929,1.0475735638039252,0,normal_agv.png,0.0800247438488584
2026-05-21 07:00:00,AGV-05,46.40521468028253,35.70570079807898,0.40769448635663696,23.44605342299047,12.483253587905097,11.275801528041937,122.2111636252683,1.2653844962990661,0,normal_agv.png,0.06318890693846185
2026-05-21 07:10:00,AGV-05,48.083231833646465,35.801648268648606,0.4219517352301039,24.116081354550175,10.354484202261007,10.946476141222375,138.7718093650456,1.200450866423748,0,normal_agv.png,0.07517397221038954
2026-05-21 07:20:00,AGV-05,48.14061721508907,36.602653749372465,0.39457213961042537,24.387844620462534,11.989219652741678,10.814585093620913,140.38330439052552,1.2820505691098065,0,normal_agv.png,0.07360212020865811
2026-05-21 07:30:00,AGV-05,52.23675074933746,36.40767384586379,0.35835603418872713,23.917588637285156,12.484219481455453,10.50735195772807,133.67187412827738,1.2660763324496052,0,normal_agv.png,0.07771374039588638
2026-05-21 07:40:00,AGV-05,49.68985184285846,34.35158389192701,0.39240226410534157,24.05680592660203,13.16016583172642,11.302342711758481,132.38823283450367,1.1383344957817048,0,normal_agv.png,0.08243136953384918
2026-05-21 07:50:00,AGV-05,48.228454955720515,35.77342971799471,0.3897631648303194,23.76966808440696,12.136701896467548,10.611241190841437,112.03166152832027,1.3263271564856967,1,normal_agv.png,0.07821082589381938
2026-05-21 08:00:00,AGV-05,47.81641698697558,35.87760970989193,0.38530484130126325,24.135890179528015,12.016613165051956,11.056203582524283,128.98448045512,1.224230662137544,1,normal_agv.png,0.07716384906099459
2026-05-21 08:10:00,AGV-05,50.08993462715142,35.90564864583928,0.44002042251162055,24.658290149819834,12.501354689329956,11.13420238146453,119.12143695092,1.2182392930967247,0,normal_agv.png,0.03572378035553361
2026-05-21 08:20:00,AGV-05,47.40476357745617,36.433839799165476,0.3650274806783359,24.206268695322553,13.657458442750832,11.551383719388358,116.3115392168157,1.1311394558638543,0,normal_agv.png,0.049820980097935605
2026-05-21 08:30:00,AGV-05,47.74399154220521,36.59311464114591,0.3702905842777004,23.994661911531036,10.960613904598437,11.072150998485277,130.51964259331828,1.1637453619496354,0,normal_agv.png,0.07610911950605898
2026-05-21 08:40:00,AGV-05,49.07304668705695,36.343560103204325,0.37155085425582896,23.933739504691637,13.120185243999137,11.624387483458886,110.58354853489186,1.1377524171333828,0,normal_agv.png,0.07564424123239676
2026-05-21 08:50:00,AGV-05,48.07974121079875,35.99883147902894,0.3966319625361644,24.407219611304402,11.360242254015443,11.149148787988702,135.8990495909083,1.2667799778114641,0,normal_agv.png,0.08397420095539997
2026-05-21 09:00:00,AGV-05,49.45035858380603,37.263495052804785,0.38239532636515206,23.840067505224106,12.065325190047313,12.345212048213932,138.27615451605305,1.2546659609212873,0,normal_agv.png,0.0837394152956194
2026-05-21 09:10:00,AGV-05,48.909970659012586,34.93068728001927,0.43689826495485695,24.105001510490624,11.748614488204158,11.724848727133121,132.24591778723124,1.1507410033432635,0,normal_agv.png,0.08567938362076886
2026-05-21 09:20:00,AGV-05,49.286668985850845,35.501561357941455,0.4022118631897571,23.367676298862197,12.20529370169535,10.920339203226046,111.85362604207995,1.2697219508870348,0,normal_agv.png,0.06289347255270675
2026-05-21 09:30:00,AGV-05,49.04898565055316,38.186631767201526,0.422035074301948,23.25197709703514,11.17869343152994,11.337705054099166,147.38353161770863,1.1683519701403433,1,normal_agv.png,0.058367619676806884
2026-05-21 09:40:00,AGV-05,48.26800779878087,38.05889791834871,0.4078052581159132,24.136179728469344,11.623897454743958,12.264051112404115,129.16801574483114,1.1918691321816757,0,normal_agv.png,0.0338548337419861
2026-05-21 09:50:00,AGV-05,49.699689900137535,37.86598775535196,0.4357067813722893,23.488973755667494,11.675200072891514,11.247796645268036,107.04008518590284,1.2766029730623814,0,normal_agv.png,0.030795485981215884
2026-05-21 10:00:00,AGV-05,49.03853249404598,36.26623876966319,0.3602131824427038,24.110250341605308,11.27620080678478,12.712019766699505,147.91911266818687,1.0903552766346392,0,normal_agv.png,0.031627694493660596
2026-05-21 10:10:00,AGV-05,48.13102714374145,38.281417450604266,0.39375030102008013,23.83386113710441,12.130533402897333,12.273212056782558,119.9616074611232,1.1472201086996827,0,normal_agv.png,0.03624679291404801
2026-05-21 10:20:00,AGV-05,47.536230420512034,35.82819466331942,0.37441533111431796,23.693646984538365,13.18391918848206,12.119956375226087,136.99299572921586,1.2013460053030247,0,normal_agv.png,0.06226297741275503
2026-05-21 10:30:00,AGV-05,49.88335892477129,38.691063360609824,0.4238744318625096,23.67997974035872,11.204584520812887,12.73055803789417,120.43502701531638,1.2315098574531793,0,normal_agv.png,0.061850795393591576
2026-05-21 10:40:00,AGV-05,51.64968424717509,36.84578756496045,0.44010378532613814,23.059322707874422,12.770941161048684,11.925002684426499,122.83476802463827,1.1104987069748922,0,normal_agv.png,0.06711954929687851
2026-05-21 10:50:00,AGV-05,52.15267335534384,37.85200893660914,0.39262202785138556,23.910874954363795,12.606957632743496,12.048591370398663,112.74511520781174,1.251384098800894,0,normal_agv.png,0.06670214952536785
2026-05-21 11:00:00,AGV-05,50.264659672317094,35.922796938352946,0.35792586000115423,24.08108374591144,10.68460345853687,12.335990548896328,114.96561096500497,1.167809384198053,0,normal_agv.png,0.08004528528821553
2026-05-21 11:10:00,AGV-05,52.418323981256734,37.80820502163079,0.4085515879915055,23.83724286384689,11.838471273731484,12.750038505329812,134.6717812243895,1.211172295165228,1,normal_agv.png,0.08080850028294356
2026-05-21 11:20:00,AGV-05,49.82011502731721,37.83273138529922,0.41178640055936316,23.411789325749698,11.990425818389616,12.45392169646373,124.22227299735584,1.206762158702746,0,normal_agv.png,0.06767954231719624
2026-05-21 11:30:00,AGV-05,48.874115519329266,37.56793813707295,0.41689836110382206,24.001280220672008,12.85411783094429,12.473822337060142,119.05789127618334,1.2720566175233596,0,normal_agv.png,0.06757349870382531
2026-05-21 11:40:00,AGV-05,48.943198437063295,37.901612873077674,0.46052754031306853,23.625055841207743,12.131697905391805,13.07568703190757,113.09083494026274,1.317342604551918,1,normal_agv.png,0.06304071554267943
2026-05-21 11:50:00,AGV-05,49.17972206266194,36.1247210728063,0.407918531018677,23.535450994154203,12.159565528615788,13.339186405918458,134.58816306467673,1.0847214692380065,1,normal_agv.png,0.05931704033873007
2026-05-21 12:00:00,AGV-05,47.722342932145416,38.293143120351864,0.3952645606857708,23.959889863892037,12.280758783804837,13.215164107521977,112.60411987474971,1.2023020451264799,1,normal_agv.png,0.02872101837634548
2026-05-21 12:10:00,AGV-05,52.36528196062104,38.086969451169786,0.4905801282688634,23.535721565588187,13.012770718472815,13.238760082182603,129.02944573503603,1.1915127491726862,0,normal_agv.png,0.03407442091604292
2026-05-21 12:20:00,AGV-05,48.64404620750213,36.95372063359538,0.4579771959724132,23.582717625482985,12.453825814545826,13.426691754658606,112.17370568073059,1.0762062297304678,1,normal_agv.png,0.029721461226959383
2026-05-21 12:30:00,AGV-05,51.11981406102433,37.2465619964943,0.41495890708698313,23.53031346819898,12.089249690189495,13.178309548143648,115.7411009610885,1.2743792179848925,2,normal_agv.png,0.028193153233766095
2026-05-21 12:40:00,AGV-05,50.707587628231245,37.373380973458495,0.4255681683128281,23.691932831414785,12.082008759240253,12.674249133924228,123.84579698797587,1.301817178717701,0,normal_agv.png,0.028769603997479683
2026-05-21 12:50:00,AGV-05,54.12880184596441,38.41663777644494,0.425474140463032,23.55802719475518,11.978836840550098,12.791935910825313,105.18035514261287,1.0428774273623271,0,normal_agv.png,0.030929829294061517
2026-05-21 13:00:00,AGV-05,52.41047641545754,38.775126370335464,0.4117552032235119,23.857411273647873,13.385766141845806,13.41624705897147,105.2070169696317,1.342987713154386,0,normal_agv.png,0.04615911182698165
2026-05-21 13:10:00,AGV-05,50.581313643540454,37.246142744617295,0.4378251330603281,23.440778215122407,12.70358825029896,13.005276802713308,145.98732354050424,1.2112924331752954,1,normal_agv.png,0.0429216759066829
2026-05-21 13:20:00,AGV-05,51.24670067865444,38.19358286211553,0.42195827298438077,23.234541803297986,13.320531387018075,13.818823828379948,112.33103287073406,1.226954746411524,1,normal_agv.png,0.050994973734176434
2026-05-21 13:30:00,AGV-05,53.82507637780656,37.7818658847659,0.43084271082497405,24.097674236585725,11.775276667319577,14.05097860656952,115.971910730372,1.3382041634096544,0,normal_agv.png,0.05593942415155343
2026-05-21 13:40:00,AGV-05,51.517902603915616,36.588534873369845,0.4585698110565524,23.188739371702596,12.699611121861128,13.528837205564725,132.37625930130503,1.1348791464566754,0,normal_agv.png,0.05260095422217822
2026-05-21 13:50:00,AGV-05,51.95206114941059,38.01299048937951,0.4778955580111608,23.30074582012105,12.37590889757158,13.74946240654921,118.4819262192629,1.1487453090633781,1,normal_agv.png,0.04740124579522663
2026-05-21 14:00:00,AGV-05,52.931578679603525,39.34333864794043,0.44949079574140105,23.560708972474956,12.333335651777492,14.034085755368197,138.02590396786232,1.2438501062981833,0,normal_agv.png,0.040924663381674685
2026-05-21 14:10:00,AGV-05,50.726566951946495,38.551647273182695,0.41151211032066626,24.043959202790408,13.457449884917217,13.015683783460151,118.7132975296914,1.1626740743037778,1,normal_agv.png,0.050501495764869765
2026-05-21 14:20:00,AGV-05,49.400006465050566,36.758432322944344,0.4412585074324188,23.487444573982277,11.582740683284856,14.095547754659615,106.00329719141119,1.1775068766028354,1,normal_agv.png,0.0544194037698376
2026-05-21 14:30:00,AGV-05,49.617296526850275,39.055574850986424,0.4619859309521434,23.307514909025738,12.002229896781259,14.525057755176787,125.34009254861077,1.1630986359601354,0,normal_agv.png,0.051459955249075394
2026-05-21 14:40:00,AGV-05,53.11622819631149,37.88299286689092,0.3906794741576478,23.256408485969946,12.188605199706533,14.713074786223894,113.1801800393178,1.1003972432598914,0,normal_agv.png,0.050790513737429065
2026-05-21 14:50:00,AGV-05,50.78477505904075,38.38990995047888,0.42955611886316686,23.179300280336015,12.448623270213417,14.250428358037222,119.35885199388406,1.2479282665490876,0,normal_agv.png,0.05089638774858283
2026-05-21 15:00:00,AGV-05,51.673347796872434,37.97569749077583,0.4324374052604926,23.448829488732553,11.130593662613254,14.728904284936219,106.70318184791917,1.2794667601286214,0,normal_agv.png,0.0657345404984806
2026-05-21 15:10:00,AGV-05,53.52780008050155,37.46713567409086,0.43617565293136945,23.63177241922733,13.079657915566688,14.168054370120274,127.37761164594893,1.037785818266332,0,normal_agv.png,0.05619790619723139
2026-05-21 15:20:00,AGV-05,49.891972149387016,38.55489371631206,0.48697238885827765,23.466537065365923,12.011512097028621,14.915767897749024,134.57993941480018,1.2153030608109001,0,normal_agv.png,0.05253389299708517
2026-05-21 15:30:00,AGV-05,50.57276684559468,38.87093610704483,0.4759319530437522,23.881140439341095,12.575863339661002,14.997988982070265,113.95273694902325,1.1713536443056545,0,normal_agv.png,0.053539947977147596
2026-05-21 15:40:00,AGV-05,53.37934025884184,38.72102660717003,0.4092119679674321,24.054160925359827,12.345016486675926,14.539773753541438,130.68184003340397,1.248278480824123,1,normal_agv.png,0.05348308181963122
2026-05-21 15:50:00,AGV-05,54.209851891146,37.021893184311324,0.41737477935039197,23.897519022091334,13.06335298312278,14.336691912819026,106.42521217336596,1.4032312878145146,1,normal_agv.png,0.059328312706583924
2026-05-21 16:00:00,AGV-05,53.66496662780378,36.916974831728176,0.4438691815799251,23.85156132649275,13.015155549477733,14.721656251219514,130.7724837237553,1.2008876176255663,1,normal_agv.png,0.03506860527108289
2026-05-21 16:10:00,AGV-05,52.949212433626464,39.791717457485426,0.4443746070499553,23.51344384804919,13.016966862123622,15.34830291030641,115.49046616905528,1.2441067372871795,0,normal_agv.png,0.03426036105360041
2026-05-21 16:20:00,AGV-05,51.686617163398296,37.74597754585518,0.46070905258861444,22.682245246169142,11.466624790224031,15.780449804528516,109.46106995552458,1.1858006492980573,0,normal_agv.png,0.049112693593358986
2026-05-21 16:30:00,AGV-05,53.64058276439323,38.41948644536858,0.4720590967108756,23.603763750237892,11.935051652235865,15.199110423283567,117.84779048200612,1.1988017781096294,1,normal_agv.png,0.053861269345312136
2026-05-21 16:40:00,AGV-05,52.39170022288248,39.002697881658264,0.5047018272585955,23.39554399297539,13.572828719661882,15.91031235470628,123.0669577355203,1.238399759546803,0,normal_agv.png,0.06307207440782762
2026-05-21 16:50:00,AGV-05,52.63854355016548,39.64429431086721,0.5003372870132118,23.401412270866196,12.887138025546655,15.391728177699362,130.03260226525506,1.303109074016504,0,normal_agv.png,0.06212331660487622
2026-05-21 17:00:00,AGV-05,53.8344866977482,39.58556230093576,0.4562883499605161,23.297801505389714,13.478030862716505,15.95191315729094,126.58756050937542,1.2370529678303057,0,normal_agv.png,0.06672173740213082
2026-05-21 17:10:00,AGV-05,51.89844795559201,38.04108313572892,0.46621351750464357,22.904734423283625,12.560703508430217,14.432249171986712,135.47513637087627,1.2196030931452324,0,normal_agv.png,0.0662613704945586
2026-05-21 17:20:00,AGV-05,52.41810276660671,40.649879900277476,0.4753770413684615,23.814319906435873,11.35224957456613,15.502237944260047,113.58763783155273,1.1006200614824702,1,normal_agv.png,0.06896998259371219
2026-05-21 17:30:00,AGV-05,53.553245163849446,37.708340763751465,0.4767696189063106,22.623168731163258,13.134777415335188,15.73806625951806,129.4725215549225,1.1203932025689725,1,normal_agv.png,0.06354722542585138
2026-05-21 17:40:00,AGV-05,54.474539848432045,37.51660720416439,0.4685100535226648,23.180431478224975,13.446817832271794,15.76220629166546,136.26347532434977,1.2549653655708894,1,normal_agv.png,0.061965726569155916
2026-05-21 17:50:00,AGV-05,53.08900731067785,39.873665653439,0.4677216038787985,23.620642905663825,11.256957520840698,15.986151522150118,101.21568340126672,1.3504642815034653,0,normal_agv.png,0.08065479681919238
2026-05-21 18:00:00,AGV-05,53.70893052372687,39.28950921322857,0.4452590977651556,22.785844945842804,13.093641410556069,16.175892218483998,109.3185568657995,1.316434758713226,1,normal_agv.png,0.07616981857847945
2026-05-21 18:10:00,AGV-05,52.64069578415225,38.62219743401247,0.4433429369173622,23.27422421769779,13.113857167138622,15.438696178434185,121.85585216633226,1.0950269439043585,0,normal_agv.png,0.07849318001318821
2026-05-21 18:20:00,AGV-05,53.352272034086205,39.323795442777865,0.4200237638359321,23.20652564990712,13.27809065284781,15.786202358341702,130.52905228599482,1.1090840049071435,0,normal_agv.png,0.06283739116748856
2026-05-21 18:30:00,AGV-05,55.02997670891933,39.697202190792375,0.4763889313046737,23.272181312898738,12.349534683255992,16.859217953897225,112.30708894756896,1.227021287924368,1,normal_agv.png,0.06468332869137682
2026-05-21 18:40:00,AGV-05,53.27358116736274,39.85153328646866,0.49492480292895297,23.178058078631537,13.493085757400934,15.637031657698506,120.52782185271144,0.9833964915695057,0,normal_agv.png,0.06526474210470867
2026-05-21 18:50:00,AGV-05,53.67029196107018,39.514517053418245,0.4562004033921292,23.432784054195515,13.822663709173364,16.37870323944227,126.43764643108585,1.302767257494811,1,normal_agv.png,0.037465101871924845
2026-05-21 19:00:00,AGV-05,53.8170223918371,39.97334259711001,0.46439860713581077,23.40271256833558,11.814543216354659,16.6037236675394,121.84733666083744,1.2065079106677412,0,normal_agv.png,0.058026993784039534
2026-05-21 19:10:00,AGV-05,54.723111235541744,39.669161027264344,0.4741900373433079,23.384949933458042,12.568936210877292,16.193867942902752,113.88221700865557,1.1259686193885634,0,normal_agv.png,0.0594580073468533
2026-05-21 19:20:00,AGV-05,54.882150466877334,39.95533778759224,0.4488169690203159,23.157236662075086,13.862515035331002,16.98418031475816,124.1937119155019,1.274888194815756,1,normal_agv.png,0.06603869132868505
2026-05-21 19:30:00,AGV-05,53.54524785770752,41.01799703091001,0.44143515787758225,23.24853969576037,13.80956380257134,16.632070181760632,139.6225460403473,1.0085913481442188,0,normal_agv.png,0.06411646664947329
2026-05-21 19:40:00,AGV-05,55.468952559499,41.31687205014866,0.5205118075630797,23.40220959479889,11.597725568540689,17.2325409038461,124.24490027433193,1.2368659892323093,0,normal_agv.png,0.08186925182654996
2026-05-21 19:50:00,AGV-05,54.26502343939824,40.927537839601136,0.5097645584563667,23.486002656137604,12.2412184544181,17.39495112698306,120.00861048529634,1.332887512951737,0,normal_agv.png,0.07740913625002259
2026-05-21 20:00:00,AGV-05,52.78861298985255,39.77652749476306,0.44865491058290785,23.83517677856053,14.17704472019261,17.193688309738736,139.05713051015826,1.1292904883887416,0,normal_agv.png,0.0804250076027236
2026-05-20 20:10:00,AGV-06,35.618595469528586,27.26596469037096,0.12581135171177316,25.347909041439188,9.980028943208067,4.842763919719415,112.89396645563485,1.2828958200809688,0,normal_agv.png,
2026-05-20 20:20:00,AGV-06,34.47396977639777,25.98324843896783,0.10067300761534136,25.012765016116468,9.529683956017976,5.013850589604502,129.08104374584312,1.241457516035633,0,normal_agv.png,0.03264445724318895
2026-05-20 20:30:00,AGV-06,36.49658110709791,27.257332380852258,0.11745565377943314,24.89318782539356,10.549275747775152,5.2310701181788914,150.6422013485241,1.193196452876958,0,normal_agv.png,0.050994738428572176
2026-05-20 20:40:00,AGV-06,36.94561384313222,26.9470852334059,0.12804244652960384,25.525059759958296,8.958982611916204,5.976347004496958,120.4825552670828,1.2330893006057344,0,normal_agv.png,0.06917475399305607
2026-05-20 20:50:00,AGV-06,36.88648479608791,27.41012065295961,0.11946044456910758,24.95100677696599,10.866866905344779,5.465278912746949,138.72153105684055,1.134143179882073,0,normal_agv.png,0.07692061651822346
2026-05-20 21:00:00,AGV-06,37.03389310664591,27.0249555509549,0.14753513688729436,25.1877716745404,10.063897058678414,5.7021743238130025,125.777900743822,1.178752589339007,0,normal_agv.png,0.06879188552722702
2026-05-20 21:10:00,AGV-06,37.36993126889896,28.006881994128992,0.0917756385042774,25.043650925566002,10.310750695479944,6.132455787604634,145.39142345810652,1.2442401337522921,0,normal_agv.png,0.06961443946657302
2026-05-20 21:20:00,AGV-06,36.01158051677238,28.057296229293325,0.10591604833973133,24.99903900547517,8.873723122638868,5.3935456839192115,132.59133655084338,1.3338294561518824,0,normal_agv.png,0.08398239444389669
2026-05-20 21:30:00,AGV-06,35.71570863835071,26.813840939160215,0.09711195736124684,25.086341741054355,9.145745031908138,5.742740339216863,115.76041887802393,1.2950112911487124,0,normal_agv.png,0.08505813906904912
2026-05-20 21:40:00,AGV-06,34.41308633951945,26.21494624451305,0.12624632797105012,25.066103795606562,11.058955380916718,5.466951160374583,124.4629100692415,1.34671172368195,0,normal_agv.png,0.08846292372210458
2026-05-20 21:50:00,AGV-06,36.412307824580715,26.49118909239769,0.109715687665093,25.08741585182282,10.216601840893684,5.368502861600818,133.85970092568877,1.3460797769392836,0,normal_agv.png,0.08105663536079966
2026-05-20 22:00:00,AGV-06,37.389629072529544,26.068355511249052,0.11613003851799482,25.11762906199125,9.758811220597112,6.257684985492516,117.51729490131197,1.1547951621159045,0,normal_agv.png,0.08153566201396108
2026-05-20 22:10:00,AGV-06,36.51543328367789,27.120374621037453,0.1372595674043295,25.186695623077814,9.687450308946143,5.705046528364238,118.79582081063612,1.3968796980674065,0,normal_agv.png,0.07988525713684737
2026-05-20 22:20:00,AGV-06,36.577597692419104,26.155596576267563,0.12953769387728126,25.502345790319097,10.16661278622148,5.5910867298132985,139.74262263086453,1.1765851632819777,0,normal_agv.png,0.0644842562927985
2026-05-20 22:30:00,AGV-06,37.53656174908743,27.266267248372586,0.13157222512428732,25.402738059568115,10.449264934537743,5.852428482401409,140.94798502227326,1.2280841984763742,0,normal_agv.png,0.0490174834266101
2026-05-20 22:40:00,AGV-06,36.10281549623392,26.493937215302115,0.13867080925619163,25.291367534733332,9.429932285964469,6.036741503495574,121.67328846981056,1.1635840876147072,0,normal_agv.png,0.038742137146600575
2026-05-20 22:50:00,AGV-06,35.809965618379124,28.039326415847096,0.08723054227733096,24.97873267295565,10.08813938916068,6.016710083093605,131.80294880503445,1.2168196976001835,0,normal_agv.png,0.03737845220507067
2026-05-20 23:00:00,AGV-06,35.237024169284936,28.739426578405247,0.11922265779390644,25.133095531810174,10.624300986391274,6.090986050715756,132.30697318334435,1.4823244150056387,0,normal_agv.png,0.04476019699971281
2026-05-20 23:10:00,AGV-06,36.13116001020726,26.97006743432515,0.12435758776298697,25.257939169528296,9.586921195298334,6.532490684902861,139.4680756651187,1.148745200520192,0,normal_agv.png,0.04669673337323747
2026-05-20 23:20:00,AGV-06,37.21963777010424,27.205136503106175,0.12594263460247831,25.204365927886613,9.55084181666422,5.933893024956101,133.92230675554566,1.1713607652469331,0,normal_agv.png,0.05091512007671951
2026-05-20 23:30:00,AGV-06,37.431694558748084,27.477372846835344,0.14865297863979474,24.99927430622509,9.689175282439017,6.163921795715081,140.68792321394292,1.1674665024769244,0,normal_agv.png,0.04583022088440183
2026-05-20 23:40:00,AGV-06,35.792707645446036,29.379764658961566,0.16970383352385757,25.13495503859312,10.275539700061822,7.447903505203985,125.03722466910301,1.149532287764225,0,normal_agv.png,0.043417236880854096
2026-05-20 23:50:00,AGV-06,35.88934112251469,27.423133221391332,0.11378641856739923,25.14237689087957,10.948349033232589,6.842288077628508,132.47480547640106,1.188725926088095,0,normal_agv.png,0.05863713133766531
2026-05-21 00:00:00,AGV-06,37.84399893810562,27.979782658699786,0.16501518190894343,25.043692483201305,9.946021671575405,6.416214091914832,142.92053632227123,1.0959112586886923,0,normal_agv.png,0.05380225324026947
2026-05-21 00:10:00,AGV-06,37.684846981834035,28.82375911671549,0.15694035473231505,24.759412422540077,9.848680547116727,6.48133876750144,140.09955496707082,1.1806438780273774,1,normal_agv.png,0.050542532685093546
2026-05-21 00:20:00,AGV-06,36.0300143785584,26.575694698174704,0.12096651248076119,24.879748598675466,10.97377810492338,7.136764412736597,156.66905222320008,1.1482098183481626,0,normal_agv.png,0.054589425065002015
2026-05-21 00:30:00,AGV-06,38.207590365976614,27.889738973822702,0.14815948207718244,25.05884299704728,10.279356644529482,7.169717117128013,125.20293260442176,1.2429982963685142,0,normal_agv.png,0.04655423487037499
2026-05-21 00:40:00,AGV-06,36.94583350399241,29.12354259332766,0.13306482662696711,25.048007136280393,10.247966762869524,7.2755070018054795,143.49179048888706,1.1445167288430251,0,normal_agv.png,0.046700735877386206
2026-05-21 00:50:00,AGV-06,37.495822738511194,28.48478209990883,0.1707855301710382,24.731357739101743,9.538083542279272,7.080962033947119,127.23110644231197,1.3047555281122118,1,normal_agv.png,0.04854031421903558
2026-05-21 01:00:00,AGV-06,35.96262222978761,27.422677120107934,0.11223233461124377,25.537099973427612,10.191579176806917,7.809229998824106,141.13272312739392,1.1953639566589827,0,normal_agv.png,0.047448300225598726
2026-05-21 01:10:00,AGV-06,36.18743293107028,28.625138684880532,0.13530739853619025,25.01629369133873,10.070113572083548,6.806410132534437,137.85185082310377,1.199719541859306,0,normal_agv.png,0.04508144210352255
2026-05-21 01:20:00,AGV-06,38.01544495058825,27.70352602663666,0.1558274758956093,25.268673051757677,11.020740747342796,8.435562850235462,138.70449169741306,1.3082762918096962,0,normal_agv.png,0.04656993506994486
2026-05-21 01:30:00,AGV-06,37.780481108900915,28.122986965830346,0.18725604788768335,24.565295740469615,10.116827979454063,7.698370219991034,124.43221227156634,1.300199658332,0,normal_agv.png,0.046780611166309195
2026-05-21 01:40:00,AGV-06,38.5219964822443,28.202705483898452,0.1492863781605381,24.882239549181477,9.652298532154495,7.870434163901886,129.4398532816633,1.2258003728231923,0,normal_agv.png,0.051901686288405344
2026-05-21 01:50:00,AGV-06,36.814971847370565,27.59599806772507,0.16470136804496724,25.425337382641438,9.889120397527332,7.082564877363034,126.11483977643545,1.219436508170508,1,normal_agv.png,0.045819573404735414
2026-05-21 02:00:00,AGV-06,38.47222217964347,27.76658243812126,0.14048665015776338,25.18921548543627,10.421172066331556,8.159586541877534,113.70266834753804,1.2364897327001911,1,normal_agv.png,0.0468932393846769
2026-05-21 02:10:00,AGV-06,35.60143316013838,28.54568860763971,0.16754245081703678,24.825596670755655,10.415964747039027,7.330574773512315,131.42990634809217,1.2845743303691546,0,normal_agv.png,0.04689938027378385
2026-05-21 02:20:00,AGV-06,37.28208085568638,28.01579601068241,0.18493626983957737,25.23389482292323,11.026771849596022,8.371274640028732,114.4671674747302,1.2478030164715783,0,normal_agv.png,0.04708292271829716
2026-05-21 02:30:00,AGV-06,37.46240174155132,27.51118368963564,0.10799979787616971,25.216063703506826,10.703379292442529,8.690618669763664,137.3189806923438,1.3073618200794597,0,normal_agv.png,0.04909765251761033
2026-05-21 02:40:00,AGV-06,38.43706558390921,29.53280059212527,0.158447204011617,25.05961361568446,10.444190461387945,7.829586144904669,124.03170811884287,1.299477530267677,0,normal_agv.png,0.035863305058583275
2026-05-21 02:50:00,AGV-06,35.803593397760274,27.968096829301423,0.12268032568006985,25.099395778766645,11.164388941420592,8.83314762929609,115.39499100581511,1.215960586115111,0,normal_agv.png,0.030901151383670344
2026-05-21 03:00:00,AGV-06,38.39541677668664,26.945629873035664,0.20288721465213932,25.07256562821389,9.847971275635471,8.792214770175256,117.41980088733663,1.0874330244172785,0,normal_agv.png,0.044946722898383036
2026-05-21 03:10:00,AGV-06,37.718312629282636,28.936042660311088,0.1528755332512806,24.696192687082107,10.8419776916939,8.144976046368324,143.14074981524604,1.0389599494152255,0,normal_agv.png,0.044530646704574656
2026-05-21 03:20:00,AGV-06,38.865452062707924,27.899424506116898,0.1851338261112418,25.00668975708064,9.880452807945954,7.9474266522728865,127.01869420734157,1.254979076031623,0,normal_agv.png,0.05066078823691452
2026-05-21 03:30:00,AGV-06,37.76225198288555,27.962190252215834,0.16237068865078183,25.09518331113501,10.975883209418903,8.618487115433314,129.25654670241477,1.2056070780166852,0,normal_agv.png,0.05362372305023217
2026-05-21 03:40:00,AGV-06,38.48044143512523,28.328260929207204,0.14366035670292204,25.17735468204315,9.988421168076993,9.31745144029034,124.72005978234387,1.1511058278384538,1,normal_agv.png,0.058058321068997894
2026-05-21 03:50:00,AGV-06,34.70905357408422,28.563632471047345,0.1528532684518366,24.735154579481048,10.476541711246323,8.981190912751785,107.06058415153478,1.2380601593465226,0,normal_agv.png,0.04841156354856454
2026-05-21 04:00:00,AGV-06,38.800038378191445,28.805762235536193,0.16861259262715655,25.254754650209655,10.026681385367716,8.634037958849447,141.67741925527778,1.1118812994418434,0,normal_agv.png,0.04533846762952211
2026-05-21 04:10:00,AGV-06,37.15949255124796,28.060511235031637,0.15901116807298132,25.054280183569844,10.60969779801792,8.71537024266245,129.77913685008423,1.0928408506777072,0,normal_agv.png,0.04171014864624125
2026-05-21 04:20:00,AGV-06,38.17998586371608,29.698451779944918,0.14647212141974314,25.2003392048267,10.935887861322506,8.725972216836237,141.87077678741755,1.0486860886520075,0,normal_agv.png,0.040727645162621486
2026-05-21 04:30:00,AGV-06,37.68327158908807,27.891589624656035,0.16125392678253203,24.988348183103977,10.714536818167447,10.044456718736278,109.3469722495939,1.1255198630694045,1,normal_agv.png,0.03638597812684681
2026-05-21 04:40:00,AGV-06,37.85670825498026,27.009045487000105,0.15882621363587138,25.064031350937285,10.31569616685711,9.625148823374605,127.66002429453437,1.2792952890341334,0,normal_agv.png,0.03024612889527721
2026-05-21 04:50:00,AGV-06,38.091611006810346,28.800782702247453,0.18786261034978916,25.20630564134061,10.434402429711213,9.959476127415423,132.81230492218603,1.3338821473374074,0,normal_agv.png,0.030402746977298667
2026-05-21 05:00:00,AGV-06,36.953414177451144,29.290803119219188,0.2044112243434795,24.976195274243754,9.725158260882758,10.069631861211384,124.08605270161952,1.1674420506901302,1,normal_agv.png,0.04000987020846986
2026-05-21 05:10:00,AGV-06,37.151201950726204,27.29304590396855,0.1798964462479841,24.594026842709805,10.275557493186021,9.525373312868497,117.15203840068197,1.4494144903366437,0,normal_agv.png,0.03999959702063558
2026-05-21 05:20:00,AGV-06,39.9469961910614,29.29356487402365,0.1746347937714842,25.007317898701274,11.015598942613567,9.72640562078203,127.42947591186936,1.2517334997266665,0,normal_agv.png,0.04198997253581633
2026-05-21 05:30:00,AGV-06,37.416544272463234,27.868581427952076,0.17292494528989683,24.954635277315166,9.964696847856203,10.250343678170422,132.91880026116317,1.1485453326378374,0,normal_agv.png,0.04287796703910052
2026-05-21 05:40:00,AGV-06,38.380692710534944,28.540974034377054,0.14116240600587246,24.9959454782013,10.993769568906083,10.511125498141823,137.19168666355438,1.2829968882807177,0,normal_agv.png,0.05074646232779894
2026-05-21 05:50:00,AGV-06,38.35047710582325,29.07659497051031,0.14887142102751993,25.528236220335984,11.397411231812415,9.934831029060453,138.33637396803692,1.2009504347614233,0,normal_agv.png,0.06321837574487063
2026-05-21 06:00:00,AGV-06,38.15062966088425,28.60375656636853,0.16992805425985405,24.633849800381086,10.849053846375142,9.860726251418535,139.049620414942,1.3940954251746454,0,normal_agv.png,0.04923880908904574
2026-05-21 06:10:00,AGV-06,39.953912037041384,28.185580250530798,0.14086395285872355,25.018721770728607,10.378284131904774,10.026017490213698,129.189761632612,1.2615974985068177,0,normal_agv.png,0.04758127132884447
2026-05-21 06:20:00,AGV-06,38.55047423367682,28.043093374751233,0.14091212897185562,25.27932214368022,10.97146693367551,10.112655883333002,138.6343728018988,1.2858016571341817,0,normal_agv.png,0.04724284687486663
2026-05-21 06:30:00,AGV-06,35.64714966015657,28.285056733709244,0.1508383230029513,24.83092243896133,10.494687935839966,9.905253447148038,140.2861031130338,1.1664829243583013,0,normal_agv.png,0.034092147674607616
2026-05-21 06:40:00,AGV-06,37.496015127035314,28.223978624812016,0.17396591743874767,24.904455552794552,10.373526815741252,10.861260500410788,140.21635213827608,1.1141231404237844,0,normal_agv.png,0.03775843687072152
2026-05-21 06:50:00,AGV-06,37.63512814795302,28.109601018895404,0.15575017699967933,24.8697782170877,10.559515884525752,10.053004467814961,144.6571724170406,1.0442779770912909,0,normal_agv.png,0.023596777617213155
2026-05-21 07:00:00,AGV-06,37.47566913480798,28.13373707051062,0.15701310775275154,25.02548180454705,10.379077146123459,11.042718375750468,137.02276427551578,1.1381447225210697,1,normal_agv.png,0.021961656723127117
2026-05-21 07:10:00,AGV-06,38.405336979721845,29.69699026169809,0.16747259802240588,24.709920817901057,11.35317386673638,10.659024366373986,132.41802071555747,1.381802915351975,0,normal_agv.png,0.03673887315108504
2026-05-21 07:20:00,AGV-06,38.77460877131197,27.657662643033323,0.16721409190251132,25.25472232309585,10.168711471120867,10.828035952940041,122.56283914705502,1.2329562399249447,0,normal_agv.png,0.039151987225278524
2026-05-21 07:30:00,AGV-06,37.55865349828884,28.329261663762527,0.19404210006926897,24.818880347625313,10.906876936519483,11.177840081108481,124.97131246329045,1.0349590550799348,0,normal_agv.png,0.040941777164606286
2026-05-21 07:40:00,AGV-06,40.20626719170851,29.534918917567193,0.17437443931380334,24.96078109962483,9.886580130421859,10.34613427094882,123.82921790789563,1.3554823104897757,0,normal_agv.png,0.04995770636477637
2026-05-21 07:50:00,AGV-06,39.53296039558331,29.618177970666714,0.16221372485023827,25.308738064055035,10.096660379071318,10.897410964959896,132.0885354253433,1.3198773859309632,0,normal_agv.png,0.05319453821616309
2026-05-21 08:00:00,AGV-06,38.58558308274643,27.649575764729917,0.17906000957293178,25.395867497215043,10.728629115564999,11.318524670238881,133.74441224451832,1.248730841524281,0,normal_agv.png,0.05360590957794211
2026-05-21 08:10:00,AGV-06,39.866830205448025,28.77448341979959,0.18098296226842225,25.0899213683411,10.610277103341126,11.073161009349587,142.8279496883898,1.1837346772936217,0,normal_agv.png,0.038899088133435795
2026-05-21 08:20:00,AGV-06,37.755160497789404,28.800385174184612,0.17193020239708304,24.628650444568777,11.20482177054075,11.355490898227739,123.69857169857653,1.2113902330008373,1,normal_agv.png,0.046996401785014796
2026-05-21 08:30:00,AGV-06,38.99503098179317,28.941069263018928,0.15630440399216416,25.3261276357443,10.32973249744473,10.523742227912331,136.71742482191874,1.255957139751656,0,normal_agv.png,0.04529330235374855
2026-05-21 08:40:00,AGV-06,39.77703273921826,27.528574649559715,0.16692924303882892,24.649099472029867,10.840993887600789,11.867469511720225,122.29212596959724,1.20554159049407,1,normal_agv.png,0.036646743914599496
2026-05-21 08:50:00,AGV-06,38.292144694477805,27.004038443131066,0.18341955382415617,24.634092843529796,10.09896370996311,10.754841942939786,132.02383370598696,1.1586122741648577,0,normal_agv.png,0.03658563081084157
2026-05-21 09:00:00,AGV-06,39.27048305248887,28.157832318378066,0.18307159553251046,24.79974391788931,10.312964529946884,11.183250811751627,131.5917711592258,1.223515951035453,0,normal_agv.png,0.03841164841287966
2026-05-21 09:10:00,AGV-06,39.4738507314288,27.98111852960108,0.19069067567216738,24.98846149442081,11.649712885459131,11.351881167474051,137.76228504724105,1.304484916947418,0,normal_agv.png,0.05610748338177562
2026-05-21 09:20:00,AGV-06,40.551866114974324,29.03165695613847,0.1660842515844641,25.07408796410648,10.020770302532393,11.25108199436324,140.4749691487599,1.2817299811519958,0,normal_agv.png,0.05819458691655883
2026-05-21 09:30:00,AGV-06,38.53548364844802,29.614024226643437,0.1709030734513588,24.900264927805384,10.3261630750271,11.252614269672977,118.19027516335615,1.0139494657726922,0,normal_agv.png,0.058221482428528634
2026-05-21 09:40:00,AGV-06,41.509897732700985,28.663338483064546,0.17018250926789652,24.899979173266715,10.355755162548347,12.132350964269913,133.6818503641201,1.2497077391975282,0,normal_agv.png,0.057183207512522226
2026-05-21 09:50:00,AGV-06,40.72943944261129,28.516295142623264,0.2046531169507811,24.95930695317648,10.586712555128727,11.73981322694362,149.18606333876207,1.2714873632505168,0,normal_agv.png,0.05423449416197007
2026-05-21 10:00:00,AGV-06,39.25702405918285,29.528536505791557,0.1668660416642589,24.905417781421622,10.411512033323879,11.05400992229533,130.22512974397728,1.14980634124589,0,normal_agv.png,0.05353284034329943
2026-05-21 10:10:00,AGV-06,39.40078233496374,29.088730778830268,0.18857943908980354,24.75042391911018,10.376669319486828,12.09768883460403,147.2569379281477,0.9427154240594291,0,normal_agv.png,0.017792472953357414
2026-05-21 10:20:00,AGV-06,40.31985103985466,29.447500798192213,0.16609389181622983,24.51385457533598,10.697133437923746,11.645152578536708,131.59840577165397,1.1379514716318087,0,normal_agv.png,0.01420444971122325
2026-05-21 10:30:00,AGV-06,38.80652943155353,29.448354726413225,0.19861716045914363,25.25534600014426,10.534335911876024,12.484803085509427,106.21003959246775,1.0908281060904494,0,normal_agv.png,0.012867884874192178
2026-05-21 10:40:00,AGV-06,40.635749361799704,28.32347448529634,0.18436884451241992,25.046888559870574,10.571837957387139,12.139347402311829,140.15937223563557,1.1367383264731716,1,normal_agv.png,0.011274461307406116
2026-05-21 10:50:00,AGV-06,38.20712152960776,28.026906321569683,0.20675545193844774,25.07717894914038,10.6593713889492,11.863584393033971,117.14495476972098,1.1647780290519356,0,normal_agv.png,0.012233133555181427
2026-05-21 11:00:00,AGV-06,37.68505996394189,29.221933916210176,0.18157795618121722,24.847576353220504,11.317544214143707,12.487142854904953,149.28843964021758,1.3052709813636894,1,normal_agv.png,0.030480383850951264
2026-05-21 11:10:00,AGV-06,40.96004283473455,29.733679371633524,0.18710470918745536,24.854774533192654,9.497797233993058,12.658163636508855,138.55201507748262,1.250983316401119,0,normal_agv.png,0.05578276405025254
2026-05-21 11:20:00,AGV-06,41.131963994753626,29.53462439694583,0.16627685518579702,24.902735897013535,9.87002165090177,12.278145282476714,122.75095968175206,1.1097127461522371,0,normal_agv.png,0.06153556986924581
2026-05-21 11:30:00,AGV-06,38.717544590652594,29.680550315588643,0.17407697230009428,25.040379961940634,9.776036475590882,12.484523482339544,133.7850214891752,1.1101961527596467,1,normal_agv.png,0.06652601329985844
2026-05-21 11:40:00,AGV-06,38.4125665487176,29.147906367514334,0.18418528258410863,24.468321761051524,10.043664615225692,13.0710938631675,141.89226461255785,1.1409955228282422,0,normal_agv.png,0.06603670610688102
2026-05-21 11:50:00,AGV-06,39.91583806511872,30.584399000290237,0.19898498640223797,24.77249175675925,10.137732575347274,12.95601099530015,133.96366956467352,1.2654385235563088,1,normal_agv.png,0.06268764978944552
2026-05-21 12:00:00,AGV-06,39.139516183145076,30.082905954246684,0.17132358877088746,24.913868403346996,11.387807737529155,12.294628335693945,139.515573777305,1.1471332611351883,0,normal_agv.png,0.06527583086049986
2026-05-21 12:10:00,AGV-06,38.943093251695686,29.43082125412789,0.1743202225301479,24.99495218616929,10.049536132425072,13.036412121570576,126.24592553516038,1.276682556903889,0,normal_agv.png,0.05793571945507952
2026-05-21 12:20:00,AGV-06,40.30538586504118,27.131431009286803,0.17167915667723252,24.85035733320012,11.430852697625843,13.2974502302059,116.87031470052727,1.1135997913294293,1,normal_agv.png,0.07038914050671125
2026-05-21 12:30:00,AGV-06,39.309616277953594,29.388015121656277,0.17246925185240222,24.779502664190947,12.046270759267932,13.420573618510822,141.01737861786208,1.2675564697657333,1,normal_agv.png,0.080942670513363
2026-05-21 12:40:00,AGV-06,38.547589365444196,30.045701348457087,0.21068936152091616,24.7523970282691,11.174971025888254,13.925469147242012,121.26331108077375,1.2563468967883262,0,normal_agv.png,0.07133188470957433
2026-05-21 12:50:00,AGV-06,39.860022453850064,29.012361868415603,0.2020041530325225,24.941829347204933,10.705890829744044,13.394699548878666,125.57410707225844,1.1385025391585306,0,normal_agv.png,0.06152676706708529
2026-05-21 13:00:00,AGV-06,41.183074008998105,29.43837628289163,0.1531692540107582,25.326378828922504,10.207679562574318,13.00319010872762,109.47125579650765,1.1152770302390322,0,normal_agv.png,0.06968721315218909
2026-05-21 13:10:00,AGV-06,40.037343664333875,30.657542787074828,0.1608743811328612,24.973563866512556,10.823107506595221,13.189747753312883,136.99300399717902,1.333757036805862,1,normal_agv.png,0.0576048469767302
2026-05-21 13:20:00,AGV-06,39.74885579809788,30.662926594708395,0.15101197490808907,24.775425897446684,10.05487508934872,13.024919715235175,128.91004839288618,1.2187395233631417,1,normal_agv.png,0.06657257800217323
2026-05-21 13:30:00,AGV-06,38.86376872437384,29.90485694604355,0.1773045733826002,24.80256413853544,11.196480438167283,14.088181287250107,139.94351519815424,1.2607226141493775,0,normal_agv.png,0.044761172506829414
2026-05-21 13:40:00,AGV-06,39.90572197518355,30.317185532565695,0.18874861741750154,24.867075064158318,10.93910840613901,14.134716972099952,137.03965805128627,1.1522405129263253,0,normal_agv.png,0.04123324300089573
2026-05-21 13:50:00,AGV-06,42.05540678436069,30.596808037087694,0.17149776192317337,25.08097297632473,11.24838616981637,13.775226472439169,122.38239629317354,1.2521491882154476,0,normal_agv.png,0.04683033980394733
2026-05-21 14:00:00,AGV-06,42.06538629901246,29.95954751773764,0.18028969206849796,24.72517582932672,10.914611413044343,14.112313193016988,127.52664036103582,1.0933481593218233,1,normal_agv.png,0.03954932764004053
2026-05-21 14:10:00,AGV-06,41.8306183520162,30.488262677238016,0.18124317316483196,25.13358596141484,10.605487236471017,14.067945808668977,131.65240050064926,1.1011437582360473,1,normal_agv.png,0.040883198119539416
2026-05-21 14:20:00,AGV-06,42.210638218129425,29.04700265601295,0.17051179394272079,24.571935600911527,10.94856185547779,14.206799983408258,127.70624312635245,1.21331945016921,0,normal_agv.png,0.021013877967614114
2026-05-21 14:30:00,AGV-06,40.6263176286278,29.039910191166122,0.19002985120383656,24.894780711335,10.820791686284798,14.476834824480663,132.1000830802259,1.0615595113104728,0,normal_agv.png,0.019112016977129366
2026-05-21 14:40:00,AGV-06,41.366753637929264,30.006507665043404,0.1849975548975636,25.00940062677483,10.969079196489503,14.645129249362864,136.81039596044522,1.1352087920728473,0,normal_agv.png,0.019205063678104553
2026-05-21 14:50:00,AGV-06,39.6976788338103,30.19373892429315,0.1876764437982468,25.02753925632314,11.181699680971747,13.879359837126536,115.92706556507598,1.3306583613215952,0,normal_agv.png,0.017369267009391894
2026-05-21 15:00:00,AGV-06,42.05548531696232,30.66012553639674,0.1785016826713635,25.00537388693642,11.524135012708445,14.56566963322856,145.39017375255415,1.1975789553922411,0,normal_agv.png,0.028688310784832836
2026-05-21 15:10:00,AGV-06,39.80597909450203,31.405689224645776,0.2161387373024739,24.698816887383504,10.96846228277305,14.70567629231945,123.63204898450442,1.2237398784782525,1,normal_agv.png,0.022714085075157344
2026-05-21 15:20:00,AGV-06,41.93136166329871,30.00940877764825,0.2245849622513415,24.527250764457644,11.913329300756237,14.737794244963533,140.73020994803622,1.2045881015983746,1,normal_agv.png,0.036925782962793946
2026-05-21 15:30:00,AGV-06,40.04361025027589,30.21929160819359,0.16292946076085596,25.01320186166704,10.908071100511222,14.60633522311023,116.59511358633563,1.1846754273225404,0,normal_agv.png,0.03545629095194249
2026-05-21 15:40:00,AGV-06,41.05340092852599,28.98913323538667,0.1851462161588537,24.736749564780034,10.42019663125657,14.48924762964073,144.2037984802835,1.2153511636017318,0,normal_agv.png,0.046551659860965613
2026-05-21 15:50:00,AGV-06,38.84754885932345,31.34707533062393,0.16305718251778573,25.062765824606757,11.185734585612751,14.507773703507715,140.4848487370455,1.22556432809759,1,normal_agv.png,0.04655313572637485
2026-05-21 16:00:00,AGV-06,41.96938066598648,30.9802834870274,0.2090778050352143,24.759537891516644,11.29989651459222,14.897641296038142,129.41167145868476,1.2406650364930019,0,normal_agv.png,0.044502143361689034
2026-05-21 16:10:00,AGV-06,41.226089268801424,29.551848125615173,0.20004389369537373,25.013252944030288,11.16013440388269,15.947371116174098,120.001047077519,1.1783785916508889,0,normal_agv.png,0.043902032946239476
2026-05-21 16:20:00,AGV-06,39.39602799417659,30.034727666434218,0.21021034462938432,25.058755239834003,11.169378530424977,15.023187128570708,123.49343378663805,1.3849007203954302,0,normal_agv.png,0.02925267809657564
2026-05-21 16:30:00,AGV-06,43.12130858652592,30.197287420606354,0.2125192060562339,24.967005517542912,10.352832166905234,14.534624858002513,130.87328703921648,1.1315923620472637,0,normal_agv.png,0.03893001791565055
2026-05-21 16:40:00,AGV-06,41.75034221071641,28.453371209011205,0.18542673221421327,25.170971520161636,10.516810255553201,15.645782339428456,138.60182638395156,1.1590731835834962,0,normal_agv.png,0.03686791628269148
2026-05-21 16:50:00,AGV-06,40.04734540897954,30.97608819964472,0.237249539984832,25.233658494192767,12.299738878675848,15.613222221343293,147.08964052029893,1.1278405880445441,0,normal_agv.png,0.06196474030208893
2026-05-21 17:00:00,AGV-06,41.541989517252766,30.171127147914525,0.20563433559451819,24.712604819044795,10.842312672216071,14.827420604634717,141.7066162931766,1.0910244086893877,2,normal_agv.png,0.06267817533943056
2026-05-21 17:10:00,AGV-06,41.87123733855072,30.33677812700629,0.2114446460181249,25.05954248150492,10.28402555541296,16.101953054547934,127.9241565485696,1.1189884446845528,0,normal_agv.png,0.0693182436044227
2026-05-21 17:20:00,AGV-06,40.99667686979125,29.145769513827528,0.20505046309345545,24.876687357864828,10.822123067095994,15.207268216650192,115.12138296509377,1.2460086256791816,0,normal_agv.png,0.06871795054846473
2026-05-21 17:30:00,AGV-06,41.75944828089309,29.75870825200536,0.23176317561455553,24.827733983791973,10.937902247077158,15.967174383621801,133.35054351912171,1.1777301625913685,1,normal_agv.png,0.06432808771946487
2026-05-21 17:40:00,AGV-06,41.20049774266699,30.98793371322794,0.20345223470031407,24.83960716359332,10.764776027414753,16.13221085595481,133.00749017180794,1.1634225168544643,0,normal_agv.png,0.0619341622412735
2026-05-21 17:50:00,AGV-06,41.75378191646389,31.156074603416506,0.22611125152538472,24.776422517658066,11.171744640341984,15.315248992323047,133.13723182896908,1.0602902016301057,0,normal_agv.png,0.027045046743820543
2026-05-21 18:00:00,AGV-06,42.104770662847685,31.606490169822482,0.20811543269475907,25.105600059732033,10.821237169357714,15.521539298487985,103.00677650567701,1.2679667624837294,0,normal_agv.png,0.027014120368304563
2026-05-21 18:10:00,AGV-06,41.68750123908654,31.764822331033677,0.1897791385300372,24.660033749111644,10.967380118439298,15.700361809322267,134.1156571916428,1.1606144964016771,0,normal_agv.png,0.013538448406722633
2026-05-21 18:20:00,AGV-06,42.70138660403396,31.28418201224404,0.23252345975276426,24.829743568705805,10.222307896613076,15.604927103562092,127.29628600864208,1.278229781776891,1,normal_agv.png,0.029804676249131315
2026-05-21 18:30:00,AGV-06,42.97441698835195,32.2178370126035,0.21288133112670965,25.25699905609548,10.982720301368612,16.538862968745242,122.19856118612228,1.1695635276666918,1,normal_agv.png,0.03014770692531866
2026-05-21 18:40:00,AGV-06,41.10517182927646,30.454009042421724,0.23501058828498578,24.746370253119753,10.741658254345797,16.650903518483616,120.5587244353758,1.2906243757739846,0,normal_agv.png,0.03024550328206922
2026-05-21 18:50:00,AGV-06,41.889766825005275,30.83555752366736,0.2403819719030975,24.617589579045188,10.586684254721941,16.21093594312675,120.7107351753927,1.132279052444511,0,normal_agv.png,0.026594220392210717
2026-05-21 19:00:00,AGV-06,41.67539405941069,32.15466298902063,0.22056762192698837,24.64862883880349,11.06835736019554,16.378672440303497,134.59180167334864,1.1718329802036895,0,normal_agv.png,0.029594959119196292
2026-05-21 19:10:00,AGV-06,41.427742150450364,30.989983560362802,0.21592650210081113,25.08001788505696,11.124167733815067,17.464361846718965,122.92560455187812,1.2876468800219447,2,normal_agv.png,0.031902527487540945
2026-05-21 19:20:00,AGV-06,42.159162345437935,30.303524735331322,0.25026105822740563,25.2267443282285,10.95551534016819,16.89253059668109,142.77856655030513,1.1597079791699523,1,normal_agv.png,0.018837320856652386
2026-05-21 19:30:00,AGV-06,41.97584908259764,31.964692155297016,0.21164536844106746,25.01457547606499,10.834989579845338,16.571708231645808,115.58597812624576,1.2344818366408714,0,normal_agv.png,0.018729885258969497
2026-05-21 19:40:00,AGV-06,42.22757229314098,30.798363476796965,0.2225607206008697,25.05257020907167,10.727270711851139,16.45189155480173,111.88010662437947,1.3872237198436246,0,normal_agv.png,0.018926987572850267
2026-05-21 19:50:00,AGV-06,38.81952729180792,30.876135267642212,0.19646186291747306,24.81477825415649,10.18044636356573,16.474783633895782,149.25626127461945,1.2066329482537632,0,normal_agv.png,0.03176947906411817
2026-05-21 20:00:00,AGV-06,42.91425954479412,31.812281280487138,0.17323143599513804,24.676929446647716,11.74222954641285,16.92670190271629,127.97661093129912,1.0948181239424437,0,normal_agv.png,0.04684142399769565
2026-05-20 20:10:00,AGV-07,46.26970757266583,45.418894377905566,0.2690635250865871,24.236722560419974,11.49662346172211,5.641798191876558,115.74902786426418,1.0293293231626994,0,agv07_battery_hotspot.png,
2026-05-20 20:20:00,AGV-07,46.958897337386226,43.425139944182995,0.2635281799925768,23.78748680065646,12.197179984923245,5.701291281460245,121.46410342649186,1.1061162567850915,0,agv07_battery_hotspot.png,0.04181416202203834
2026-05-20 20:30:00,AGV-07,48.224236446593714,44.505624018987234,0.2224565453303329,24.24975707736006,11.298169575532334,6.355511958849866,134.4824208800333,1.1090309799206435,0,agv07_battery_hotspot.png,0.040491831525053756
2026-05-20 20:40:00,AGV-07,47.429927189886094,45.269348313742206,0.25559204183556594,23.411186232457485,12.768619007432354,6.82739797137537,122.87244074784293,1.0594460085932922,0,agv07_battery_hotspot.png,0.05641614264568104
2026-05-20 20:50:00,AGV-07,47.35896712230479,46.26666605589199,0.24445663745287194,24.135376720635584,10.807328480798903,6.035286685310542,110.8561828731752,1.123513529936619,0,agv07_battery_hotspot.png,0.06596121373151864
2026-05-20 21:00:00,AGV-07,49.03726036788482,44.47826049716627,0.2569222464807832,23.82524606035405,13.010081329101686,6.954539956785625,129.22802279825234,1.100404195782316,0,agv07_battery_hotspot.png,0.07296748768291642
2026-05-20 21:10:00,AGV-07,48.81636187649713,45.08888874802656,0.20963080178583923,23.649452749207914,11.659128630567881,6.567252607172978,122.85576077916214,0.9125107935952468,0,agv07_battery_hotspot.png,0.07165230704696175
2026-05-20 21:20:00,AGV-07,51.13057772400301,44.422435906820404,0.24982855399209997,24.14750220852997,10.367701962162734,6.62141528611805,112.88912241571461,0.9518232777420513,0,agv07_battery_hotspot.png,0.09065938808746063
2026-05-20 21:30:00,AGV-07,47.174611329856035,45.627344959383514,0.2554244600139406,23.807359517718112,13.151669035442833,6.7305135079400715,116.60051368209982,0.9819768265799631,0,agv07_battery_hotspot.png,0.09984758880346269
2026-05-20 21:40:00,AGV-07,48.19753184359654,45.520538371257985,0.2706917109223564,23.856891604923238,12.384485436718041,7.6141433772612865,122.2495361432822,1.0819166615601148,0,agv07_battery_hotspot.png,0.09681861015260816
2026-05-20 21:50:00,AGV-07,46.65317552639474,45.214947413980305,0.24441736235716877,23.93647699187647,10.619944741104048,6.685356232572573,114.95961254921328,1.1346312710224888,1,agv07_battery_hotspot.png,0.1002237170208326
2026-05-20 22:00:00,AGV-07,46.80266369421272,44.84084761916003,0.28553616445197233,23.723212625710385,12.752556706280268,7.28161546263104,112.96028518382072,1.2664641821966276,0,agv07_battery_hotspot.png,0.09671302461195286
2026-05-20 22:10:00,AGV-07,47.76107092913764,46.86177686589206,0.2288730586981953,23.40480093176374,11.094684063873721,7.166013145818399,126.32607449786023,1.1203353758405,2,agv07_battery_hotspot.png,0.10078865880722189
2026-05-20 22:20:00,AGV-07,46.51460639711557,50.30739767327278,0.3012808157690991,23.89862062928467,11.442309014437956,6.95906172938334,122.10002312681468,1.0886407838298036,1,agv07_battery_hotspot.png,0.08418511438420095
2026-05-20 22:30:00,AGV-07,48.12040856636495,47.63982417189682,0.2996243345587872,24.11584212638853,12.94965990254326,7.367813007217091,120.79576766487321,1.0747375131197363,0,agv07_battery_hotspot.png,0.08039049262880227
2026-05-20 22:40:00,AGV-07,47.14064070331666,46.05764274542637,0.2961132636074539,23.649868221088635,12.89854609416006,7.36467050521359,117.49017021552122,1.1654373959393618,1,agv07_battery_hotspot.png,0.0860944550597708
2026-05-20 22:50:00,AGV-07,51.300451010023174,47.13371728800952,0.257369819654316,23.627753027294528,12.261266833698208,7.553492464965289,109.62613842063968,1.2686093154338995,1,agv07_battery_hotspot.png,0.06486498641124555
2026-05-20 23:00:00,AGV-07,47.91674130153197,45.63537946949294,0.2619361713064143,23.37052407991642,14.033269201817246,7.920952322310069,124.98355224330646,1.2422560328842516,0,agv07_battery_hotspot.png,0.086870668975075
2026-05-20 23:10:00,AGV-07,47.93667534639892,45.05008404358316,0.26252464598158426,23.631402385125977,13.814096477892248,7.317972454257265,137.33796778506397,0.895256281422925,0,agv07_battery_hotspot.png,0.07479945476908711
2026-05-20 23:20:00,AGV-07,50.249432827310805,45.64400841832248,0.2644354531978222,23.809442079000384,11.993696901571196,8.73443210682889,116.53889986933177,1.124825979649048,0,agv07_battery_hotspot.png,0.062543533955661
2026-05-20 23:30:00,AGV-07,48.68313571390949,47.89990096678394,0.2753024559940915,22.956011951465985,10.072092879811777,8.572655620569225,113.98497979529994,1.0421015780060097,4,agv07_battery_hotspot.png,0.11550788179638559
2026-05-20 23:40:00,AGV-07,48.70077949970213,49.952465506817774,0.243719987053562,23.405273320536615,12.129374709397167,8.065640152994247,123.64052922827806,1.095938697867932,1,agv07_battery_hotspot.png,0.11613581879865686
2026-05-20 23:50:00,AGV-07,47.761483648642056,44.24176336794245,0.3010975243196694,23.297503214763747,15.192298483595144,8.841191752151703,115.85089602012339,1.1868211618385556,2,agv07_battery_hotspot.png,0.14232406439737003
2026-05-21 00:00:00,AGV-07,48.89884590834403,47.08727642941312,0.23463460045063558,23.378432483106106,13.259944445661375,8.67486865476502,108.18674221185557,0.9932277422961455,1,agv07_battery_hotspot.png,0.13809656960953506
2026-05-21 00:10:00,AGV-07,48.53625250661745,46.773791025906554,0.2577322221072783,23.52600129071578,15.129253219362036,8.097321952087373,128.21636681742208,1.1781497239460632,0,agv07_battery_hotspot.png,0.1532911892058658
2026-05-21 00:20:00,AGV-07,47.39922112481116,44.18394521298414,0.3183085344592201,23.421529144163376,11.650670642975806,8.134449644000696,136.00086153508266,1.0636088436172522,1,agv07_battery_hotspot.png,0.15691695634506186
2026-05-21 00:30:00,AGV-07,52.13287571670351,47.46175628717199,0.3160623352981461,23.45580267692507,12.719861747205812,8.353468688369661,131.63072189697507,1.2843925742515288,2,agv07_battery_hotspot.png,0.11284711838096545
2026-05-21 00:40:00,AGV-07,48.45579542287029,47.98450782487009,0.3006159913246472,23.57858815375931,10.700490742156703,9.722688177731479,112.77876512009745,1.2911606067063324,1,agv07_battery_hotspot.png,0.13867668215837262
2026-05-21 00:50:00,AGV-07,49.661114174974934,46.639621295061566,0.30252322624400413,23.545426048478323,12.167911294978936,8.265819780271688,118.19683774270142,1.1840606712783384,2,agv07_battery_hotspot.png,0.12054277953860695
2026-05-21 01:00:00,AGV-07,51.151540431736166,45.25105311337193,0.3168699529948428,23.44214636416212,11.237191704026154,9.023706247592877,126.30345001996842,1.1024254553886992,1,agv07_battery_hotspot.png,0.12786140539999266
2026-05-21 01:10:00,AGV-07,50.364191165711745,48.02355555817486,0.32299573966611733,23.632816330771554,11.8378335854878,9.422866141774058,117.29394684602339,1.1810861716033225,3,agv07_battery_hotspot.png,0.06023630139323042
2026-05-21 01:20:00,AGV-07,49.49985001385185,48.72592217116902,0.31704306033026064,24.001260441468094,11.783939575892507,9.548606913036593,124.671064178272,1.0779099749078893,2,agv07_battery_hotspot.png,0.06008119144262475
2026-05-21 01:30:00,AGV-07,47.75776258197284,47.64044762873873,0.29885494545733554,23.447922295489384,15.18399580259754,9.085530483317605,108.88108207278776,1.195570397111387,0,agv07_battery_hotspot.png,0.12944238034122033
2026-05-21 01:40:00,AGV-07,50.35529907872208,46.9432997314521,0.287794434156292,23.432285882166667,13.20483708989342,8.864467214315805,116.91181761703442,0.984236831907114,4,agv07_battery_hotspot.png,0.11434378555903062
2026-05-21 01:50:00,AGV-07,49.96386701418732,45.09418873308213,0.2891114227605485,23.106080209855765,10.735108505595859,8.745386083143828,120.9874334536292,1.0071734161344006,5,agv07_battery_hotspot.png,0.131716432056734
2026-05-21 02:00:00,AGV-07,51.669442671136004,49.450615296098164,0.2822708694400427,22.767336127868138,13.000046030382263,9.494033973617505,127.40225514173466,1.0882827995025626,3,agv07_battery_hotspot.png,0.12232619231630136
2026-05-21 02:10:00,AGV-07,50.57386621944765,48.978434353851675,0.29999198733487026,23.468378383650297,13.318596765465792,10.541011937287735,110.74870684981697,1.0830725561667376,2,agv07_battery_hotspot.png,0.11742842134300628
2026-05-21 02:20:00,AGV-07,52.35427727586355,47.187451145691476,0.3129141602986104,22.789242037035546,11.675076243645035,9.999863824680041,122.29818011221941,1.0383167399022832,0,agv07_battery_hotspot.png,0.11885670440538136
2026-05-21 02:30:00,AGV-07,49.14220465910244,48.01153399782595,0.31010137114560454,23.060178902012762,13.637250662314162,9.6887643602476,113.86917912587987,1.0094202786628854,1,agv07_battery_hotspot.png,0.09018516941085439
2026-05-21 02:40:00,AGV-07,49.14487665196644,50.566070881550125,0.29332790384245877,23.090596895086716,12.757544678629634,9.293562163022346,118.10770093305172,1.1194955092412189,3,agv07_battery_hotspot.png,0.08801919409680456
2026-05-21 02:50:00,AGV-07,50.18372998643209,48.317634870734366,0.3136563410398278,23.683860693791733,11.490142555252826,9.666150068710124,112.91428960160248,1.1332372333223986,1,agv07_battery_hotspot.png,0.06939991370719856
2026-05-21 03:00:00,AGV-07,48.685449219185216,50.832492573347835,0.32175447875785684,23.00351906090105,11.386199965538914,9.572076144529406,123.66711207965655,1.2589523036103865,1,agv07_battery_hotspot.png,0.07982104615585511
2026-05-21 03:10:00,AGV-07,51.24227460814306,49.30241932911574,0.31494139767801677,23.392478075993623,10.910226582232507,9.941917377665328,116.26854870110982,1.0434062869107597,2,agv07_battery_hotspot.png,0.084997039434868
2026-05-21 03:20:00,AGV-07,49.25837670960123,51.09613987500214,0.2521143737352875,23.376530784652072,14.000157652718256,9.679851897417114,135.30150507485436,1.121068518829548,2,agv07_battery_hotspot.png,0.10412357304307576
2026-05-21 03:30:00,AGV-07,52.534291116420654,51.289611385499185,0.3137265218730803,22.627686816971536,13.423769142576965,10.014491140047362,133.04892077964467,1.02765133775802,2,agv07_battery_hotspot.png,0.10118664593332716
2026-05-21 03:40:00,AGV-07,51.024607835723906,49.34352613088075,0.3305693075202194,23.434628033250497,12.253578802478021,10.15319466323682,115.14971207896603,0.8805909600238753,3,agv07_battery_hotspot.png,0.10042146954803405
2026-05-21 03:50:00,AGV-07,51.186773344149216,51.4225779261701,0.324945581528536,22.87559904169494,14.136307162448986,11.018869952497859,112.58101595443253,1.196150009430397,0,agv07_battery_hotspot.png,0.10811648143203069
2026-05-21 04:00:00,AGV-07,49.53956964051852,52.266697804750656,0.30448869994118183,22.910250052877547,11.936009703457188,10.30911188935914,117.84208220339926,0.9984004568831972,2,agv07_battery_hotspot.png,0.10040377519971404
2026-05-21 04:10:00,AGV-07,50.04166490560759,49.954432302698166,0.3360012578084288,22.648023580595797,15.194001347474938,11.035943580804057,124.15477063677707,1.2139271399197102,1,agv07_battery_hotspot.png,0.0909637870113401
2026-05-21 04:20:00,AGV-07,51.52716180786712,51.13309583791596,0.29258985968548346,22.992965798053387,12.334028292677077,11.567717139144953,120.48628298001043,0.821079500798613,0,agv07_battery_hotspot.png,0.09659678290791843
2026-05-21 04:30:00,AGV-07,50.545085048661726,52.76127215904546,0.3042355181055366,22.682721010494205,10.706718619435614,11.360305282987017,119.24877145029562,1.025767198712343,5,agv07_battery_hotspot.png,0.12710043540215615
2026-05-21 04:40:00,AGV-07,50.01505244864988,52.19726635194248,0.3327561173788379,22.814295842920927,9.150278989709477,11.15755004546757,114.23635943459954,1.1018252460856113,3,agv07_battery_hotspot.png,0.18014344774040347
2026-05-21 04:50:00,AGV-07,51.03791447759882,53.094727442926626,0.31255721035162354,22.849019953274873,12.752280660404157,11.744662370368196,121.29471578434081,1.0013057263498444,0,agv07_battery_hotspot.png,0.1692868494861161
2026-05-21 05:00:00,AGV-07,49.87752904357685,51.14142228038218,0.3418969131435508,23.24432400793457,13.472911184745914,11.105060943486423,114.40319353038109,1.07464368285518,2,agv07_battery_hotspot.png,0.1725634164751759
2026-05-21 05:10:00,AGV-07,52.38914805233262,49.09784302363783,0.35668924848564004,22.719078448791567,12.605940229583146,11.705959990420949,116.50989574255976,1.0801940236781093,1,agv07_battery_hotspot.png,0.13542363788452108
2026-05-21 05:20:00,AGV-07,49.41008278740877,52.21042896477347,0.3115471359166297,22.425206119291925,16.827222583380884,11.27006231654603,129.17092860237466,1.1419050734753462,4,agv07_battery_hotspot.png,0.20761237774100366
2026-05-21 05:30:00,AGV-07,49.38145654621227,52.696617311728595,0.36976064913215567,22.59669868082913,14.289040083728986,11.759643566637852,113.67986322547833,1.0012497206530533,2,agv07_battery_hotspot.png,0.1899999463211939
2026-05-21 05:40:00,AGV-07,50.449761716172105,53.75774044981819,0.3421875072818146,22.668257924662445,12.25490428124118,11.503237984579673,120.3935835024861,1.1960932178608261,2,agv07_battery_hotspot.png,0.12370354828992054
2026-05-21 05:50:00,AGV-07,49.31515271781178,53.74183842465041,0.3002741753376482,22.19803619301153,12.166297372907493,11.961128679504721,114.23885919871753,1.1163194024655168,3,agv07_battery_hotspot.png,0.13051207371274778
2026-05-21 06:00:00,AGV-07,50.548540355734985,53.83090166116563,0.3343679465073957,23.093387858053298,12.106475507874626,11.677414546768869,117.9269983149372,1.1843971024405595,3,agv07_battery_hotspot.png,0.1405509904346754
2026-05-21 06:10:00,AGV-07,53.14510688478495,53.73943264212022,0.31665810947676853,22.159824026031245,14.799768717224167,11.968565139794157,127.75872691871928,1.1838548926313626,5,agv07_battery_hotspot.png,0.1392530872203356
2026-05-21 06:20:00,AGV-07,49.3420310590537,51.06185439745406,0.34970685484420555,22.889104611336364,14.595773599751007,12.961611484194659,130.20099523728913,1.1346052310087034,5,agv07_battery_hotspot.png,0.09855775087265607
2026-05-21 06:30:00,AGV-07,51.351799836640225,51.09961394376132,0.32147314329538174,22.441750066859928,13.1146984412594,12.150625531848487,124.08428302760989,1.1470876256738434,4,agv07_battery_hotspot.png,0.09400880734376339
2026-05-21 06:40:00,AGV-07,51.72035911071465,52.63185067624922,0.3286094145038232,22.729757238191166,16.824391947691637,11.93273698010421,132.73619918860868,0.9599928765598262,1,agv07_battery_hotspot.png,0.13106600424036613
2026-05-21 06:50:00,AGV-07,49.40102618032418,53.90832944932181,0.36544566285430274,22.63264579413466,13.242258779392564,11.583309033495027,108.74361175200843,1.1409140922775995,2,agv07_battery_hotspot.png,0.11786742838479616
2026-05-21 07:00:00,AGV-07,51.62757100779919,51.76976880423701,0.35360016187513066,21.903979221481116,14.552905607563604,12.212667003184231,118.89331774386898,1.1820981934737902,2,agv07_battery_hotspot.png,0.09240346510771139
2026-05-21 07:10:00,AGV-07,55.02009477042239,54.590950140167834,0.3413398725959755,22.314652835153463,12.145592175112089,12.365829202677721,121.65711549422855,1.0869199406273045,3,agv07_battery_hotspot.png,0.11626178041578468
2026-05-21 07:20:00,AGV-07,53.05346575103966,51.14703419013572,0.3193087549435969,22.81616738243719,13.164825456288856,11.741618058265514,117.12693582162338,1.1884842582801158,4,agv07_battery_hotspot.png,0.11926793719134848
2026-05-21 07:30:00,AGV-07,52.698541807403394,51.92393425013612,0.3465257888516507,22.566914524001405,13.536175304314952,13.242029463845505,121.3066774454203,1.1469973540331886,2,agv07_battery_hotspot.png,0.11662752475162465
2026-05-21 07:40:00,AGV-07,52.543317206829215,51.70746171934897,0.313102083517646,22.48486175660955,12.851476767842646,12.204326559535914,131.47066270927877,1.0544828216046236,7,agv07_battery_hotspot.png,0.060054254114749094
2026-05-21 07:50:00,AGV-07,51.01457121555049,55.50352087953812,0.3612567790665086,22.235264606596814,11.672025690689559,12.73351921905483,125.03488506743113,1.1955935822330763,3,agv07_battery_hotspot.png,0.07883117367543134
2026-05-21 08:00:00,AGV-07,52.290677059503295,52.86486501981386,0.2970767573891546,22.135067440537984,13.106382673887827,13.426134304704332,130.04957951530946,1.0724160040103545,3,agv07_battery_hotspot.png,0.054971534086483684
2026-05-21 08:10:00,AGV-07,50.54538408229726,52.33937058448452,0.3505620629289686,22.428292241241614,13.730096685201458,13.037075532836658,113.06492332093227,0.8985936725762238,1,agv07_battery_hotspot.png,0.055893342290277856
2026-05-21 08:20:00,AGV-07,52.15808840698308,55.36075125369394,0.34477318233375265,22.312521855248185,13.17551724026036,13.25384330241237,123.8767310307142,1.1685619374218483,3,agv07_battery_hotspot.png,0.05592163547655272
2026-05-21 08:30:00,AGV-07,52.07936932439193,56.36373314167712,0.34845013160178484,21.99411163266924,14.656352591922168,13.368006230489698,112.46547982842135,0.9633801662331083,2,agv07_battery_hotspot.png,0.07475467655751282
2026-05-21 08:40:00,AGV-07,52.550769770275515,53.719516709494236,0.34156928845221113,21.548220325649943,15.839848454031193,13.211431260979545,111.90575059421732,0.9435023628499903,5,agv07_battery_hotspot.png,0.10445595837012787
2026-05-21 08:50:00,AGV-07,52.883020502982326,56.52710388002558,0.33724631689283685,21.671734280717065,11.612316685415852,13.229801038424597,131.3272988961586,1.2852697094852883,1,agv07_battery_hotspot.png,0.1057744365118524
2026-05-21 09:00:00,AGV-07,51.57058830165356,55.96097820536523,0.381159214273667,21.921719055976123,15.689778765888988,13.980701864563017,145.19718408907633,1.071847129013568,3,agv07_battery_hotspot.png,0.11440348737764287
2026-05-21 09:10:00,AGV-07,51.69230225283367,56.48739377060256,0.32955138360947284,21.86180670010844,12.944997515964154,13.081944220129408,109.65323586932135,1.1087781199849838,3,agv07_battery_hotspot.png,0.12033689084249617
2026-05-21 09:20:00,AGV-07,52.07798359825835,56.77526595304214,0.36047241972136973,22.15723663446046,12.555127081311769,13.631341387791863,126.61511375853367,1.1676104929294833,1,agv07_battery_hotspot.png,0.12678488694584927
2026-05-21 09:30:00,AGV-07,50.777734503860195,53.77562804578197,0.36827398626025404,21.578676045628775,16.336958305605087,13.896275375134865,112.18703747309155,1.0543874306505399,4,agv07_battery_hotspot.png,0.1427692451688377
2026-05-21 09:40:00,AGV-07,51.456434719187186,54.18025459312605,0.366640168674187,21.556170174923516,14.224504611583436,14.042884414254818,118.21579454986878,1.1684486133552996,3,agv07_battery_hotspot.png,0.1334967865532294
2026-05-21 09:50:00,AGV-07,51.83056002380894,56.118875158819286,0.3884763762675312,21.840691962262078,9.807649623469704,13.918140828070843,119.81155679823397,1.1825923583030655,2,agv07_battery_hotspot.png,0.17455718212215077
2026-05-21 10:00:00,AGV-07,52.51679165810974,54.33748769308841,0.34780597947365366,21.542506573624653,13.59569599578017,13.825655250272908,123.49939588578347,0.9617104080727463,1,agv07_battery_hotspot.png,0.16202438593177376
2026-05-21 10:10:00,AGV-07,48.34219066233226,56.93888896290045,0.3656150661185137,22.34993855838715,9.047206528498034,14.362735218350128,118.83720462148892,1.0345450460163619,4,agv07_battery_hotspot.png,0.21893759197827714
2026-05-21 10:20:00,AGV-07,50.97523577923563,55.667322761959866,0.35301175591780953,21.975028529666915,13.850608951918641,14.741988037867166,117.74207526461417,1.155982844882806,3,agv07_battery_hotspot.png,0.21888703801820228
2026-05-21 10:30:00,AGV-07,50.81426342556671,55.49184945571598,0.3773119382160292,21.805141652755914,14.124916378426468,14.824941191966435,117.6027777946815,1.0860457957072098,2,agv07_battery_hotspot.png,0.18948318087876526
2026-05-21 10:40:00,AGV-07,53.81078512372407,56.800732736092435,0.3622423198584574,21.93949815508616,16.09665264762091,14.496988183269641,122.45631389801457,1.1476252760087222,4,agv07_battery_hotspot.png,0.2143999680515073
2026-05-21 10:50:00,AGV-07,53.05839382010231,55.97278492504234,0.35462430625599617,22.256882220982703,13.030289875874633,14.437406059026516,132.19613744892723,1.1826422324191768,3,agv07_battery_hotspot.png,0.17500533567943294
2026-05-21 11:00:00,AGV-07,54.27793252404063,57.785313316944666,0.3589349778967554,21.277690280073173,13.205254040775632,14.30361365710762,123.78466137596045,1.1101630053533427,0,agv07_battery_hotspot.png,0.17550527802935806
2026-05-21 11:10:00,AGV-07,53.95755453652188,57.34272672248773,0.37999836881350785,21.56318301132526,10.963710316857583,15.270425157747784,122.44120668699978,1.2182713431874403,4,agv07_battery_hotspot.png,0.12346523264235089
2026-05-21 11:20:00,AGV-07,52.8646501594017,54.77978381776937,0.3141285144139998,21.81736990123115,12.82931605156304,14.615193623701824,106.39498200278898,1.0023054260618118,1,agv07_battery_hotspot.png,0.1261290726338316
2026-05-21 11:30:00,AGV-07,52.27010672165878,57.86594960269245,0.36957681743555537,22.230671922403566,11.12570454318919,14.962379560515604,108.90585431329852,1.1881058892057434,4,agv07_battery_hotspot.png,0.14416908422194485
2026-05-21 11:40:00,AGV-07,52.75895900380575,57.075577200521174,0.3936660815656743,21.67903607445735,9.3219882846867,15.080555296893934,130.22624757967588,1.4544065010959781,6,agv07_battery_hotspot.png,0.1309252635714217
2026-05-21 11:50:00,AGV-07,52.36938946178305,58.492049144903,0.37676817427067577,21.360710344986938,13.16474278581625,15.156816830200464,118.53167742386827,1.0664833026773617,3,agv07_battery_hotspot.png,0.1326524115263718
2026-05-21 12:00:00,AGV-07,50.87167194193688,59.0142116612845,0.3675383584025908,21.686091097823343,14.181505697277247,15.069738423807527,134.00908477931554,1.021192374609633,2,agv07_battery_hotspot.png,0.14892034632950366
2026-05-21 12:10:00,AGV-07,53.194686346580475,55.638028089170895,0.3522594545173747,21.990009107865855,14.126362186181725,14.725108371555779,111.47453841744347,1.2163229755140779,4,agv07_battery_hotspot.png,0.15230133616225755
2026-05-21 12:20:00,AGV-07,52.61939740615969,59.974950503557245,0.36926464946045723,21.71657099597861,16.323315411128796,15.227633420003478,107.84168957318406,1.0595904688167601,2,agv07_battery_hotspot.png,0.1902218599001275
2026-05-21 12:30:00,AGV-07,53.206260788556676,58.82186743689343,0.3844756183558071,20.99193320817443,12.37879318833969,15.712500409083006,128.5308151295619,1.0032718889705377,1,agv07_battery_hotspot.png,0.17628348608819072
2026-05-21 12:40:00,AGV-07,54.547552213618346,56.796888374513074,0.34627385345694817,22.013495869169216,14.331548365875227,15.86052237466932,132.25904306070098,1.0256728232641104,2,agv07_battery_hotspot.png,0.09440619287952456
2026-05-21 12:50:00,AGV-07,55.112835820031556,58.7960406885987,0.39711747482589904,21.455393068412217,13.430013282631652,14.702620495007032,122.63295370733836,1.1910944403839476,6,agv07_battery_hotspot.png,0.09179733295487603
2026-05-21 13:00:00,AGV-07,53.02999801530828,59.11771989217061,0.39379843947493576,21.707418602211437,15.533113381060524,16.308239709022427,118.4553434079471,1.2605611383241877,6,agv07_battery_hotspot.png,0.09889880491677545
2026-05-21 13:10:00,AGV-07,52.25980564409944,59.46024429535751,0.3783591740523408,21.450346068962073,13.980754124279922,15.70113320257985,127.51765993556472,1.0608843627747158,2,agv07_battery_hotspot.png,0.09947797848745006
2026-05-21 13:20:00,AGV-07,53.53533028194161,56.945471367837726,0.3845380121942933,21.649195033678236,13.346118668875928,16.511115195139677,125.36814243934217,1.103352628747832,6,agv07_battery_hotspot.png,0.07701349580133754
2026-05-21 13:30:00,AGV-07,54.217672453354844,58.449637796207526,0.3558286378605206,21.154864541671778,14.069210105011043,16.03080572239425,128.83997761443533,1.1342225579424345,3,agv07_battery_hotspot.png,0.05612900274412347
2026-05-21 13:40:00,AGV-07,54.64899587495212,57.88513601665083,0.3616353225101486,21.292628833117416,13.252684957158863,16.705793551769737,114.67360103918584,1.061152009322852,4,agv07_battery_hotspot.png,0.061239757638614764
2026-05-21 13:50:00,AGV-07,53.381087626347274,57.15249117641177,0.3783839052065518,21.36628837501232,8.6002379379334,16.194333165919776,100.10034593035097,1.0803487085573833,8,agv07_battery_hotspot.png,0.1801016505325259
2026-05-21 14:00:00,AGV-07,55.23479270350292,58.25094112836817,0.3748730700047816,21.29629108283007,10.92235967702473,16.531554414708403,114.06332724061778,0.9295224255771957,2,agv07_battery_hotspot.png,0.17544867631579858
2026-05-21 14:10:00,AGV-07,53.93163239637892,59.29947967792017,0.40138865461372175,21.226574146814293,14.949062754923013,16.408047092037854,112.7987181770107,1.1652228200116697,4,agv07_battery_hotspot.png,0.18705195847938552
2026-05-21 14:20:00,AGV-07,53.6793284284108,58.961863001034004,0.40598194076749416,20.873235608135033,10.051096524044631,16.932720264109367,119.57795913599388,1.1180871111482433,3,agv07_battery_hotspot.png,0.20815388209807764
2026-05-21 14:30:00,AGV-07,53.46730274436055,59.185709267254644,0.4120015511973452,20.913952116657743,14.792787096382025,16.32653757413899,119.89197404325618,0.9328852835204652,7,agv07_battery_hotspot.png,0.2172789787130147
2026-05-21 14:40:00,AGV-07,53.07393423844697,58.379277569511856,0.39738938001736407,20.9858894426173,16.68071905213278,16.800425814783072,114.18252093877705,0.9324419550375906,4,agv07_battery_hotspot.png,0.25525072583911873
2026-05-21 14:50:00,AGV-07,52.20327144705501,60.928068770188375,0.37636152244875076,21.149610552329314,13.518650296179564,16.73183422568857,122.47426082570874,1.2123176946601684,5,agv07_battery_hotspot.png,0.1888374006784484
2026-05-21 15:00:00,AGV-07,52.73714484095248,58.30804519606818,0.3391545153235651,20.844816374205912,15.643706965236658,16.65982335416999,120.69684975444777,1.2464704483741247,5,agv07_battery_hotspot.png,0.16219983785203038
2026-05-21 15:10:00,AGV-07,54.0977252687841,60.92184259832935,0.384006694601536,20.807784891413146,16.900903884234715,16.762896619852143,135.62447756431916,1.1035142224620873,6,agv07_battery_hotspot.png,0.17494844171162435
2026-05-21 15:20:00,AGV-07,52.7176080709853,59.018892919578754,0.3973552092712766,20.86640380345857,14.622920260287927,17.22425441953828,128.62500316635817,1.1846839945469165,9,agv07_battery_hotspot.png,0.0846595333236104
2026-05-21 15:30:00,AGV-07,53.52271401588736,57.91898018820317,0.39031819782367805,20.861659673448635,12.498747032301681,17.194199213833997,116.40873290149595,0.9901813616221851,5,agv07_battery_hotspot.png,0.11733584629124685
2026-05-21 15:40:00,AGV-07,53.84337862939929,57.94151157019937,0.3683623643178208,21.244937917582796,11.693514405683759,17.22513984633728,119.53958823809472,1.2074529790229933,8,agv07_battery_hotspot.png,0.13845644418596406
2026-05-21 15:50:00,AGV-07,54.511392907329025,61.52238782482958,0.3998415338938554,21.36020206396294,14.124013014659718,17.642427890223214,127.43140048513477,1.0128310384431192,3,agv07_battery_hotspot.png,0.13583692269609407
2026-05-21 16:00:00,AGV-07,53.13943409958973,62.09261360227812,0.40740532670516844,21.551114705088587,13.87941664376756,17.773968384359264,116.83962518264346,0.9962671286230281,4,agv07_battery_hotspot.png,0.12977118147326136
2026-05-21 16:10:00,AGV-07,55.58287048877527,62.90387125565368,0.40046549706441986,21.10473295215593,16.431516851006176,17.570112630253128,117.6532810828901,0.9499197984737826,8,agv07_battery_hotspot.png,0.11977892338218996
2026-05-21 16:20:00,AGV-07,54.561233801253664,58.25276166835303,0.4351622104556516,20.750562540494908,8.415664408381401,18.544750098791695,113.63425869183511,1.0989760602182777,4,agv07_battery_hotspot.png,0.21080172182958404
2026-05-21 16:30:00,AGV-07,55.20460921509976,62.27547638743563,0.4011732555169706,21.468270234702157,13.159907565078246,17.786715494126796,125.72189267112986,1.0968738585845754,11,agv07_battery_hotspot.png,0.20875802494923826
2026-05-21 16:40:00,AGV-07,52.11635333736488,60.89182305878483,0.41729569080169193,21.531135543436424,10.701090562044932,17.836926000459336,117.12240931221336,1.0573428747169427,4,agv07_battery_hotspot.png,0.22084386072865236
2026-05-21 16:50:00,AGV-07,53.4623297948926,62.836080088695205,0.4134682643094696,20.45227600717996,15.971987418596871,17.807831941808445,126.9020367356215,1.1516557044799836,10,agv07_battery_hotspot.png,0.23578999158488742
2026-05-21 17:00:00,AGV-07,53.7806672996046,60.52720277120783,0.4381936015701397,20.51459629127816,14.039965565269673,18.269594056384864,112.2227022564534,1.0891472157435154,5,agv07_battery_hotspot.png,0.23598437476812584
2026-05-21 17:10:00,AGV-07,55.88884461165656,59.01323975602921,0.39259694389340055,20.750276029948868,12.784408158325869,18.950519460017055,121.28892767084942,1.1740125664105245,4,agv07_battery_hotspot.png,0.2110294987842698
2026-05-21 17:20:00,AGV-07,54.06832261261703,62.876936032025064,0.40690381455862445,21.21288227462077,15.715729546952307,18.156533962610247,118.71185939470064,1.0666685005491996,5,agv07_battery_hotspot.png,0.1436953578533408
2026-05-21 17:30:00,AGV-07,55.5921025546186,62.26143225796298,0.4100471736125039,20.993129490699108,9.461483999266344,18.992177119223282,121.50167558502339,1.3090184824766062,7,agv07_battery_hotspot.png,0.20196458246087223
2026-05-21 17:40:00,AGV-07,54.94128195915141,60.1828405713754,0.43242300782999266,20.718438012817245,18.284103503619423,18.09676730954885,129.41159060293018,1.0645220112649643,5,agv07_battery_hotspot.png,0.21192998029673193
2026-05-21 17:50:00,AGV-07,55.329131926521534,63.42480836409478,0.4411873140952951,20.8313102767138,11.130110887950968,18.61989170279402,111.12585130826267,1.0828241952640039,11,agv07_battery_hotspot.png,0.2342039644496772
2026-05-21 18:00:00,AGV-07,54.285725782946095,63.08039372014381,0.41078925301407704,20.868118486575035,12.732475883682795,18.663296482429494,118.39451825299736,1.1042013229553476,4,agv07_battery_hotspot.png,0.2384829047504799
2026-05-21 18:10:00,AGV-07,55.69706369524209,65.43524413679185,0.4352290512700732,21.42077156944975,11.405470329251541,19.151859451865924,122.97733409892886,1.018061316950121,4,agv07_battery_hotspot.png,0.250081612879961
2026-05-21 18:20:00,AGV-07,53.301931864324615,65.18690795393653,0.404546300869391,21.034157516661168,15.061737404324571,19.388156297603864,112.3358247385177,1.1606323922008288,3,agv07_battery_hotspot.png,0.24496149846274387
2026-05-21 18:30:00,AGV-07,54.49760523361683,61.52764974834506,0.4303727555590103,20.90376572061353,11.958521315205815,18.98456967178495,115.40318513453288,1.223339193240938,10,agv07_battery_hotspot.png,0.2060060666381024
2026-05-21 18:40:00,AGV-07,54.22786820930285,61.675967469861995,0.43135455413479473,21.112997274589183,15.151561198484032,18.59100162213363,116.44941216246934,1.1103381996212096,4,agv07_battery_hotspot.png,0.13869881622899163
2026-05-21 18:50:00,AGV-07,53.295354096029314,62.9619070741363,0.4398438731069164,21.176013900165636,13.40536967667346,19.441905933956896,128.05186663992228,1.0283125729287526,5,agv07_battery_hotspot.png,0.11782649993209769
2026-05-21 19:00:00,AGV-07,55.10820853736829,65.54310005309559,0.39511782603484513,20.228528177275475,13.476854262905267,19.260737613916678,121.52178577475915,1.1063403510860494,6,agv07_battery_hotspot.png,0.11499856289399903
2026-05-21 19:10:00,AGV-07,55.7838348213527,65.58765719542343,0.36766806231653587,20.752656717354245,10.035217818878605,19.96502662885425,110.65590460925036,1.1499110506798942,6,agv07_battery_hotspot.png,0.1476851280491422
2026-05-21 19:20:00,AGV-07,54.346641851230316,63.89326057607591,0.3884489201271752,20.89858340860478,15.556952284083202,19.04570383536778,119.45437975733864,0.9655310799750048,8,agv07_battery_hotspot.png,0.15456238401064745
2026-05-21 19:30:00,AGV-07,54.76166003236214,65.82573999119586,0.41400207497424185,20.50120928222986,9.26622515348951,19.61827230334503,118.70656058228404,1.1374062088131045,8,agv07_battery_hotspot.png,0.2037362290713787
2026-05-21 19:40:00,AGV-07,54.93542199634028,63.836930923738514,0.4413575558966529,20.758895765882556,17.91300872821059,20.313904707689556,115.26499146925526,1.1167616985529378,8,agv07_battery_hotspot.png,0.24603558124257466
2026-05-21 19:50:00,AGV-07,54.8147432147037,63.28626409605621,0.41024274242687325,20.605108261220117,14.507296983845013,19.638827227054044,106.65587885065835,1.1388424613677508,8,agv07_battery_hotspot.png,0.24561287271527873
2026-05-21 20:00:00,AGV-07,55.91192437835179,65.14465003682187,0.4206710161618626,20.430617720391226,13.909052220162721,19.940661128476872,124.50271997057283,1.0781261987049182,7,agv07_battery_hotspot.png,0.24468706538143115
2026-05-20 20:10:00,AGV-08,34.24520211462875,27.70704831441553,0.13494282464053206,25.245754676004935,10.020165200444572,5.59455841733135,147.74656635890074,1.0574860080358695,1,normal_agv.png,
2026-05-20 20:20:00,AGV-08,34.92821252153617,27.969485087362134,0.1433284566262078,24.968563732532786,9.80992120731656,5.057449710097511,144.54704396416776,1.0883649885512263,0,normal_agv.png,0.014993878510925294
2026-05-20 20:30:00,AGV-08,36.342803599628795,26.309882157999926,0.1332956888665463,25.071763215910394,9.851676176787043,4.676435897279805,144.54502572085627,1.2190185382324787,0,normal_agv.png,0.011249969507057473
2026-05-20 20:40:00,AGV-08,36.00440010732408,27.33056256113592,0.15131841454468403,25.192101557505893,10.233749668116912,4.753688021364217,152.69613262599842,1.1254378549083839,0,normal_agv.png,0.019310010799475166
2026-05-20 20:50:00,AGV-08,37.52545180088231,27.01138099978962,0.13116749398034389,25.089480978385538,10.489494441585409,4.5380664849926395,144.28327414169422,1.2324875215078934,0,normal_agv.png,0.028055873376698653
2026-05-20 21:00:00,AGV-08,36.80420056374746,26.75416686626949,0.11300015957064619,25.266987124606707,10.796432997206932,5.476947471853011,135.1537143539992,1.183965229864451,0,normal_agv.png,0.03788107492671225
2026-05-20 21:10:00,AGV-08,35.17609776817336,27.40344029965349,0.11504211296222262,25.392559325971934,10.428736895061448,4.980736011917016,123.56798920143413,1.1603435242740079,0,normal_agv.png,0.03742672995035133
2026-05-20 21:20:00,AGV-08,36.77403066858134,27.02007820490414,0.12951239309766663,25.543535076738596,9.900965152344918,5.70092779854782,100.77599748381658,1.250742714654579,0,normal_agv.png,0.03538118069072366
2026-05-20 21:30:00,AGV-08,34.91089868194285,27.075060031877083,0.11955246477391349,25.495102498105485,10.25594233241586,5.731093665297027,141.31789158211336,1.2132687221438938,0,normal_agv.png,0.02894916384903759
2026-05-20 21:40:00,AGV-08,37.58005328340194,26.075814229194826,0.12879305010953998,24.932995548249316,10.441742531400218,5.51488988490323,124.3502610655822,1.1329653134104227,0,normal_agv.png,0.02844227775763429
2026-05-20 21:50:00,AGV-08,37.24226284615457,27.514442359198394,0.13059910801975705,24.980800831436266,9.774520895884356,5.365926633060933,138.8481167122352,1.2996032806578606,1,normal_agv.png,0.03679881826383842
2026-05-20 22:00:00,AGV-08,37.39534888761346,27.659954976865055,0.17380504443965147,24.96611449330066,10.488209537523318,6.313679558702189,141.57346567673076,1.0950764827170398,1,normal_agv.png,0.029887832545839425
2026-05-20 22:10:00,AGV-08,34.43136138740002,27.19221160369521,0.11712741371075597,25.02604210677454,10.27652241004576,5.880851335780736,135.54248242069838,1.2896548565138075,0,normal_agv.png,0.02845351637904358
2026-05-20 22:20:00,AGV-08,36.54895937712317,27.20950888380738,0.14369590416556807,25.089380497731547,9.80439362780298,5.47725921352955,138.23865802289222,1.2728201345226289,0,normal_agv.png,0.03057657195594901
2026-05-20 22:30:00,AGV-08,34.89937826221491,26.971084840161392,0.14024062511905758,25.03021168285317,9.588499499106742,5.734152422853702,141.55654197099733,1.1348251477409863,0,normal_agv.png,0.03836368966587112
2026-05-20 22:40:00,AGV-08,38.1933627842174,27.98109017339439,0.10712777144735353,25.360775375215322,10.715749174655082,5.7581987858455435,134.52808211117508,1.1086308210465108,0,normal_agv.png,0.04458702076158116
2026-05-20 22:50:00,AGV-08,36.24033247110886,27.280528575352207,0.13655707666270242,25.205434959387166,9.697797829951357,6.570407005386827,145.91717726781988,1.2548525114010969,0,normal_agv.png,0.04585939692495615
2026-05-20 23:00:00,AGV-08,36.096438122295,26.70471587673738,0.16301020063865357,25.20179364266494,10.31736526454364,5.997297316946607,145.3080158367273,1.2352118288559806,0,normal_agv.png,0.04356573739827706
2026-05-20 23:10:00,AGV-08,36.87084149392466,27.48265996166102,0.1390191033948677,25.17295196014552,10.315723964582682,6.54303992329679,154.58432703426777,1.1750826244080639,0,normal_agv.png,0.04393697439811415
2026-05-20 23:20:00,AGV-08,35.61572438846768,25.786039172028516,0.13251839710067453,25.196882036399657,9.842479566024323,7.279490158916103,128.9054444455378,1.2108548362765532,0,normal_agv.png,0.04347518428226386
2026-05-20 23:30:00,AGV-08,36.885121775209775,27.389632434037704,0.11000192748410112,25.233595197334946,10.41209007462387,6.497924105071115,131.52685972148862,1.1124404511332082,0,normal_agv.png,0.03705060245525484
2026-05-20 23:40:00,AGV-08,38.689708848240286,28.214892125765655,0.11554369313998236,25.314193327377456,10.460549183894988,6.654129615167918,135.56570581764964,1.1916864390816928,0,normal_agv.png,0.03157768072443855
2026-05-20 23:50:00,AGV-08,38.535945293784046,28.278017431215922,0.15407770953134786,25.212446661062415,9.595182649380536,7.478100628396049,151.0027518014524,1.1966807116338096,0,normal_agv.png,0.034743518418280474
2026-05-21 00:00:00,AGV-08,38.92819295202718,27.876215193390617,0.15332612398770856,25.197787781357565,10.862528489188454,7.046034399684995,146.54388134060764,1.2346627306751408,0,normal_agv.png,0.04460875392058676
2026-05-21 00:10:00,AGV-08,38.3230004267115,27.294179284835497,0.13304206645374353,25.151959541138794,9.653026682287468,7.4327678277572975,122.81069587046153,1.2181545555040199,1,normal_agv.png,0.050707998529762696
2026-05-21 00:20:00,AGV-08,37.095588415517014,27.334675666568067,0.12079504523661504,25.08315412414609,10.518955030211382,6.827976400209644,131.68074176066563,1.2438191182990048,0,normal_agv.png,0.04980763032054486
2026-05-21 00:30:00,AGV-08,37.71923913665089,27.977285942573562,0.1126298128784523,25.44274690129033,9.802569355031608,7.902429544951056,134.3255271877165,1.189392515630293,0,normal_agv.png,0.05243201212835701
2026-05-21 00:40:00,AGV-08,39.15504123295451,29.03706875014088,0.1350214915259051,24.768052508078558,9.017291637985268,6.8518263545128395,161.96089559296814,1.1508769470760472,0,normal_agv.png,0.06772922890997297
2026-05-21 00:50:00,AGV-08,36.856343375954694,28.161658291541794,0.14901098926392436,25.07069839858055,9.871574190332986,6.935811165807688,143.91881262245585,1.2185089859473033,0,normal_agv.png,0.0657576724265767
2026-05-21 01:00:00,AGV-08,37.8674508455753,28.109326488159798,0.11886639215591671,24.962016924821064,10.547045190077986,8.12147315073824,139.28660001499597,1.1812393971883286,0,normal_agv.png,0.05805477390535414
2026-05-21 01:10:00,AGV-08,39.03415583389595,28.054575527340734,0.15501777578855466,24.935992320490026,10.029386962870621,7.157114070060857,156.7427076607113,1.3017816302213239,0,normal_agv.png,0.05646873962026705
2026-05-21 01:20:00,AGV-08,36.28801373733081,26.63516164962839,0.13276241540178532,25.01254224592082,10.479751856910543,7.262816804891142,134.31827772077705,1.219511275329636,0,normal_agv.png,0.055747657073958214
2026-05-21 01:30:00,AGV-08,35.541882883869164,27.62446095670488,0.15784125263382512,24.935908775424213,10.232712277010076,7.085860486455,146.621687539475,1.1820632582564745,0,normal_agv.png,0.05571661103273511
2026-05-21 01:40:00,AGV-08,38.57882986762938,28.833848367193788,0.10311002373403055,24.966628962909137,10.478652017276985,7.428924829755678,141.73769201957273,1.2515510762830546,0,normal_agv.png,0.02691442461344656
2026-05-21 01:50:00,AGV-08,37.27846444710154,27.666011178531996,0.12729504140246303,25.307812355547398,10.628624331919395,8.193710827851914,149.21936378007618,1.2670833182047407,0,normal_agv.png,0.021578153851572534
2026-05-21 02:00:00,AGV-08,36.15273406031333,27.652855294370546,0.1609352963155909,25.11040627021068,9.707908821656513,7.336825102219436,158.86721559257552,1.2366654351300352,0,normal_agv.png,0.033502487986654346
2026-05-21 02:10:00,AGV-08,37.62138594065293,29.222580003929263,0.15700796685353405,25.26654461311097,9.725166177163183,7.987725610690424,122.95378041822885,1.2277637166077495,0,normal_agv.png,0.03937371066594507
2026-05-21 02:20:00,AGV-08,38.37587073700986,28.696908434262372,0.15596142718849407,24.988243677511047,9.270330474267464,7.7097279714386975,144.81171557579228,1.1603827921596213,0,normal_agv.png,0.052333630703770395
2026-05-21 02:30:00,AGV-08,36.562182212009716,28.15935778873926,0.16392049415180412,25.293281856865146,10.311604203727907,8.272685614240984,144.508123363318,1.1462293873202138,0,normal_agv.png,0.05303604471261677
2026-05-21 02:40:00,AGV-08,38.09390557036841,28.394532417453064,0.11183479362779841,25.218283122588172,9.937219849896046,7.980111154836729,134.606142729185,1.1123328669596833,0,normal_agv.png,0.048509301378672084
2026-05-21 02:50:00,AGV-08,36.11411677697471,27.98787695563248,0.16289790516979705,25.119377471216108,10.67952217237132,8.335653814218137,126.35323674099459,1.295356477411438,0,normal_agv.png,0.049974742035091974
2026-05-21 03:00:00,AGV-08,37.4439444252355,28.45047792702582,0.15298470409000106,25.01480543676736,10.066262192407859,8.34939762166869,137.94786993774036,1.1106839315852761,0,normal_agv.png,0.0484871570927127
2026-05-21 03:10:00,AGV-08,37.920523791636334,27.859668687699532,0.1413047177322875,25.29708778064168,10.146945061765587,8.10855823466423,143.5891758374066,1.23068419229657,0,normal_agv.png,0.04643411005024378
2026-05-21 03:20:00,AGV-08,39.65285887316236,27.287447396031794,0.1555431324541801,25.393091221163036,10.600244180331204,8.256265138388422,153.6078635547914,1.2140538969993424,0,normal_agv.png,0.02893981559982818
2026-05-21 03:30:00,AGV-08,36.67333605888729,28.515024647410186,0.13903223609825602,24.62494280343138,9.686225634237024,8.609257589627257,160.05196340235446,1.1750860520517163,1,normal_agv.png,0.03783662209287544
2026-05-21 03:40:00,AGV-08,38.16623737764799,27.120616839579114,0.15084582070222594,25.140965662760227,9.62705557419472,8.733245823506078,145.62910660285084,1.1252806432290434,0,normal_agv.png,0.04362303604342246
2026-05-21 03:50:00,AGV-08,37.853204523066275,29.206144499640953,0.1382386103720984,25.444168576506144,9.986024525992779,9.123366890362602,134.67541015931602,1.2071358557290057,0,normal_agv.png,0.03520124778079111
2026-05-21 04:00:00,AGV-08,37.757407306642754,26.897217980260063,0.1210997479021212,25.212936860202756,9.510057375209296,7.855074287659168,144.72815069927833,1.2599056944944622,0,normal_agv.png,0.04096955574754577
2026-05-21 04:10:00,AGV-08,38.18012662706435,27.53783832389982,0.16005334779033203,24.85846842636663,9.907922987701545,8.582890189969428,135.68177450575058,1.1781097911685385,0,normal_agv.png,0.03966661200414086
2026-05-21 04:20:00,AGV-08,36.36178939411947,27.88012770825084,0.16678492724135754,25.1097502611482,9.714355740533716,9.559061640978973,142.2623808866742,1.167519091729569,0,normal_agv.png,0.018247394448099228
2026-05-21 04:30:00,AGV-08,36.92858683281563,28.293497916189192,0.12031514306568841,24.981499659403422,10.366752691919388,9.1026401128081,149.83735511395648,1.1316300286595946,0,normal_agv.png,0.031203585241835186
2026-05-21 04:40:00,AGV-08,36.07966159264344,28.66591855398594,0.16772233656929875,24.940060241977072,10.067112555973745,9.23889772346874,142.83130822319524,1.3806285040206117,0,normal_agv.png,0.02974842475606172
2026-05-21 04:50:00,AGV-08,35.70502611494109,28.805308461061593,0.18675036338544926,25.077877804779355,9.848083336989232,9.749595451278834,152.42409307896204,1.1589498202908572,0,normal_agv.png,0.029787489000340183
2026-05-21 05:00:00,AGV-08,37.92717461575336,29.09814451328528,0.19705805370209745,24.840872212699168,10.648352461730834,9.6950965796103,147.36763345167896,1.3588755820870406,0,normal_agv.png,0.03493816052381477
2026-05-21 05:10:00,AGV-08,37.63650050234685,30.550365961527362,0.13222054651561538,24.832313359617835,10.494419918253167,9.612834400824365,139.46873861245544,1.3693442443971082,0,normal_agv.png,0.036515519440720956
2026-05-21 05:20:00,AGV-08,38.29222146292526,27.851997499900516,0.18755652916895024,25.422306075394374,10.658060236341226,9.613839703867873,115.56854694769268,1.2478481423808925,1,normal_agv.png,0.03167099602537278
2026-05-21 05:30:00,AGV-08,37.777023346954834,28.66850623504847,0.18101339046430134,25.047163478599856,10.211362222273056,8.897964756496924,131.5891187298803,1.0877383176207642,1,normal_agv.png,0.032162408067732184
2026-05-21 05:40:00,AGV-08,40.66584854281975,28.82902843327608,0.15542866808832068,25.318758401600316,10.4693410693433,10.153105505422152,152.7465312403834,1.3065625449304987,0,normal_agv.png,0.02986829079602562
2026-05-21 05:50:00,AGV-08,37.7708749500784,28.683110375201476,0.14990271518384207,24.873908944924363,10.88328869118433,10.22330030132895,131.82798930497987,1.104197415098787,0,normal_agv.png,0.021425920157419117
2026-05-21 06:00:00,AGV-08,38.75991018838807,27.295309018761913,0.16807766372907992,24.984582048390802,10.356449478262329,9.278066538674185,133.5803363266752,1.1330383922847107,1,normal_agv.png,0.022345830165599042
2026-05-21 06:10:00,AGV-08,38.214368195965804,29.207722388343242,0.15353743504079204,24.7326580399358,10.80120184404011,10.037417615139125,147.990680731423,1.313227851759865,0,normal_agv.png,0.024811027535414833
2026-05-21 06:20:00,AGV-08,38.00130729978311,29.40235881798814,0.17321806274830195,24.87568352598993,10.451120792226263,10.365223038141153,137.71677915661638,1.0918633974380283,0,normal_agv.png,0.02476370934043697
2026-05-21 06:30:00,AGV-08,38.58712942380404,28.59672154421025,0.14729933855196478,25.03352722949208,10.303462682886963,10.575424895222707,136.61592777943184,1.1303575795017593,1,normal_agv.png,0.022781332358163688
2026-05-21 06:40:00,AGV-08,38.9073309527928,27.863540041436718,0.19080382395421772,25.17717381005223,10.941475046190206,10.261877807427572,143.45620344651445,1.2320402365490215,0,normal_agv.png,0.026746397697419586
2026-05-21 06:50:00,AGV-08,39.727505262297704,28.9535093189713,0.16718481634182591,25.083783541476244,10.400747935869266,10.16246817453359,134.53776315533895,1.2007381594396376,0,normal_agv.png,0.02496344798995031
2026-05-21 07:00:00,AGV-08,37.87623820556316,28.069222032205236,0.14442392078285157,24.647828868927732,10.667873359841693,10.632849395032304,150.86480122890381,1.3590245251809667,0,normal_agv.png,0.023552249878265454
2026-05-21 07:10:00,AGV-08,40.67672144178403,28.16199896391525,0.20390634856636625,24.822341800034504,10.58090742418414,10.824012516097593,138.45309668865445,1.0980930139892635,1,normal_agv.png,0.02162362386639544
2026-05-21 07:20:00,AGV-08,38.91020326067607,28.508435564261617,0.15551688049710005,25.17477016711055,10.141660453627985,10.708732005591862,139.3697702262011,1.273232237638795,0,normal_agv.png,0.02713298777996163
2026-05-21 07:30:00,AGV-08,40.46863879703693,29.94446161337571,0.18418330085389822,25.034042342260047,10.012062432474671,10.730932048442778,146.27352388544367,1.334370978673701,1,normal_agv.png,0.03299035511387669
2026-05-21 07:40:00,AGV-08,40.04620224055372,29.248844290941694,0.1880245186945335,25.096462118854273,10.463567651408201,10.730078440704306,158.95507345991356,1.2059348489217732,0,normal_agv.png,0.02448380092978277
2026-05-21 07:50:00,AGV-08,39.13709672437527,28.9111349288343,0.1525174324249485,25.328901646374163,10.225659783550187,10.711632370779283,138.4473069589624,1.1098171581034455,0,normal_agv.png,0.02521003205097303
2026-05-21 08:00:00,AGV-08,37.550656551770906,28.856142634371462,0.1504724264213917,24.87408715945338,10.866763573153495,10.871886642497929,147.811753362876,1.2764314397165886,0,normal_agv.png,0.030468192443400054
2026-05-21 08:10:00,AGV-08,39.16209351768461,27.946496555885172,0.16767406289922557,24.82651370498803,10.850659694071153,11.063026925884131,145.693391729253,1.4058201911395578,0,normal_agv.png,0.03506449556747193
2026-05-21 08:20:00,AGV-08,39.6587365383534,28.250075346585017,0.15215155560303595,25.020595782305374,11.389524190853923,11.341158768071029,129.84336769120173,1.244854452807204,0,normal_agv.png,0.04710097716534734
2026-05-21 08:30:00,AGV-08,37.73543133023905,30.305308188584284,0.15626285330017067,24.948273678646306,10.68278914802772,11.526389184179394,149.60613232503485,1.1547720037999125,1,normal_agv.png,0.03708573141058728
2026-05-21 08:40:00,AGV-08,38.975042683050475,28.995259856071574,0.2194297236080531,25.180187603859647,10.063563696315418,11.07075736230149,138.70410389325954,1.2079990531012441,0,normal_agv.png,0.04498074598593648
2026-05-21 08:50:00,AGV-08,39.45054162700507,28.200190989382147,0.17951698111888062,25.36979723512655,9.530397254848257,11.701596174622711,148.90382095765048,1.106508205604775,1,normal_agv.png,0.06262292488738766
2026-05-21 09:00:00,AGV-08,37.53906740817424,28.681804075228744,0.15583981568379215,24.971575607745418,10.547601581340949,11.38144512738245,133.7166916541045,1.0904618309223537,1,normal_agv.png,0.061360993790462004
2026-05-21 09:10:00,AGV-08,40.969617092307914,30.5748388412816,0.13131823269294735,25.004597696217875,12.003970931058873,11.82910940365908,142.18092806461667,1.238307749426606,1,normal_agv.png,0.08327796513718964
2026-05-21 09:20:00,AGV-08,39.10438081969327,29.35224746208065,0.18377736904559924,25.152132732155778,10.336587211402842,11.474510207030699,120.72517572465907,1.1632880729767296,1,normal_agv.png,0.07890854995935892
2026-05-21 09:30:00,AGV-08,40.309678721741115,29.56201935696233,0.15600901789594063,24.595451281198937,10.488230191896777,11.449557059375847,156.1652165451375,1.2739022282115182,0,normal_agv.png,0.0788203167977728
2026-05-21 09:40:00,AGV-08,39.080300384497065,28.886599731417835,0.1749030521769939,24.85680200716171,10.809804317512597,12.17481965646243,150.54892412551746,1.2157850729832214,0,normal_agv.png,0.0758212282268537
2026-05-21 09:50:00,AGV-08,38.263894283173954,30.169201976494698,0.18324491268420018,24.72929275988053,11.45384224339544,11.485258494653136,127.3336800489339,1.1899539529655934,0,normal_agv.png,0.05973330576381981
2026-05-21 10:00:00,AGV-08,38.795912950669276,28.729695803665756,0.17268398335878807,24.826076527287867,10.170748784052293,12.62234349610934,146.15118855825426,1.2926777597178662,0,normal_agv.png,0.06564608391429423
2026-05-21 10:10:00,AGV-08,39.34711897583562,29.485076109342117,0.1593818109337493,24.86267862020996,11.371251856019914,12.206269104217641,159.00649041722087,1.2598785835506914,0,normal_agv.png,0.05011487477727849
2026-05-21 10:20:00,AGV-08,40.67289071872821,29.20552855541159,0.15268707571880574,25.08467208596148,10.879050256040626,11.82335490131087,130.14266966572526,1.2057334843104195,1,normal_agv.png,0.045664649625457104
2026-05-21 10:30:00,AGV-08,38.60028510163118,29.465075479439484,0.15838199989767499,24.82259212333751,10.248520820285004,11.6289358951807,141.86833472760952,1.1791513334132833,0,normal_agv.png,0.04988564409577226
2026-05-21 10:40:00,AGV-08,40.03267997814954,30.208689164127588,0.19407373553959278,25.388186217530947,9.6391960777605,11.848271848725313,144.9200405410296,1.2101575264063829,0,normal_agv.png,0.0682237650765836
2026-05-21 10:50:00,AGV-08,38.73016646411731,29.46169522513551,0.17963596398739215,24.67143103258303,10.698130397451186,11.637589810039882,148.28503079820015,1.2772911728688838,0,normal_agv.png,0.05799729556753391
2026-05-21 11:00:00,AGV-08,41.719478553102284,29.029989245299046,0.18204315888759534,24.82050817002188,10.110251967063684,11.680572751155228,141.03241658699085,1.1038265306260528,1,normal_agv.png,0.05872256966933178
2026-05-21 11:10:00,AGV-08,39.53342148891182,30.257920570594084,0.1955759076919066,25.03473882578296,10.181678358274851,12.083673980758276,150.97484971353163,1.073112384614487,0,normal_agv.png,0.04307414167832884
2026-05-21 11:20:00,AGV-08,37.99913080287927,30.853423577105712,0.15576001067887954,24.982278425120178,10.670906232725772,12.997771909885037,143.5430938151886,0.9751497346705533,1,normal_agv.png,0.038376166019225985
2026-05-21 11:30:00,AGV-08,39.47264854523443,30.072179682891086,0.1705490829740629,24.660563859374786,9.994492455516028,12.877916962291009,129.07721835968817,1.0830311635843668,0,normal_agv.png,0.03996696328603213
2026-05-21 11:40:00,AGV-08,40.256959546752896,29.87650154619933,0.20853487227999665,24.924192561584917,10.259942351808194,13.066758430391792,152.89131835437445,1.376912286074416,0,normal_agv.png,0.02870797581023579
2026-05-21 11:50:00,AGV-08,39.464530949424166,30.76989359157976,0.14877206348649497,24.83270960560312,10.05310155520812,12.600832383909582,128.6175405394007,1.2329666771897168,0,normal_agv.png,0.02385566502051299
2026-05-21 12:00:00,AGV-08,40.18014613801963,28.755328461478342,0.17409491702768407,24.929121919829623,10.059204768912196,12.465117296678882,131.57901310278612,1.3142587371579753,0,normal_agv.png,0.024374520030537125
2026-05-21 12:10:00,AGV-08,40.85411764401254,29.9104715470288,0.195107123168674,24.85746403830108,10.531653547800211,13.024950946211302,131.9322954799748,1.1703255117113864,0,normal_agv.png,0.027433674812384488
2026-05-21 12:20:00,AGV-08,40.63137453079002,29.38628822446419,0.20311876011477556,25.007217516747726,10.386871577744962,13.013430796323446,132.76984301713932,1.2901963493698039,1,normal_agv.png,0.021040324922346074
2026-05-21 12:30:00,AGV-08,39.94924382211097,29.97826690487919,0.140262505125799,25.017477236172095,10.63407507374348,12.799371984261015,119.92639147740948,1.2228592129021274,1,normal_agv.png,0.02336531815957416
2026-05-21 12:40:00,AGV-08,40.48666208817222,29.909018106868547,0.1734396955204428,25.070604763088898,10.564095107743402,13.486864600801486,135.78869765198917,1.2708581083105484,0,normal_agv.png,0.024801375741108828
2026-05-21 12:50:00,AGV-08,40.65302900775354,30.74413411863313,0.21389457779409568,24.863171395218274,11.349236321066002,14.386016490119461,149.1626919892987,1.1428766604978036,0,normal_agv.png,0.040192687618751145
2026-05-21 13:00:00,AGV-08,39.777355316265265,30.24277546659331,0.16700227133771373,24.878032389412056,9.967619101866267,13.464336709729682,135.39607667343344,1.2454555453843832,0,normal_agv.png,0.04249456012333953
2026-05-21 13:10:00,AGV-08,40.55333486088598,29.43279220835708,0.21271434545657497,24.873044263087323,10.319425496653954,13.864665365735982,129.03347554398985,1.2181033813794748,2,normal_agv.png,0.043778892294535486
2026-05-21 13:20:00,AGV-08,41.4435058136658,29.74350630325785,0.1815671634356403,24.76350631195915,11.599888022060934,13.288700975674804,154.3400100373046,1.1638183328645155,0,normal_agv.png,0.05779606764696438
2026-05-21 13:30:00,AGV-08,41.036393150835785,29.08408995975179,0.2208135983671718,24.95813807866976,11.202093476580993,14.698846622503488,123.8582366503516,1.0627925322253968,0,normal_agv.png,0.0594743289487896
2026-05-21 13:40:00,AGV-08,40.27922840753827,30.09302440826614,0.18134078479439045,24.59251744768903,10.470067348255547,13.894445516501868,141.90730726607114,1.1707450412102036,1,normal_agv.png,0.060387881722211635
2026-05-21 13:50:00,AGV-08,40.83192016406925,28.736583829853593,0.16087538408315227,24.604098705723644,10.554621812261065,13.692926011243484,152.1142750363243,1.0502627904220767,0,normal_agv.png,0.05639734284885842
2026-05-21 14:00:00,AGV-08,39.97882655131484,30.60321408993589,0.2161961659942808,24.882985087245544,11.090609175276695,14.04493159064815,151.18498180421682,1.1138436367297642,0,normal_agv.png,0.046063322131023154
2026-05-21 14:10:00,AGV-08,40.24622719116116,29.500925153575125,0.2226377134422741,24.931220213841918,11.070516859586482,13.780346862630745,145.88157264435864,1.1527824209656514,0,normal_agv.png,0.03842747658226566
2026-05-21 14:20:00,AGV-08,40.605691384197826,29.423267794503687,0.1925720786555274,24.784186247018383,11.349618662354281,13.994824360096166,125.36373541967713,1.3692809645464796,0,normal_agv.png,0.03275550889049297
2026-05-21 14:30:00,AGV-08,41.2238642966911,30.035464758853536,0.19545731934300542,24.906787021871352,12.028587818878002,14.22296330966855,145.05507757591795,1.3424499964733771,1,normal_agv.png,0.0513012287580683
2026-05-21 14:40:00,AGV-08,39.74947384886525,30.420852726906933,0.19150146832108925,24.813598474524657,10.39268810056434,13.723484412563641,135.6494739976414,1.279985881684994,0,normal_agv.png,0.05294664464153234
2026-05-21 14:50:00,AGV-08,38.408007892416634,29.356919169309386,0.166915162036618,24.954055745797408,10.524149754883355,14.395906936155757,136.13206662142673,1.1569410295940168,0,normal_agv.png,0.053474194751260196
2026-05-21 15:00:00,AGV-08,40.38640416818453,29.44314635937037,0.17750084626668314,25.029504361722534,11.55761469326172,14.037042833755267,139.6739623959915,1.03516184568532,1,normal_agv.png,0.0559802478370616
2026-05-21 15:10:00,AGV-08,40.30542737915321,30.40031635501349,0.19357643753267262,24.87152289433517,10.787622548411976,15.006267352164635,143.25485112324617,1.1580574712273364,0,normal_agv.png,0.05783622947461821
2026-05-21 15:20:00,AGV-08,38.57667829067517,29.429215787867097,0.18880475860845142,24.877625508607036,10.731678958431592,15.15096119803521,152.54744837337654,1.1902649051450185,0,normal_agv.png,0.058631741887953934
2026-05-21 15:30:00,AGV-08,41.3243083982899,30.68689989162971,0.24431372737224383,24.682964122730777,10.877808838176218,15.536829189350907,147.94758522471935,1.3575762143240895,0,normal_agv.png,0.037592515385328665
2026-05-21 15:40:00,AGV-08,42.14655550082445,31.377567146975373,0.21939127882178944,25.142465912456373,11.815243688549039,15.363401146692519,160.6068893372792,1.2173243790702564,0,normal_agv.png,0.046495716551780954
2026-05-21 15:50:00,AGV-08,40.879319969237955,30.471804044284614,0.177021370212025,24.779414075941432,11.135530701727415,15.31554923629291,138.45635927226118,1.0858630155386695,1,normal_agv.png,0.03989042754451395
2026-05-21 16:00:00,AGV-08,41.559509448062215,30.113288723116497,0.20011581003975057,24.9005059166212,9.806656587904783,14.920990139023958,143.88200613551956,1.2757579840700404,1,normal_agv.png,0.05996323865662224
2026-05-21 16:10:00,AGV-08,41.23251366301518,30.497281012773247,0.23343988591068,24.876866562891394,10.983243592981884,15.651654110648666,139.5295655170152,1.099048817381858,1,normal_agv.png,0.05983911007452045
2026-05-21 16:20:00,AGV-08,41.50574408293523,29.627906935781592,0.1851388178972205,24.71323937605633,11.34596936795059,15.128164635865067,130.09263081258715,1.2701232409833842,0,normal_agv.png,0.060904636834250056
2026-05-21 16:30:00,AGV-08,39.54525209676414,30.673044447654583,0.18300975458714905,24.803079207565943,10.66711469048119,14.665869975267833,142.819551981855,1.2224712901280936,0,normal_agv.png,0.062260565807809407
2026-05-21 16:40:00,AGV-08,40.49108386104921,31.16533695542276,0.20456265627480222,24.68596240539203,10.455809839311003,15.083879232707632,134.50873519010423,1.2576674881704548,0,normal_agv.png,0.05170498217533922
2026-05-21 16:50:00,AGV-08,39.92314935444796,29.68159140066858,0.1901268792260593,24.971461056837473,10.67651422349643,15.153249001321042,137.17875056862266,1.1834270648724767,1,normal_agv.png,0.04867556022200793
2026-05-21 17:00:00,AGV-08,40.38032493108171,30.981446535299263,0.20331844274214167,24.77305067228509,10.467293586557098,15.805527771162378,121.83339896480895,1.138426687279089,0,normal_agv.png,0.031820123828836464
2026-05-21 17:10:00,AGV-08,40.830830551341265,30.847927503603785,0.20179672794754624,24.842959267489555,10.538525941913628,15.255562899768252,141.7769804579024,1.1977393797361409,2,normal_agv.png,0.03125514561143951
2026-05-21 17:20:00,AGV-08,40.617351418124755,30.96903938258719,0.2347850546310573,24.901138848905454,11.232468260389274,15.789553926504823,153.97010554986522,1.2487790178669365,2,normal_agv.png,0.02717541389373482
2026-05-21 17:30:00,AGV-08,40.398912191352444,29.953767579512792,0.2240352869759088,24.649239760953897,10.99563238876018,15.198999019951534,147.06770387061897,1.1723565806866008,1,normal_agv.png,0.02967513284566092
2026-05-21 17:40:00,AGV-08,41.894030874899244,30.843073604856166,0.22695893425696043,24.87251722689197,11.615515972975727,15.550061107244652,124.89453949630504,1.189867129477538,0,normal_agv.png,0.040885239355615735
2026-05-21 17:50:00,AGV-08,40.77753427775511,30.374290613118795,0.19237882581349594,24.72965491119902,10.151883877891848,15.842818377526362,161.69270735125684,1.243896038111592,0,normal_agv.png,0.0502660722340303
2026-05-21 18:00:00,AGV-08,41.43013717473244,30.610118559249273,0.24266497801236847,24.51089855321654,10.886134153926784,15.782180545711084,139.6457985930849,1.0701828759723324,0,normal_agv.png,0.04716158189728084
2026-05-21 18:10:00,AGV-08,40.51480179233083,30.49232710864311,0.24481429848919622,24.558434224676507,11.769233432629362,16.1164348519435,121.96913238254878,1.1792223063138774,0,normal_agv.png,0.05227910257546925
2026-05-21 18:20:00,AGV-08,41.323203543574884,29.89270723888784,0.2209769685815611,24.680181823191653,11.796162218658713,15.732710941378425,142.47846281901826,1.0052946795724058,0,normal_agv.png,0.05772545760877915
2026-05-21 18:30:00,AGV-08,42.30920511783046,30.469422839234607,0.16385850067463237,24.957144747595738,10.378592495011755,16.480490158648788,143.42749005435425,1.116178004308872,0,normal_agv.png,0.06575417246412059
2026-05-21 18:40:00,AGV-08,42.72943853306771,31.199792259064484,0.22812843289042975,24.54001597822936,11.685837564868923,16.4551064575149,148.43790025881574,1.1832193975396392,0,normal_agv.png,0.06662369448418236
2026-05-21 18:50:00,AGV-08,41.035750544877025,30.698217559836817,0.17203313284600408,24.86446442725687,11.125856616563144,16.22924517548913,160.95690329960365,1.2106799535249098,0,normal_agv.png,0.05113544688367442
2026-05-21 19:00:00,AGV-08,41.47180049459191,30.5208840388225,0.22057359898248674,24.934368870382787,11.504698647376118,16.794604388030777,140.9154564404473,1.2604838220784647,1,normal_agv.png,0.04816210892432777
2026-05-21 19:10:00,AGV-08,42.592577223105664,32.00122788234674,0.20941168385343686,24.704875493438635,11.188616671577826,16.499933389262743,146.90058339808667,1.294601353413625,1,normal_agv.png,0.04565857364137479
2026-05-21 19:20:00,AGV-08,42.39550333522674,30.58373313422447,0.22197479866811923,24.596556982222562,10.937949656810753,16.728274084220782,142.87479675014822,1.2799751323156285,1,normal_agv.png,0.04122620615651781
2026-05-21 19:30:00,AGV-08,40.607068772060806,30.771824154956896,0.22155441357540584,24.583510909243554,10.103143020626037,16.83224346055486,140.5083852660984,1.2903066197554758,1,normal_agv.png,0.049957300596995755
2026-05-21 19:40:00,AGV-08,42.47171073887879,30.256539078716493,0.21053148272014605,25.106407926498445,10.74168628770812,16.78044884935363,142.06677628539117,1.1787315763642512,0,normal_agv.png,0.043951757098635996
2026-05-21 19:50:00,AGV-08,41.82441422831519,30.428342134947474,0.2381330795717291,24.818100815245945,10.905785025864352,16.26651677905593,145.54638708131807,1.1402056597400636,1,normal_agv.png,0.04324671438016631
2026-05-21 20:00:00,AGV-08,42.76314230070966,31.645736819163176,0.2224875224460186,25.11962217915035,11.108359821061441,16.493159375439266,144.14502720562865,1.0866541177640647,2,normal_agv.png,0.03598674159423175
2026-05-20 20:10:00,AGV-09,43.65211399682956,31.820243866923594,0.285495929400675,24.70583648263216,10.55620457572044,4.702936333691048,146.6392406359343,1.17120252628607,0,normal_agv.png,
2026-05-20 20:20:00,AGV-09,43.31079613314223,30.92290170856659,0.29451834420984513,24.814114755961665,11.0110019576353,5.125114323820757,143.24428790815958,1.2687531403807562,0,normal_agv.png,0.029822157291505877
2026-05-20 20:30:00,AGV-09,44.51963829257103,31.427966586538638,0.34665693185028085,24.46336831707511,10.888207456041537,5.168056164768045,148.87148316060907,1.2595623686641122,0,normal_agv.png,0.021748152795735283
2026-05-20 20:40:00,AGV-09,45.44946987607835,31.422853400347112,0.2785879726150036,24.27200396023709,10.641608059619138,4.696996463537441,149.18714558875794,1.265225933344721,0,normal_agv.png,0.019628571071318653
2026-05-20 20:50:00,AGV-09,46.242431533520524,30.960930974007862,0.29968371744671685,24.201971184811416,11.07882442005106,5.499108634689903,159.74482007378256,1.2021205743500243,0,normal_agv.png,0.02106530730844469
2026-05-20 21:00:00,AGV-09,43.30333743593768,30.660897707733838,0.2728399184138017,24.480007793135695,10.611200803689513,5.328649384654685,139.08177123294715,1.2155974164792607,0,normal_agv.png,0.02071620892053315
2026-05-20 21:10:00,AGV-09,46.755665656054916,31.292966926481046,0.2654356470104429,24.584745997684564,11.064303748282283,5.486366751866296,147.20841770290352,1.296560259100204,0,normal_agv.png,0.019265172313294943
2026-05-20 21:20:00,AGV-09,40.06915416058447,33.996343403903246,0.3235413071899214,24.540205659519295,11.054658854312706,5.009548918739271,147.2753895389624,1.2130742256308904,0,normal_agv.png,0.01980527175834261
2026-05-20 21:30:00,AGV-09,43.80296060597171,31.389517188694303,0.3466925081675722,24.954506641152395,10.863596750855754,5.4540480711781365,150.22020635110766,1.1381569454079128,0,normal_agv.png,0.019837557465995095
2026-05-20 21:40:00,AGV-09,44.34016149840951,31.16397857993147,0.28578015412307006,24.71431312213462,11.148878487660276,5.7252339550860345,149.4049449616334,1.1693777278632354,1,normal_agv.png,0.0182292548716574
2026-05-20 21:50:00,AGV-09,46.3387393656457,33.52990319634723,0.3249885734613244,24.43246745095694,11.599984906443817,6.245118575986043,135.9529369441452,1.2251413937440947,0,normal_agv.png,0.029707025842089438
2026-05-20 22:00:00,AGV-09,46.272987451553824,31.919186143080434,0.3302084170611477,23.87776695249042,11.660584530577443,6.388136146551401,148.62543091092962,1.1542065931375962,0,normal_agv.png,0.028747598521377357
2026-05-20 22:10:00,AGV-09,45.10966887515667,31.328119280744772,0.2863242462854514,24.044702042731352,10.79127139139897,6.595257803253922,133.34558473778944,1.1853678746060858,1,normal_agv.png,0.03284516015115675
2026-05-20 22:20:00,AGV-09,42.92116885116224,34.07337615113521,0.35191852730681655,24.6603998558158,10.696181556570457,5.310198497471019,129.77045528043553,1.227396070334152,0,normal_agv.png,0.03763125016236025
2026-05-20 22:30:00,AGV-09,47.75745741012731,32.48636188948481,0.28448235119055215,24.03956930070546,11.313307871328927,5.785891173298699,158.25004654945639,1.1684118317116727,0,normal_agv.png,0.03589701623574902
2026-05-20 22:40:00,AGV-09,42.13509519179494,35.198775098260946,0.38695086723090244,24.43066195305466,10.320448437882934,5.853055255222527,149.11725107241242,1.277058122711515,0,normal_agv.png,0.04897378123450588
2026-05-20 22:50:00,AGV-09,44.75478781656187,33.8951423409308,0.3356716974005625,24.165698836545744,11.939708613425081,6.414125252744971,141.38283012182737,1.2242316210034345,0,normal_agv.png,0.05584817392842162
2026-05-20 23:00:00,AGV-09,40.12544253854479,32.50139875720614,0.3443156886558707,24.240224317207513,10.91140306356026,6.733044465621914,141.3224799648528,1.1166837638580145,0,normal_agv.png,0.05123162514482247
2026-05-20 23:10:00,AGV-09,44.12995808686849,33.16074253580148,0.31040888225041197,24.27586373413762,11.782449674195725,7.221407417701692,125.8714864665217,1.1701237555215647,0,normal_agv.png,0.05667810434718705
2026-05-20 23:20:00,AGV-09,46.05443301621102,33.02060516727685,0.35112110830727167,23.90500901700891,10.800443632128555,6.964010017308463,152.82806824992423,1.1903139654087556,0,normal_agv.png,0.05533461272370667
2026-05-20 23:30:00,AGV-09,43.56732967750761,35.617081236855235,0.3334647504648568,24.452873428704137,11.627783485670783,6.627458239571725,156.04477703837466,1.2396110296036777,0,normal_agv.png,0.0574376693265569
2026-05-20 23:40:00,AGV-09,46.43135006074812,32.79173025366538,0.2987413945440991,24.24292809706503,11.240311587488586,6.875684644439765,144.65892799010456,1.0670735208657607,0,normal_agv.png,0.041418465683617595
2026-05-20 23:50:00,AGV-09,49.44111724544274,35.39953039869066,0.36620578594208086,25.17147139020675,10.646488603747672,6.918738271546102,144.05727282769033,1.252470719255311,0,normal_agv.png,0.04136516875731896
2026-05-21 00:00:00,AGV-09,43.63809991086062,33.326283010846936,0.33385448134957324,24.345647893399782,11.170596792873013,7.543297460410452,140.48108030777158,1.2910286220775498,0,normal_agv.png,0.039689102982696074
2026-05-21 00:10:00,AGV-09,45.580140710688426,34.505535036404495,0.3429405734074892,24.42993283699244,11.16483117464805,6.692464634923467,143.68508188010776,1.2401768036565606,1,normal_agv.png,0.031247117031112506
2026-05-21 00:20:00,AGV-09,45.59187027527707,34.68643218727646,0.34754880823627243,24.52074200960782,11.350677509659828,6.672598623289587,140.4039470124252,1.0449767875054803,0,normal_agv.png,0.028677066117759706
2026-05-21 00:30:00,AGV-09,44.98832031542212,32.8808423102528,0.33128769888175524,23.871620243432695,11.585028009818163,7.590210023877232,159.15746607660114,1.309297182816463,0,normal_agv.png,0.027703303928467142
2026-05-21 00:40:00,AGV-09,45.000838083606034,35.472118983787695,0.32035034177546146,24.333426773176072,11.641541160743607,7.576004385580542,152.082662196574,1.2390691808171597,0,normal_agv.png,0.032092272767042365
2026-05-21 00:50:00,AGV-09,48.79196563941734,33.57780347523206,0.34802945203414076,23.97091848958992,12.886333178391562,7.126282282255337,139.7568188603059,1.173076406303271,0,normal_agv.png,0.05552213097764227
2026-05-21 01:00:00,AGV-09,44.8820509246055,32.89236609951313,0.38578349203918694,23.92066161554197,12.43662667756003,8.167220259311389,156.77208787416916,1.1735415023361377,0,normal_agv.png,0.05664167318802598
2026-05-21 01:10:00,AGV-09,43.440768270736335,32.44843856303514,0.31365052793539716,24.107332809304868,11.209181846170745,7.719650341112314,145.85926609332407,1.1642417957755167,0,normal_agv.png,0.05586421434442
2026-05-21 01:20:00,AGV-09,43.22403642605079,33.26021266122993,0.3293710716045055,24.15410335301291,10.534004854659866,7.172162070053556,143.74180648451667,1.1749343301737896,0,normal_agv.png,0.07208180092682331
2026-05-21 01:30:00,AGV-09,44.96440525320654,32.48152565922065,0.33567469941262673,23.971534200482814,12.082301434225249,7.676995553101801,147.73759705463954,1.232468021335432,0,normal_agv.png,0.07233774254018407
2026-05-21 01:40:00,AGV-09,46.929235433960486,34.1552374636083,0.3715757517812593,24.461216760929883,12.025617508835802,8.134673656257982,149.59637318074817,1.2035220766049448,0,normal_agv.png,0.07197197651558719
2026-05-21 01:50:00,AGV-09,46.57797050092635,34.57776235535488,0.31889376581712753,24.077165805721478,11.720078962962141,8.419597365979456,131.92200093246925,1.2273679585245905,0,normal_agv.png,0.0592478699192742
2026-05-21 02:00:00,AGV-09,46.55575952832994,36.27277426258288,0.3677490749150452,24.221112910368323,11.006482989315657,7.949119201589007,140.19837716806956,1.1911328370245817,0,normal_agv.png,0.05386749078139861
2026-05-21 02:10:00,AGV-09,46.685455416414406,33.5572868692925,0.33712011791908825,24.60118747047248,12.472649977352226,7.4878558294496225,150.4743777141555,1.22016271839479,0,normal_agv.png,0.06276221085005892
2026-05-21 02:20:00,AGV-09,48.671577287689274,34.8312786333035,0.3568637853798303,24.216017886857312,12.913073965186644,7.8691257403003485,158.29534243970525,1.2355614034986362,0,normal_agv.png,0.054121290776786235
2026-05-21 02:30:00,AGV-09,45.36517751314623,34.223363064897825,0.3410323017204478,24.375863197440008,11.214186863305603,7.728664509865842,132.21701986151334,1.3374751692482172,0,normal_agv.png,0.061457426868506644
2026-05-21 02:40:00,AGV-09,45.062691484832875,33.94522207778133,0.33504573362288376,24.480119220176487,12.162906916157182,8.295409932262979,150.84953493086445,1.1821191152787447,0,normal_agv.png,0.06193812531125066
2026-05-21 02:50:00,AGV-09,47.5154741570294,34.21054810538438,0.3074579230587392,23.73806746876863,11.417222589151285,8.669496562324934,137.65840827629054,1.187147737090714,0,normal_agv.png,0.06438403691190579
2026-05-21 03:00:00,AGV-09,44.94396215043327,33.20578391511264,0.35692977182591995,24.40979183476614,11.787293349785207,8.844736193690055,141.94611380795908,1.182089019571503,1,normal_agv.png,0.05384820192723825
2026-05-21 03:10:00,AGV-09,48.22556508651896,34.399499601493254,0.3445385718930373,24.158134105346036,11.078374373397434,8.092368700563247,138.61014945933323,1.1879859478884078,0,normal_agv.png,0.0585658328389415
2026-05-21 03:20:00,AGV-09,47.57709416785376,34.976697034185776,0.33100733562211393,24.595352867965953,11.381177588189168,8.481310115964886,161.18378476891314,1.322414849903725,0,normal_agv.png,0.03480809268526476
2026-05-21 03:30:00,AGV-09,46.30376413976914,34.488141582792025,0.3857165080214024,24.105899233554084,12.029327922720663,8.555500753985783,142.6813149337421,1.1848587015250553,0,normal_agv.png,0.03600652664512825
2026-05-21 03:40:00,AGV-09,45.41662935052018,34.14744590491432,0.25700991997568245,23.945311032485932,11.572058705337042,8.18837335576517,144.79972803156477,1.2450938923416124,0,normal_agv.png,0.028857710734521834
2026-05-21 03:50:00,AGV-09,45.5606432500274,32.894703811078045,0.3902269122364828,23.97611971948778,12.572312469332026,8.832930703857908,160.48074398544108,0.9855511092740932,1,normal_agv.png,0.04465345230958314
2026-05-21 04:00:00,AGV-09,47.79648437016128,33.56642789918746,0.37497953672595896,23.99342016177784,10.821574701910993,8.601844868879693,139.18419236772783,1.1033866917678452,0,normal_agv.png,0.05535389776721295
2026-05-21 04:10:00,AGV-09,44.63755140903365,33.65278140910527,0.43365725577754055,24.28005576606653,13.0134302493527,8.827956557352316,148.49098002405503,1.2663278752014668,0,normal_agv.png,0.06774051428472311
2026-05-21 04:20:00,AGV-09,46.74651479562867,35.39573705416885,0.3604797977502179,23.310548441619137,13.13642476741715,9.160979674970305,142.57271410688972,1.2346539348787844,0,normal_agv.png,0.07337026466978394
2026-05-21 04:30:00,AGV-09,49.42692442567812,34.672654317516375,0.32805574975723006,24.031926442075996,11.374219452313763,9.474430733187214,145.5105150674335,1.313911914979748,0,normal_agv.png,0.07912609808711259
2026-05-21 04:40:00,AGV-09,46.94270925161558,35.781015618622064,0.32986520794544094,24.09288886895406,11.644956298057796,8.839189628212395,121.17237647926935,1.0787578830891529,0,normal_agv.png,0.07843993579200212
2026-05-21 04:50:00,AGV-09,46.69578736819261,36.116594104042825,0.3410401361966776,24.117776806185724,11.885852652924424,9.278856791906787,141.4655097125013,1.303833320452861,0,normal_agv.png,0.07682866436516511
2026-05-21 05:00:00,AGV-09,49.059283885418914,34.196608283508965,0.37881145503561275,24.208340878978007,11.912549039781936,9.30688837401876,155.99463771395654,1.3837071452743486,0,normal_agv.png,0.06043483583194344
2026-05-21 05:10:00,AGV-09,49.5537342515983,36.08248817815486,0.3982245070703177,24.075074099210603,11.287394040451133,9.524013229230796,155.00436677296693,1.0884377249707617,0,normal_agv.png,0.05639253108158201
2026-05-21 05:20:00,AGV-09,45.99382840515228,33.625333498373195,0.3665061742295077,24.335727074942845,10.313952073753509,9.749889795858975,136.8028497713261,1.2160360031303077,0,normal_agv.png,0.0519040253354529
2026-05-21 05:30:00,AGV-09,48.351140620664765,35.52685770504214,0.3883719553134851,23.745038559326236,10.93049353645166,9.397323952828799,161.52685464681946,1.231705574560629,0,normal_agv.png,0.054999970963880124
2026-05-21 05:40:00,AGV-09,48.74694224741494,37.371926045243306,0.3943295125564373,24.256659386759342,12.691849070538597,10.14870144415382,147.7539623414321,1.2419894062308245,0,normal_agv.png,0.07289322417367368
2026-05-21 05:50:00,AGV-09,48.335083587257955,36.54101195450325,0.3797127058832391,23.568092995446488,12.827537453809118,10.23680550354244,149.89631264690152,1.124197540722231,0,normal_agv.png,0.0855396563135301
2026-05-21 06:00:00,AGV-09,46.552039250803595,35.985274025735144,0.3550459935876514,24.332050407317904,11.042328266974488,9.493871932495665,146.71187143745664,1.2087845882285546,0,normal_agv.png,0.08827804355711746
2026-05-21 06:10:00,AGV-09,46.41837628396508,36.96157785839726,0.4076078971682012,23.99526072102025,11.968498894335157,10.605825134150411,139.89142324397616,1.1801667179405593,0,normal_agv.png,0.08805460228208149
2026-05-21 06:20:00,AGV-09,48.37304150941017,36.491182528699284,0.38293024252253055,23.905317245179862,11.523218300647578,10.303413404095288,143.6942454270483,1.1190276769342176,0,normal_agv.png,0.06846826928311896
2026-05-21 06:30:00,AGV-09,47.68187830319222,35.93285202935813,0.3947039238615102,24.30469881260857,11.442939834873428,10.005547902165416,132.5131151457141,1.124577980781562,0,normal_agv.png,0.06024713912187519
2026-05-21 06:40:00,AGV-09,48.44175515802625,35.236984544350996,0.40384749779448775,24.014984894248325,14.042238548897522,10.238514321153543,139.0978538779951,1.2339400470135082,0,normal_agv.png,0.09165689953390005
2026-05-21 06:50:00,AGV-09,45.69162454474182,36.06670688516048,0.3473691158471273,23.993433791406872,11.514112792057718,10.0775466549905,142.36444447983465,1.1137804852055724,0,normal_agv.png,0.09054280238566373
2026-05-21 07:00:00,AGV-09,49.00433465202567,35.4531225256283,0.389367701788571,24.287903177981736,12.447121715457781,10.087640797674538,149.77588819553006,1.2029045873393247,2,normal_agv.png,0.08225072558666763
2026-05-21 07:10:00,AGV-09,48.064713360276144,35.72389669846027,0.3725941745578519,24.217071296174925,12.075308361186881,10.149985590806342,143.33514415718454,1.2726281907927897,1,normal_agv.png,0.0818784967001182
2026-05-21 07:20:00,AGV-09,51.95129525687802,33.92327400129063,0.36217350257651654,23.74965388221312,13.692877328202531,11.244662413544123,145.95293119160235,1.3445487107317209,0,normal_agv.png,0.08786697453208668
2026-05-21 07:30:00,AGV-09,51.003131400498305,36.5389054717688,0.3873687130451594,23.810075385112,12.454066517323978,10.693705158212234,148.67199798775388,1.1872113707331409,0,normal_agv.png,0.07638299178796797
2026-05-21 07:40:00,AGV-09,51.08946081422311,32.89338679139913,0.4021497642907827,24.136300632976717,12.767908972813583,11.631714380988107,130.44085080534194,1.1948102847157311,2,normal_agv.png,0.05829602225410738
2026-05-21 07:50:00,AGV-09,50.002702568695696,36.762332424656414,0.36222761020364497,23.936512312833962,11.921975272849334,11.311141007569194,159.65835978602962,1.2625675688815647,0,normal_agv.png,0.050262017672812236
2026-05-21 08:00:00,AGV-09,49.74870278142501,35.523431098918856,0.3629160744010668,23.726831118423092,13.076612747580079,11.15169312605765,127.40650511216371,1.1497245848675723,2,normal_agv.png,0.052147203201623235
2026-05-21 08:10:00,AGV-09,49.79794085028616,36.99818777024324,0.4004655788186844,22.76857359942644,12.359396882485845,10.721887922492401,124.38476887887751,1.0834034028393151,0,normal_agv.png,0.048660320244131396
2026-05-21 08:20:00,AGV-09,49.12994640579643,35.7187831461203,0.35876374818819434,23.600034235564006,11.327521166729555,11.70596187540761,154.81070923878713,1.1770622644143949,0,normal_agv.png,0.05051648282313567
2026-05-21 08:30:00,AGV-09,48.8484218211562,37.51713452636861,0.43441457596642535,23.904403302134863,13.248382461588395,11.022137923339224,159.83890153767763,1.1502670395961987,0,normal_agv.png,0.058782588612285594
2026-05-21 08:40:00,AGV-09,48.49000996618571,35.18219835344973,0.37551776744968046,23.500852651378697,12.349118875254153,11.91363373623763,128.38795594816077,1.0835162805322853,1,normal_agv.png,0.057775906281952595
2026-05-21 08:50:00,AGV-09,50.08509925630815,37.001446273193125,0.3729043796180525,24.048951497779697,12.851412477742509,12.061722534069302,153.19768069475487,1.1921113280796258,0,normal_agv.png,0.05556498325871559
2026-05-21 09:00:00,AGV-09,48.649015074755646,37.086992780424545,0.36673444430793856,23.91432134203826,12.850711760573564,12.159179735324853,136.5360169422231,1.2725139669920833,0,normal_agv.png,0.05336155620289157
2026-05-21 09:10:00,AGV-09,49.13389008245193,35.360334532660865,0.3874078693385519,23.45531947677797,13.094628218646479,11.758263518363659,139.9984731878527,1.1443455404666787,1,normal_agv.png,0.0557010915656341
2026-05-21 09:20:00,AGV-09,47.97934644211888,38.865349988694106,0.4275319634790581,23.779281005434697,11.56391149327283,11.601079069562225,136.03118378565628,1.1908802757728298,2,normal_agv.png,0.04877212392175741
2026-05-21 09:30:00,AGV-09,49.69263288359141,35.71984763679558,0.368612503522981,23.76066799554252,12.58174656256152,11.716199908106882,139.8065868911887,1.1276038808869484,1,normal_agv.png,0.04352599748222586
2026-05-21 09:40:00,AGV-09,49.505773542872134,36.34367690331239,0.4520123868880622,23.912005712989938,11.033739663050984,12.291375507505517,139.00644294947003,1.3222735877258471,0,normal_agv.png,0.06745297421072666
2026-05-21 09:50:00,AGV-09,49.876807562173845,38.31574196797892,0.41562940930520487,23.884623166078857,12.194597894675132,11.842386121102813,146.80091538811087,1.2654393679405869,0,normal_agv.png,0.06476713331977305
2026-05-21 10:00:00,AGV-09,48.20365139730469,36.522786186587425,0.3733903712175045,23.74740597465612,14.187118052170494,12.151871342632395,150.7906157269467,1.2095678363659887,0,normal_agv.png,0.09025919178258128
2026-05-21 10:10:00,AGV-09,51.82851850704459,36.03426880899678,0.3628008414511281,23.774095962062482,11.931574965031038,11.197026975407102,127.66429771578547,1.1326163426583944,0,normal_agv.png,0.08881183291927111
2026-05-21 10:20:00,AGV-09,50.88106597460437,35.00980412532382,0.4191719719684976,23.636564231759852,12.846481469325582,12.734945532418749,129.4897381801668,1.0621276463428913,0,normal_agv.png,0.08439355632269946
2026-05-21 10:30:00,AGV-09,52.37756668954666,36.829979322496754,0.4479395330618142,23.612819136907675,10.896425048402492,12.202664849907745,130.31737313037954,1.1391772449102724,0,normal_agv.png,0.10051401485333639
2026-05-21 10:40:00,AGV-09,52.590191878081576,39.071983589211015,0.4290174347939759,23.475556285349867,11.604218988020701,12.927815904617567,142.1581211784522,1.2700669863012561,0,normal_agv.png,0.09256936910660335
2026-05-21 10:50:00,AGV-09,51.12224327228547,37.627041599871156,0.4374649393227956,23.887768430294038,12.315195214098734,12.160349376471121,159.28642544014556,1.2529845517318374,0,normal_agv.png,0.09236300645083753
2026-05-21 11:00:00,AGV-09,48.638904070410376,37.47380641435108,0.41603127039929144,23.654955643764538,12.243206347783415,12.137164696351345,137.85324210215927,1.0663764795395319,1,normal_agv.png,0.05602607006093901
2026-05-21 11:10:00,AGV-09,50.55254890969262,39.880842485254036,0.44628321149331734,23.716502809336454,12.286460431377755,12.1622343782017,150.98172150334796,1.29590775004934,0,normal_agv.png,0.05668030039332202
2026-05-21 11:20:00,AGV-09,51.51554285891117,36.564518225798416,0.41668807952288733,23.70370904884289,12.995809237167094,12.11464817144254,159.18867589802213,1.09520187565,0,normal_agv.png,0.05966271459423946
2026-05-21 11:30:00,AGV-09,50.72075063779133,37.8820083788424,0.4020594159463994,24.091715039160633,13.052968857850479,12.731607825750826,141.07952217332885,1.193314995744571,0,normal_agv.png,0.04348664338572921
2026-05-21 11:40:00,AGV-09,51.13553688495657,36.18750482854738,0.43576001396210157,24.21071695658093,12.179729954373915,12.799061340833743,155.95639338082412,1.1096748462534158,0,normal_agv.png,0.031948179566147955
2026-05-21 11:50:00,AGV-09,50.47112211464125,37.30396744938782,0.4161787889345532,24.00743572627943,11.881392584571811,12.278037713447008,141.43572879474922,1.2335476858929075,0,normal_agv.png,0.038160047761159104
2026-05-21 12:00:00,AGV-09,50.35117221143179,37.00937616116675,0.42855641256308646,23.515718138697412,12.387013074353893,12.439771910489565,150.54664097368826,1.1733295955513867,0,normal_agv.png,0.03741575820037719
2026-05-21 12:10:00,AGV-09,49.818686854317,37.400643213246,0.40287971669318073,23.627559110149576,13.473928561000353,12.944481522392334,135.87321239304134,1.1185469771632726,0,normal_agv.png,0.04792406527620133
2026-05-21 12:20:00,AGV-09,50.20198378831225,37.179401814329026,0.41216072283155025,23.769786016380287,11.1595207856691,13.988196519039787,138.4615126352084,1.2829737178025602,0,normal_agv.png,0.0669786462909372
2026-05-21 12:30:00,AGV-09,53.181818175039325,35.81299053322271,0.3654623759699114,23.65189649333624,13.70874587903242,13.20249124926703,138.10344495099056,1.2532871793461189,0,normal_agv.png,0.07775694208151537
2026-05-21 12:40:00,AGV-09,51.303602254524066,36.22371267815112,0.4205656777760728,23.453939027947605,11.611984390793763,13.108744494436202,150.74386351133876,1.2207676517359163,1,normal_agv.png,0.08314739445277118
2026-05-21 12:50:00,AGV-09,52.06483163520225,37.903460032509884,0.4298923823626863,23.47733122432862,12.050788109462328,13.565562927753826,132.74178231318277,1.2059109548899642,0,normal_agv.png,0.08183884661258944
2026-05-21 13:00:00,AGV-09,52.31531308407719,36.301901901318544,0.4614728166603293,23.62204245933241,11.533515663617784,13.579998292036326,141.24071754528643,1.132137024440428,2,normal_agv.png,0.08768498590441279
2026-05-21 13:10:00,AGV-09,52.32048504388022,37.13439085648378,0.40915825876702533,24.14171685239254,13.115788453000484,13.743270754764985,152.87276293122915,1.2632537854952581,1,normal_agv.png,0.08206907434376343
2026-05-21 13:20:00,AGV-09,54.229460922559795,37.80614606411492,0.4469682206663772,23.200390457086133,11.863086959945571,14.22874118197798,119.6143066056853,1.1039344800131967,0,normal_agv.png,0.0722962167692802
2026-05-21 13:30:00,AGV-09,48.41460257070346,37.75380920216776,0.44152761474040036,23.233312058558788,12.067077696697966,14.153658215165457,136.66858476671032,1.238305912800625,0,normal_agv.png,0.047409034000877544
2026-05-21 13:40:00,AGV-09,51.36940572445197,37.911692732833124,0.3960876869346724,23.321877004710178,11.890963358569602,13.564982471191358,150.21674649171746,1.203716901852335,0,normal_agv.png,0.04463099177243715
2026-05-21 13:50:00,AGV-09,50.97843312661527,37.93826476426668,0.4096381483369905,24.15140086935782,11.437195074829589,13.570237106414362,135.34029075388463,1.204534998183875,0,normal_agv.png,0.050245417912774155
2026-05-21 14:00:00,AGV-09,50.48750999724903,36.61086459397368,0.4407897747888833,23.178857216570616,12.746170821578389,13.423040280067449,144.46840194277416,1.3789576861649304,0,normal_agv.png,0.051171544475691784
2026-05-21 14:10:00,AGV-09,53.5088303521865,37.60604110850451,0.4203160851356024,23.706263298788983,13.310470748178874,14.747858937912103,170.46054535942793,1.2090732158558526,0,normal_agv.png,0.055959932461479955
2026-05-21 14:20:00,AGV-09,50.838596228263164,36.64679811143536,0.4250182547055831,23.30121985562948,12.840418807980768,13.768327617754029,143.99304127182822,1.10550451684564,1,normal_agv.png,0.056392236407939306
2026-05-21 14:30:00,AGV-09,53.45452877868623,36.274865209092326,0.42862768678521457,23.564425069908676,12.549597599341281,14.023222363588022,150.14279532668482,1.2144396844862464,0,normal_agv.png,0.05475037847341566
2026-05-21 14:40:00,AGV-09,52.971777913169,37.56527549063066,0.3974338133080515,23.592252548994118,13.042498439875923,14.777693157009297,150.4658972568864,1.302272871620951,2,normal_agv.png,0.05141593983466901
2026-05-21 14:50:00,AGV-09,53.281388350781775,38.75700828646055,0.40715129244275805,24.294715956592075,11.5839022186833,14.635087312448075,131.50349970034156,1.2759410539425846,0,normal_agv.png,0.04702541577383816
2026-05-21 15:00:00,AGV-09,49.48724310008237,39.58669255575002,0.4220723131525576,23.9593605914015,10.790492771595266,14.441954350628738,148.26910864239176,1.1691849897836935,0,normal_agv.png,0.07849760010685168
2026-05-21 15:10:00,AGV-09,51.82502652185296,39.18748436249326,0.49363437730561255,23.61880474433924,13.052960206746963,14.914236959233614,150.16055014775566,1.2263113229381633,2,normal_agv.png,0.07501299772829445
2026-05-21 15:20:00,AGV-09,50.40325748124353,39.63406077800645,0.4510356348321076,23.579765186895973,13.005029072860358,14.763920805391539,144.87723466497823,1.0983384968936367,0,normal_agv.png,0.07655769685543716
2026-05-21 15:30:00,AGV-09,51.24638145229731,37.16263293014347,0.42789308944974286,23.592334682863505,13.093777791305207,14.599455184393182,148.4672401624195,1.2129433232482176,1,normal_agv.png,0.07996506114956871
2026-05-21 15:40:00,AGV-09,52.92619103118632,40.02828741184045,0.4684164105458969,23.7610443846577,12.842175115878279,14.810698820071009,138.0130306474119,1.0797475944320318,0,normal_agv.png,0.07843462712876642
2026-05-21 15:50:00,AGV-09,52.44865155850551,39.26675538904355,0.4557179001575455,24.07838738247586,12.491669150258831,15.525415884806883,136.9524818628086,1.0616075442058566,0,normal_agv.png,0.07075729539258883
2026-05-21 16:00:00,AGV-09,53.507264936481526,39.17785515397094,0.4868685058570529,22.895381677041634,13.076032230275526,14.916069331743314,167.2048062152119,1.09514833725565,0,normal_agv.png,0.017932609434279916
2026-05-21 16:10:00,AGV-09,52.085247657110635,39.43306323276441,0.46671439892635924,23.9182756601782,12.561343888792605,15.514847049886761,143.50121966477832,1.2561754329319703,0,normal_agv.png,0.020485008130626144
2026-05-21 16:20:00,AGV-09,53.15712304787413,37.60172994535005,0.4480982054662775,24.089957319253294,12.770164026696293,15.354876063594729,140.4383165251994,1.1738139539942083,1,normal_agv.png,0.019661957557976516
2026-05-21 16:30:00,AGV-09,52.038134286462316,39.54450242700427,0.4586572283055721,23.620814124339642,12.174865223976454,15.578678113543361,139.54341006788567,1.1342970892741713,0,normal_agv.png,0.024779837330119216
2026-05-21 16:40:00,AGV-09,49.727152029499685,37.851594365923084,0.45893917686475133,23.889547760850448,13.420262968533393,15.495305716551592,141.1700078551654,1.3201307694903979,0,normal_agv.png,0.03488570863770406
2026-05-21 16:50:00,AGV-09,52.60704429983816,39.01133662725308,0.4287361147863317,23.756458928655466,11.924976577260011,15.685983334675992,141.47406902935592,1.1112988083676003,1,normal_agv.png,0.04397510051983866
2026-05-21 17:00:00,AGV-09,54.351269006554055,39.80769143030106,0.4480064086674469,23.123734935890727,11.2029684522818,15.762223762244341,134.6085386963958,1.1789727600430084,0,normal_agv.png,0.06163290917867592
2026-05-21 17:10:00,AGV-09,53.31676184745593,39.211175662329204,0.5188614688485736,23.795224679327692,13.323511265378498,16.255978485739536,140.84772770739178,1.080378715199886,1,normal_agv.png,0.06909058288555976
2026-05-21 17:20:00,AGV-09,52.95792474697983,37.8765463396572,0.42993881873766726,24.118968435733706,12.48213769213345,15.308706468915286,125.12689770273572,1.0337176845439502,0,normal_agv.png,0.06837799628826988
2026-05-21 17:30:00,AGV-09,50.66996665659777,39.54499933880664,0.46113506199774745,23.51676281812375,12.717023818211821,16.510148565366524,150.13521369254735,1.0884561799836465,1,normal_agv.png,0.06767274426514981
2026-05-21 17:40:00,AGV-09,53.63479788888884,38.790858617465645,0.41953560709445903,23.14506242625453,13.121323563796244,16.02778858172919,152.07678244027244,1.28584944214395,1,normal_agv.png,0.06334608794275029
2026-05-21 17:50:00,AGV-09,52.10319869801721,39.44665078470243,0.43818502951989946,23.41431959497834,13.049786289928656,16.10169396148743,131.9026802563237,1.3343027045909484,1,normal_agv.png,0.060848150838406695
2026-05-21 18:00:00,AGV-09,55.38269404827455,40.08751909451012,0.4898834681798561,23.577007771259645,13.741001975010624,15.454707351387166,147.29318916788023,1.1130017465510105,0,normal_agv.png,0.033999172232380685
2026-05-21 18:10:00,AGV-09,50.66823078141052,37.94654103312518,0.45482594874579235,23.772047417617596,12.129715195695761,16.313189195604828,149.56039588383695,1.3137397187676394,1,normal_agv.png,0.04360991617992267
2026-05-21 18:20:00,AGV-09,52.683651068666066,37.1061438513443,0.44976187673861817,23.11755232825523,13.077533598732854,15.270545825883604,138.59271387373354,1.217539113399227,1,normal_agv.png,0.04086660622323114
2026-05-21 18:30:00,AGV-09,53.549814380738056,40.68569846859744,0.4772861549994119,23.268532927282763,13.042439127723881,15.979518375225092,147.50514203755597,1.3471125251447602,0,normal_agv.png,0.039548310831821164
2026-05-21 18:40:00,AGV-09,54.11987093075178,39.28623460204106,0.4977090538256368,22.97798357822315,14.545946067792194,16.29243652011608,142.955236705755,1.268483847582041,0,normal_agv.png,0.06112861621052713
2026-05-21 18:50:00,AGV-09,54.79858921322851,40.46080001855158,0.5058873522062616,23.771174445417543,12.874216205399115,16.19198112054622,156.12046842103206,1.3110104704627237,0,normal_agv.png,0.062198241468981
2026-05-21 19:00:00,AGV-09,51.32003613171256,39.81055046071322,0.4543059864484881,23.5392171601694,12.296355413531275,16.312975067433456,136.09399601147865,1.138189048827752,0,normal_agv.png,0.06589468917679144
2026-05-21 19:10:00,AGV-09,55.23340608714318,39.58810944910887,0.5038820632402694,23.398230479915334,12.598060513996229,16.392079648370668,165.56585820707596,1.1653486480450692,0,normal_agv.png,0.05963601360893047
2026-05-21 19:20:00,AGV-09,54.70445402307013,40.545439053452824,0.4707771811515624,23.515604941084323,13.116129399327416,16.396219432155885,135.7269274606936,1.0865888194218074,0,normal_agv.png,0.05962272271514294
2026-05-21 19:30:00,AGV-09,52.43847736320136,39.592414507403696,0.47836652563688037,23.261196241970932,14.031076483830097,16.59020217693947,137.99338897936704,1.264888552356251,1,normal_agv.png,0.06567816461056657
2026-05-21 19:40:00,AGV-09,54.57893566505392,40.553761878695795,0.4598595570538476,22.985322340747565,13.033420420435004,16.57101941780639,151.39293003265442,1.2347697926865555,1,normal_agv.png,0.04553513482944168
2026-05-21 19:50:00,AGV-09,55.62531320885868,41.10478322837344,0.5407713019099675,23.821919523786743,12.354184730247034,17.21736929465038,141.12618254985284,1.273998601669264,0,normal_agv.png,0.050185524320879256
2026-05-21 20:00:00,AGV-09,56.73997061896791,40.4174470344108,0.5150616838269371,23.22640775414366,13.435938387659284,16.360674726084067,154.87075402909284,1.2658685463581738,0,normal_agv.png,0.04572380135163351
2026-05-20 20:10:00,AGV-10,35.82802579411458,26.34222027867309,0.1282799173744302,25.193884215046925,9.558510813046778,5.057233974811198,141.16077050171654,1.3355578024422348,0,normal_agv.png,
2026-05-20 20:20:00,AGV-10,36.548344789190935,27.49745304748039,0.07358092220065425,24.93434577764117,9.854681682815638,5.2867823876023055,145.17857388995301,1.245773850482997,0,normal_agv.png,0.021575475587185113
2026-05-20 20:30:00,AGV-10,36.840447984902795,26.548065244661526,0.13741380506603146,25.012682416811977,9.708099187003253,4.800061223513554,135.2069225381661,1.084038118343563,1,normal_agv.png,0.015255639624296964
2026-05-20 20:40:00,AGV-10,36.10014236998477,26.38812911748853,0.15205958933201622,25.0051089943426,10.112952222229731,5.31125254508253,144.43835430578,1.3056194373802132,0,normal_agv.png,0.024082981583398427
2026-05-20 20:50:00,AGV-10,37.7079399915762,27.789837273725528,0.13321308891105785,25.090234206334443,10.402941224444447,5.1180406484568035,159.70885889088157,1.0650498438901557,0,normal_agv.png,0.033787274984100335
2026-05-20 21:00:00,AGV-10,36.99356711544522,27.684861167954637,0.11746807371160514,25.100070108194153,10.199479307878768,4.689334348154562,151.73197642708746,1.357459556412942,0,normal_agv.png,0.03207799863293571
2026-05-20 21:10:00,AGV-10,36.706894632697775,27.708742032375742,0.12265009944647828,25.65811003987358,9.70049048880045,4.8668972418855665,130.81365909139262,1.1711130269290504,0,normal_agv.png,0.028676049167736143
2026-05-20 21:20:00,AGV-10,36.39807507557571,26.821978975281013,0.10885843315670946,25.199305056362533,9.702877523763012,5.5236811564088475,143.04190389373835,1.3032144511022883,0,normal_agv.png,0.030849663700657934
2026-05-20 21:30:00,AGV-10,38.12022322451792,27.107979387248896,0.09904425578365698,25.07738695023177,10.434472056853766,4.727857147856535,151.19076568224608,1.2551952221516869,0,normal_agv.png,0.032280217966115674
2026-05-20 21:40:00,AGV-10,35.046018059010386,26.726546183326427,0.11079736102169599,25.417428118841176,9.105843726566661,5.996811571838105,152.41043277862113,1.08577547767325,0,normal_agv.png,0.05204808868024886
2026-05-20 21:50:00,AGV-10,37.93164836872187,27.171991837930335,0.11620441111743862,25.206641501742084,10.711970208201214,5.7517175861671905,157.7274833770471,1.1863861974879373,0,normal_agv.png,0.058613134673243854
2026-05-20 22:00:00,AGV-10,36.93312251616748,27.981524945504358,0.11641371809666193,25.10055167428591,10.300243327750769,5.813824065589222,147.60544906234415,1.056907179389386,0,normal_agv.png,0.05942368547331175
2026-05-20 22:10:00,AGV-10,37.852820431307244,28.41227573296748,0.09619117493342844,25.231952112662157,9.695485034605387,6.100617531350732,156.60723824458987,1.1801399108911124,0,normal_agv.png,0.05947827369719341
2026-05-20 22:20:00,AGV-10,36.249124262805864,27.427065884843707,0.10664786078873859,25.32947937231402,10.899889662386535,5.613557565931563,142.07996425904756,1.10419222897765,0,normal_agv.png,0.06608908477515077
2026-05-20 22:30:00,AGV-10,36.90734044925736,27.31435306010409,0.12587834505322526,25.442648354121577,10.372465435681281,5.688167936608905,144.36985805087332,1.157600565463722,0,normal_agv.png,0.06576197503963221
2026-05-20 22:40:00,AGV-10,36.61248764945551,26.678591189939418,0.14073293287525432,24.82479739787423,9.022452200439076,6.143277994469567,152.58202734701138,1.071218183973169,0,normal_agv.png,0.0685173050232027
2026-05-20 22:50:00,AGV-10,36.381298269862484,27.74283154786506,0.16171313036473675,25.308746571608214,10.851145051174884,6.498059872201115,153.08896293269297,1.1162704713525198,0,normal_agv.png,0.0706857587192241
2026-05-20 23:00:00,AGV-10,35.908088827564605,27.57657527728228,0.11309076748768226,24.941792892323516,9.310136229260332,6.849397031116058,140.79641383693075,1.232485726556804,0,normal_agv.png,0.07971597412490353
2026-05-20 23:10:00,AGV-10,35.69300443790147,27.408385369641845,0.13845055709387194,25.42034066194557,10.1205959084337,6.559872532957168,157.00595397277127,1.2748922875302569,1,normal_agv.png,0.0775313423831265
2026-05-20 23:20:00,AGV-10,35.707689388929346,26.527261928835486,0.13541682131509702,25.038313772072623,10.59249767870778,6.505928708557901,137.20018726374204,1.2596685214478862,0,normal_agv.png,0.07245120173286418
2026-05-20 23:30:00,AGV-10,35.885736538338335,27.875774897783895,0.1302073825526501,25.200751639171244,10.526949899131754,6.5010342013506,149.94959129776473,1.163182859273836,0,normal_agv.png,0.07389984080469589
2026-05-20 23:40:00,AGV-10,35.355503951073636,27.973899796723476,0.11907722256674215,25.16476226509036,9.969743838894827,6.648487418605497,150.92608001226495,1.267054177567955,0,normal_agv.png,0.05410341790575406
2026-05-20 23:50:00,AGV-10,34.655352354941876,28.97831598131504,0.09560523402969853,25.144546274470034,10.435532674728595,7.379438070705865,139.28805142131014,1.1424170420520623,0,normal_agv.png,0.047363129147282614
2026-05-21 00:00:00,AGV-10,37.7170813486538,27.65770785391401,0.13609028831321743,25.024208073741423,10.295881366513042,6.5595057442324025,166.32152243845294,1.2870473970566871,0,normal_agv.png,0.02346395888019407
2026-05-21 00:10:00,AGV-10,36.79678106509651,27.31095194387616,0.12137887848859029,24.95775471278048,9.844603063072014,6.710720486186043,143.4920634493154,1.15260956316101,0,normal_agv.png,0.029795755050895743
2026-05-21 00:20:00,AGV-10,36.82016670503167,27.81668477370239,0.13115658675522057,25.36180333473819,10.428869032035568,7.193493465127603,153.34470705058484,1.0727323314513042,0,normal_agv.png,0.02718058890160336
2026-05-21 00:30:00,AGV-10,36.829248004866635,27.69853927382489,0.1301038399645299,25.298419777667963,9.98442905344134,7.148453887919557,145.82734634677607,1.190963482781671,0,normal_agv.png,0.0254074493959354
2026-05-21 00:40:00,AGV-10,36.030090759046814,27.450870326238476,0.1495476194934058,25.054481508405267,9.352824952914911,7.01039883819031,145.70850506333397,1.1621846177821142,0,normal_agv.png,0.04182997189849205
2026-05-21 00:50:00,AGV-10,35.612502013225146,27.975911753587354,0.13765859519704493,25.526266736939636,10.028794028685393,7.193130393690999,153.48095291787345,1.137905954808169,0,normal_agv.png,0.03785170974371338
2026-05-21 01:00:00,AGV-10,37.12012930716507,28.940134974076738,0.12629483899513877,25.13087369042026,10.91271944648373,6.950524630539849,158.62111379033735,1.221641078037312,0,normal_agv.png,0.052623331560223745
2026-05-21 01:10:00,AGV-10,37.94339879974431,26.35981528389405,0.09338063373540054,25.066273803843977,10.515130321896441,7.818940230135903,150.2001380500161,1.2278557482414383,0,normal_agv.png,0.05283173435935647
2026-05-21 01:20:00,AGV-10,38.08435977492601,28.176768249116204,0.16672150241764389,25.088692923959837,10.0334243824952,8.475409372856374,153.87466792763422,1.172250880966031,0,normal_agv.png,0.05229520347743889
2026-05-21 01:30:00,AGV-10,38.47930704903288,27.307602219408963,0.18915064118871358,25.24834344431457,10.435901000263728,7.909619192516915,166.75918787609376,1.1922222753009533,0,normal_agv.png,0.05248464972851652
2026-05-21 01:40:00,AGV-10,37.78498367407795,28.092680753138545,0.13340736037703554,25.10199448279023,9.873012847707855,7.719289801860102,145.26420680181994,1.1964346480459613,0,normal_agv.png,0.038028857872040696
2026-05-21 01:50:00,AGV-10,36.366257436542384,26.82384024219114,0.1496156877775595,25.110261011080066,10.232057698334655,7.466988369093684,148.54155567027811,1.240861327087513,0,normal_agv.png,0.035983989702898074
2026-05-21 02:00:00,AGV-10,37.49247785098073,28.949892902212277,0.16519384866416514,25.272985452326015,10.51795472058888,7.805931349417334,154.13346288688203,1.171316597794991,0,normal_agv.png,0.026280132903737957
2026-05-21 02:10:00,AGV-10,39.031504451831914,27.6574331639696,0.10186244529786913,25.27541663347157,10.426714249120472,7.474494384618131,163.59385223230743,1.3026975350186576,0,normal_agv.png,0.02493708664627479
2026-05-21 02:20:00,AGV-10,39.061687572275055,28.302447054379797,0.14908783583663893,25.41946014735296,10.931083845356566,8.604655676819444,143.0329523270122,1.2521064761596163,0,normal_agv.png,0.03340611588928598
2026-05-21 02:30:00,AGV-10,37.53865941628173,27.927865866140372,0.1438771560595386,25.080517572039703,10.022529721400739,7.539882943493682,155.02234720351973,1.217219089055016,0,normal_agv.png,0.03669214173599501
2026-05-21 02:40:00,AGV-10,37.52300884225633,28.182995239033335,0.14106014247598966,25.056430550947244,9.480104267362345,8.750144261129249,152.54984732477737,1.2285181683735593,0,normal_agv.png,0.04790116451326053
2026-05-21 02:50:00,AGV-10,38.02608232654857,28.739656317580287,0.1465779895896715,25.116556928251164,11.106218114144605,8.30057218471322,125.39564177903794,1.2662963990085607,0,normal_agv.png,0.057340192959699894
2026-05-21 03:00:00,AGV-10,38.89255467988779,28.08157068097391,0.14057110724231472,25.111199020677745,10.110153196712064,7.629250224327923,146.69303854557225,1.2024679594205552,0,normal_agv.png,0.05858251585456423
2026-05-21 03:10:00,AGV-10,37.429011774875356,27.394265809872465,0.1353777969292799,24.849380827787396,9.65321757648703,8.900039057291346,155.10676137858806,1.1196710060193242,0,normal_agv.png,0.06508032691160544
2026-05-21 03:20:00,AGV-10,37.182601759025125,27.269545265031507,0.21575229409568775,25.236381127138024,10.167197419815784,8.644900367658638,151.59393197776222,1.2695225020424672,1,normal_agv.png,0.056175973818504775
2026-05-21 03:30:00,AGV-10,37.73257197792306,27.217602297345067,0.18953112875709355,24.88861629286953,9.62768051953701,8.591389421956302,151.81768895383817,1.1829712093794906,2,normal_agv.png,0.05968086119169735
2026-05-21 03:40:00,AGV-10,36.88554703811433,29.210737948134973,0.19110055952155847,25.422967838644286,10.664225758057404,8.70227370534594,145.95484915358304,1.0659935359630588,0,normal_agv.png,0.05653464758910305
2026-05-21 03:50:00,AGV-10,37.16036283083208,27.845734264414304,0.19764970355069697,25.259402609053332,9.547077099104403,9.364976058550198,149.10254663984887,1.3203370320548182,0,normal_agv.png,0.04344393176652842
2026-05-21 04:00:00,AGV-10,37.939847406898956,28.496654029266274,0.14407290165840622,25.09778727729374,10.80090989477058,9.820711246077938,135.66959595382147,1.232968736410979,2,normal_agv.png,0.05506292719007366
2026-05-21 04:10:00,AGV-10,36.832419434883604,28.496747773898786,0.11875242143882686,24.985920157885644,10.546648746381063,9.282859264514157,152.6608542106704,1.134021281639811,0,normal_agv.png,0.05262271244022269
2026-05-21 04:20:00,AGV-10,38.86792790857807,29.764618303059063,0.1906046507698516,25.12754538769454,10.421638691533824,9.401116241542343,157.0125563944337,1.1574286504030544,0,normal_agv.png,0.052841887577867404
2026-05-21 04:30:00,AGV-10,37.94409332002107,28.62178032910707,0.13326156139832007,25.31390139140325,8.95817013347874,9.337093422822939,141.04541686280598,1.1930281286131659,0,normal_agv.png,0.07239234921165599
2026-05-21 04:40:00,AGV-10,38.509373256176566,28.6453879876809,0.1277297221997731,24.833430982448345,10.048307014104243,9.403975919546195,146.6489245467197,1.2018514410052754,1,normal_agv.png,0.06881913521508629
2026-05-21 04:50:00,AGV-10,39.15728849855569,27.75503978920702,0.13713822638062687,25.081617451763897,10.322621045481783,9.373428231577128,175.0323780506949,1.2594690849205532,0,normal_agv.png,0.06377633760520371
2026-05-21 05:00:00,AGV-10,37.2611076893672,28.03896957638008,0.11192843495714869,25.37315205339811,11.168010365151302,9.3026432541554,148.71347514994636,1.1187594048949343,0,normal_agv.png,0.07139696731055752
2026-05-21 05:10:00,AGV-10,37.40963726911306,28.379316986939955,0.1482790040522713,25.390939459150967,9.759344577548012,9.750484459536153,150.96377123114036,1.2313950163260983,0,normal_agv.png,0.07286685942382182
2026-05-21 05:20:00,AGV-10,37.17934097018153,29.422938846019097,0.18709331656582068,24.901597795064948,10.48145039378947,9.39429872394145,145.15160075831136,1.2513822605336824,0,normal_agv.png,0.07332802668675051
2026-05-21 05:30:00,AGV-10,37.04349264917139,28.65698860322939,0.1310718741441739,25.225354712875546,10.686185997217823,9.267511131470881,154.96381646528846,1.244596480037814,0,normal_agv.png,0.047402935034472495
2026-05-21 05:40:00,AGV-10,37.37669182080931,28.174893642368986,0.16775302152727317,25.112219403545996,9.977050246269965,10.143104932428598,150.0583683203404,1.1066232411508512,0,normal_agv.png,0.04853442032669035
2026-05-21 05:50:00,AGV-10,37.46479169515742,29.875166915095093,0.133546185336128,25.34781800257795,11.005389480091107,9.682906455229043,142.17820546047366,1.0855918726200218,0,normal_agv.png,0.053092847496476636
2026-05-21 06:00:00,AGV-10,37.306543565311976,27.38220175736678,0.17562697521427387,25.079569095557467,10.417831403924351,10.275263396980847,140.88441444660822,1.0879954770269296,0,normal_agv.png,0.04398411232244145
2026-05-21 06:10:00,AGV-10,39.45874524044228,28.840526378471615,0.16681897455111494,25.06488565504109,10.069378327246339,10.096824452259686,153.27075218053307,1.150813763964079,0,normal_agv.png,0.03670539297709231
2026-05-21 06:20:00,AGV-10,39.05396305148933,27.914929387070632,0.16660479476613588,25.052122166066685,10.542409768670957,9.289168790749283,155.94516911170103,1.2057876173855344,0,normal_agv.png,0.03687405692611509
2026-05-21 06:30:00,AGV-10,39.50753751948998,29.318303889075708,0.14774287781449422,25.275393929804768,9.324909041236088,10.270963369834448,139.73289508214734,1.2282362467851002,0,normal_agv.png,0.05607028396822564
2026-05-21 06:40:00,AGV-10,38.77887464614844,28.606314013031348,0.171434288114109,25.026106565313274,10.500944673335121,10.692894425983159,145.89726487619183,1.1488747733734386,0,normal_agv.png,0.0551059079666594
2026-05-21 06:50:00,AGV-10,39.32883236296463,28.48846069155016,0.1631687208277205,25.016863135560847,11.250682637915785,10.330618227052836,143.48047845976615,1.1087643370583957,0,normal_agv.png,0.06117998182763045
2026-05-21 07:00:00,AGV-10,40.20745580415459,29.17431614991633,0.13288946450024197,24.66427977091132,10.422390229485831,11.425494808297326,156.44068542994958,1.1029807508100156,0,normal_agv.png,0.06118504627906744
2026-05-21 07:10:00,AGV-10,39.848316540577954,28.879013361968678,0.14269847975134428,25.276339482193297,10.930211450586311,9.507144398405327,144.80325521796365,1.0776246050398677,0,normal_agv.png,0.062292770445833354
2026-05-21 07:20:00,AGV-10,39.25604703178713,28.847342976400963,0.19378660688116978,25.087211892005612,9.72919467037632,10.372334654100163,142.80527615662064,1.0216258687416016,1,normal_agv.png,0.06976144455035424
2026-05-21 07:30:00,AGV-10,39.79630605414702,28.8958882494952,0.19022621751441773,24.744823598649685,10.958156667714698,10.670873685676503,154.23951668063208,1.2576791322744736,0,normal_agv.png,0.050724966814484386
2026-05-21 07:40:00,AGV-10,40.37381646313837,29.434250991252874,0.19429181012692204,24.769471633487857,10.052383168052824,10.882821182296798,169.83373599422575,1.1346075940476081,0,normal_agv.png,0.05586898486367887
2026-05-21 07:50:00,AGV-10,39.59095554733396,27.88905740130693,0.21130564901122026,24.759284416150784,11.001953705893456,10.365612174480232,160.27552713675158,1.1204182625654644,1,normal_agv.png,0.05113978027618342
2026-05-21 08:00:00,AGV-10,40.069493148077974,29.717500332607223,0.1508912814734518,25.321128120116825,9.768074682379478,11.069041147015504,144.13797781392717,1.1500181933777907,0,normal_agv.png,0.05962202175711462
2026-05-21 08:10:00,AGV-10,40.1362295142608,28.808189367963514,0.15404330561629315,25.161186018779386,10.3625142592819,11.332466932308904,139.8609586700703,1.2085859906507295,1,normal_agv.png,0.05484002327404523
2026-05-21 08:20:00,AGV-10,39.03016036097937,28.506936680798567,0.18166761077593857,24.84274996998862,10.14995321149165,10.541959457106927,141.7169746042311,1.1038978480993669,0,normal_agv.png,0.04827637931308853
2026-05-21 08:30:00,AGV-10,38.642265828302214,29.388553038838246,0.166902489784684,24.875055144873567,11.167570780889086,10.7522167815512,130.2599219773436,1.0156114261922968,0,normal_agv.png,0.0531694290204046
2026-05-21 08:40:00,AGV-10,39.43028446522515,29.1606971817816,0.17894160011856688,24.991593679907506,10.346012097578098,10.939040279832543,148.5182146650177,1.1089707460276972,0,normal_agv.png,0.0504059165115116
2026-05-21 08:50:00,AGV-10,38.37321941759204,28.88097026172062,0.1861384797797766,24.918869032036955,11.070681628705005,11.20932431806315,134.9209763663898,1.1201793773872515,0,normal_agv.png,0.0517357632026297
2026-05-21 09:00:00,AGV-10,40.45834873583636,27.931831013642537,0.15032156879940411,24.861468251221073,11.560623439648937,11.88625236832179,151.3376057405423,1.1220373836724213,0,normal_agv.png,0.05255274616215657
2026-05-21 09:10:00,AGV-10,40.07796713063168,29.156305057637553,0.16280603482504527,25.048210967531492,10.80050391105818,11.887202273594314,170.69947739069679,1.1541931161498777,1,normal_agv.png,0.0487914324614071
2026-05-21 09:20:00,AGV-10,41.17744500106559,28.769228261945692,0.18928240028594112,25.246724880737233,10.104280885961554,12.203851187332717,161.88501014034705,1.1611527910363992,0,normal_agv.png,0.049955891311843775
2026-05-21 09:30:00,AGV-10,40.826746138362054,28.17169692319258,0.20741491434505027,24.91612064012435,11.585192294902509,11.705414411555406,141.0205801435977,1.2499962958451325,0,normal_agv.png,0.05626162860680122
2026-05-21 09:40:00,AGV-10,39.02554273093749,28.506135185520634,0.17358168198316354,25.05689243375866,10.828548656409582,12.468425037383835,150.66094246298977,1.3736361743155645,1,normal_agv.png,0.050373235699953695
2026-05-21 09:50:00,AGV-10,41.83900872614751,29.66546588538946,0.1574894770336257,24.860868366073937,10.714393725029154,11.900311969297526,169.20871149939785,1.2365198428200517,0,normal_agv.png,0.05145747591149889
2026-05-21 10:00:00,AGV-10,41.48266999501039,29.682498710225705,0.16897270503457065,25.19724589753635,10.458988168133555,11.796232606351333,148.74713377230563,1.2200967558753515,0,normal_agv.png,0.04575133251050784
2026-05-21 10:10:00,AGV-10,40.73275026512766,29.01692395727282,0.1626868244167604,25.35355040080109,10.361724971871915,12.574729808941846,164.63744124990845,1.212282276580028,0,normal_agv.png,0.048204358690052664
2026-05-21 10:20:00,AGV-10,39.07527070739681,30.349283200241842,0.19832488696626338,25.19067437794568,11.678085783777195,12.261891331266154,128.6310187063786,1.288052947804,1,normal_agv.png,0.05155818467421914
2026-05-21 10:30:00,AGV-10,38.04159010732212,29.51160945478841,0.18201241736896626,24.842701578888175,10.08759702981191,12.347833703714583,162.7084562107555,1.157573447940221,0,normal_agv.png,0.05158772502983941
2026-05-21 10:40:00,AGV-10,40.52243984588344,29.31719698294185,0.23443173471716092,24.835740584531397,11.480639383071553,12.121839189376848,143.0605801118721,1.1950907167920068,0,normal_agv.png,0.059413102237242825
2026-05-21 10:50:00,AGV-10,39.440170039658284,31.19263841027612,0.17728366117714953,24.78915933485481,11.265837842158207,12.186816195089394,160.53121452523803,1.2047043476589014,0,normal_agv.png,0.06119259091207909
2026-05-21 11:00:00,AGV-10,38.402518249867555,30.148257075526843,0.1817654026493931,25.1942821064054,10.8413537538675,12.127502433032868,145.8646874119067,1.1998788397641562,1,normal_agv.png,0.05793264701383219
2026-05-21 11:10:00,AGV-10,40.386132898878415,29.416341028471415,0.18360841589844307,25.166127715482666,10.57243232550276,12.814674511816287,137.6235727387197,1.2012027140433432,0,normal_agv.png,0.054622380113807704
2026-05-21 11:20:00,AGV-10,40.20965853895297,28.810517117041382,0.18941247470301079,25.051484798091266,11.148615848587495,13.390679042957847,137.34787964001802,1.0579462197198621,0,normal_agv.png,0.046845912878709144
2026-05-21 11:30:00,AGV-10,38.31554013323424,30.380002029737497,0.18270297713543945,24.869336828689594,10.736054971590525,12.945155532553816,146.62497933842536,1.250552027132625,0,normal_agv.png,0.03149881890754168
2026-05-21 11:40:00,AGV-10,39.09253051525203,28.885781842165045,0.21134376939946425,25.394365662621027,11.56148526371127,13.007813862114661,144.14049231286188,1.194245952564118,0,normal_agv.png,0.033536439094984265
2026-05-21 11:50:00,AGV-10,40.598411634652166,30.419640343998694,0.1817291891980102,25.334839864813908,10.362674375050066,12.43932464013212,152.45276932217607,1.2187376330879647,1,normal_agv.png,0.03947041745436208
2026-05-21 12:00:00,AGV-10,39.70014173103487,29.77040210680954,0.17779114557097805,25.42245052735704,10.2450238275359,13.077772743211247,148.52951935301954,1.2943539574512342,0,normal_agv.png,0.04644842920844391
2026-05-21 12:10:00,AGV-10,39.26572425021148,28.979816046237676,0.15010809560983257,24.814538412407888,11.381918219727229,13.471286129905085,174.528616211424,1.0814518157512785,1,normal_agv.png,0.04981882359853562
2026-05-21 12:20:00,AGV-10,41.02450965103625,29.970674790544127,0.1878493145170871,25.099111231290433,11.302672314675698,13.155091347618724,159.14955333010224,1.2136397045961829,0,normal_agv.png,0.051268891515509056
2026-05-21 12:30:00,AGV-10,40.24201754998616,28.688354769595154,0.17740215297446899,25.029316169105915,10.907261104836127,13.107798597229552,169.793844714143,1.2976932600003268,0,normal_agv.png,0.05043806450085746
2026-05-21 12:40:00,AGV-10,39.11264101671887,31.110180183692343,0.19014198318516626,25.11198857957556,10.327824781313316,13.360001295269985,164.005543865008,1.2007816453882594,1,normal_agv.png,0.047642330495301935
2026-05-21 12:50:00,AGV-10,40.339006388300575,28.755187012629115,0.20567073936906688,24.763103295664724,11.259150899587512,14.078989757836164,153.752694490433,1.2161904981671448,1,normal_agv.png,0.046396678817229524
2026-05-21 13:00:00,AGV-10,41.797800836620596,28.973104099635833,0.1872151306042402,25.0847894935986,10.234992225286955,13.156395626947363,149.97084848585206,1.07455513924382,0,normal_agv.png,0.0466443883330721
2026-05-21 13:10:00,AGV-10,42.905025859989195,29.73500649554032,0.21720373444599053,24.60086550974667,10.448241920284278,13.390560285518662,140.9184605139233,1.2077518300827452,1,normal_agv.png,0.04411621073739068
2026-05-21 13:20:00,AGV-10,40.10372741543478,29.717383291307453,0.22913034348867894,24.98753336897441,10.960035001750372,13.44854829814284,152.0620920830784,1.2431723819476055,2,normal_agv.png,0.03835972292486744
2026-05-21 13:30:00,AGV-10,40.97335109228987,30.105440925134793,0.21692303648414896,24.547007552419362,10.74538301250536,13.780526985772688,135.63939505163668,1.142007765899202,1,normal_agv.png,0.03732779439624747
2026-05-21 13:40:00,AGV-10,40.43603396798919,29.2020982325115,0.19658803136839828,24.753983071208463,11.833007594793026,13.913876480307108,161.84299431156725,1.2961573307614633,0,normal_agv.png,0.05299085362885822
2026-05-21 13:50:00,AGV-10,39.78561726763502,30.244338296505664,0.22827685191230934,25.086837798014304,11.015022006476551,14.131232833387768,160.12563706696028,1.2580472140385857,0,normal_agv.png,0.05125978290285446
2026-05-21 14:00:00,AGV-10,39.231806498397624,30.823447257984892,0.21120130186731434,24.8495410450065,10.763121263729825,13.279807164166575,145.62177675569674,1.2052464777096141,1,normal_agv.png,0.043023167709910784
2026-05-21 14:10:00,AGV-10,39.414925888121,29.386423921130554,0.15616787306262392,24.675248844143617,11.325844462698957,13.619667184343164,156.4604534342873,1.2388734671567292,0,normal_agv.png,0.03720996080088291
2026-05-21 14:20:00,AGV-10,41.25591578268721,30.251800184011806,0.24288448746600558,24.975892978318555,10.691616851703495,13.472829587886126,150.28076534494548,1.131479843430446,0,normal_agv.png,0.040285594154092
2026-05-21 14:30:00,AGV-10,41.20850073578494,30.60906421976095,0.217145458351964,25.35915707177028,10.977587943860229,13.928719471389824,141.71596778251748,1.1948733698744924,0,normal_agv.png,0.03802193884384134
2026-05-21 14:40:00,AGV-10,41.146188547155646,31.774113565127134,0.21768864387867565,25.142615073794197,10.680223141093066,13.835851042065196,148.22284133729855,1.1519836620331496,2,normal_agv.png,0.022846519848058373
2026-05-21 14:50:00,AGV-10,42.0723430286855,29.372462972968584,0.1964315474762967,24.951065998606065,11.010820907267608,14.166024164064295,149.8507462755704,1.2135693445374112,0,normal_agv.png,0.022815707581557272
2026-05-21 15:00:00,AGV-10,38.77790009799322,29.758123134957906,0.17957196626723892,24.977129433571804,11.244853488556636,14.444354209810824,148.20890849146195,1.2750856853647952,0,normal_agv.png,0.024531017537287172
2026-05-21 15:10:00,AGV-10,41.29309276612355,31.05486633883026,0.1816949952086821,24.781895525482575,9.995221921489492,14.99342070686184,150.43024485015127,1.17629024849974,0,normal_agv.png,0.040292563284084655
2026-05-21 15:20:00,AGV-10,40.477185275579245,28.64000975643466,0.196635973716402,24.847082898302236,10.691735688728043,14.676806096409251,152.17439080725842,1.1498031066819439,1,normal_agv.png,0.040292107247804895
2026-05-21 15:30:00,AGV-10,40.84230255300622,30.53360419776532,0.19252222465592403,24.778207341584345,11.501250455981511,15.105621205920201,155.259441806248,1.244748432777235,1,normal_agv.png,0.048582729010997666
2026-05-21 15:40:00,AGV-10,39.329745747020645,30.41563498312449,0.1981638125818953,25.20826409090723,11.282004584083468,14.410644830431957,154.54331433152228,1.1495643847365455,1,normal_agv.png,0.04971533651787549
2026-05-21 15:50:00,AGV-10,41.31106541628718,30.140993356197537,0.20816647779859454,24.72505303690564,10.532643239476526,14.771243083442595,155.8334694974152,1.2939073616293362,2,normal_agv.png,0.05233388104756907
2026-05-21 16:00:00,AGV-10,43.535113341676876,29.271812092732862,0.19857415816073679,24.712853424044187,11.024255772836664,14.861884419691828,152.67354437426252,1.0440829089425139,1,normal_agv.png,0.05048134571782575
2026-05-21 16:10:00,AGV-10,41.751274885531046,30.58673783568092,0.22295641482267006,24.839845101628114,10.748423737982806,15.201783483053187,151.63871401736455,1.2862189934153765,0,normal_agv.png,0.0341302053646264
2026-05-21 16:20:00,AGV-10,40.16514078925444,30.566209378499593,0.1921385796416394,24.80614664269303,11.358540746486351,14.406621017323104,147.12793820216731,1.2727149997510878,0,normal_agv.png,0.03398618827029095
2026-05-21 16:30:00,AGV-10,41.96629683203122,30.105881358652862,0.21687133108748383,25.075429519410836,10.947970551652848,15.064801762851053,159.3431173767077,1.0371616457159059,0,normal_agv.png,0.028540013536087167
2026-05-21 16:40:00,AGV-10,42.43374937808658,30.396391153491397,0.20726262008053487,24.923849813424898,12.453427316045387,15.415533520054856,145.54529113233127,1.3075547126466402,0,normal_agv.png,0.06116273237857478
2026-05-21 16:50:00,AGV-10,42.954471656575095,31.73897122314791,0.20780249409921558,25.02544963078061,10.974907867455512,15.41658945893873,141.40922683634744,1.1139764877335672,0,normal_agv.png,0.055211599429452515
2026-05-21 17:00:00,AGV-10,41.99522510669034,30.459367102155923,0.19959482206913964,24.891004894561142,11.222717184522299,16.01652681711745,152.60656154705202,1.1114253384094592,1,normal_agv.png,0.0542264887480991
2026-05-21 17:10:00,AGV-10,41.860370249990005,30.564903427142582,0.22090663824586604,24.93805173877298,11.257919435698788,14.844683812718428,157.1732349392679,1.0380854711213643,0,normal_agv.png,0.04885199489630065
2026-05-21 17:20:00,AGV-10,40.77059539638543,30.263974787466285,0.23655500307491562,24.69863333647896,10.845424548125543,16.008186707443443,151.48773404501094,1.2672220363207807,1,normal_agv.png,0.052770595067531054
2026-05-21 17:30:00,AGV-10,42.029478511756615,31.019523989607144,0.21352619291832267,24.50676684778487,10.964935958948143,16.045035610787775,141.74212874745493,1.2044243348244177,0,normal_agv.png,0.05259116466477503
2026-05-21 17:40:00,AGV-10,41.18864798827414,30.55233350961724,0.21580622212867573,24.8922185081176,10.18743466661087,16.19585821437871,158.29549220225155,1.3029001669163887,0,normal_agv.png,0.03555820629455743
2026-05-21 17:50:00,AGV-10,41.68597092285776,30.926304755964676,0.22155008767880766,24.97857043241598,10.373381213234868,15.83473063102064,142.3819575126487,1.3533768311233039,1,normal_agv.png,0.04084337468844787
2026-05-21 18:00:00,AGV-10,41.87348719743009,29.40125025858771,0.1935855905843542,24.688509337811013,10.276765563805021,16.086906344370266,138.79324432454004,1.2084866168206674,1,normal_agv.png,0.04063791813806571
2026-05-21 18:10:00,AGV-10,40.65837155114039,29.490309620160414,0.22406376938788175,24.964889018636192,11.199136265699421,16.303566210057113,167.81399716600856,1.0946803088557047,0,normal_agv.png,0.03916039634281413
2026-05-21 18:20:00,AGV-10,42.21831789667951,31.32932187211496,0.24720115358050337,25.069950819975848,11.149904791206442,16.01403019338651,139.94444028816253,1.27231131205088,1,normal_agv.png,0.04326402534072569
2026-05-21 18:30:00,AGV-10,38.53981544723438,31.02925250980897,0.20082885348412666,25.047403868215717,11.132159242365638,16.550418564728005,171.05856344363326,1.2899276715761299,1,normal_agv.png,0.04540403815105114
2026-05-21 18:40:00,AGV-10,42.454684673027955,30.89494214970023,0.20391221879428714,24.974616096917924,10.19101448885491,16.99243912821461,144.37906189851813,1.1665795900063347,0,normal_agv.png,0.04532860958347866
2026-05-21 18:50:00,AGV-10,42.785305068707245,30.263299742104117,0.20353715267042632,25.246596821366445,10.44097133978551,16.06838448198529,155.99578627813753,1.1427659583538603,0,normal_agv.png,0.044446831514056255
2026-05-21 19:00:00,AGV-10,41.14357089812434,29.37121936017117,0.2099217321966724,24.59921570724049,10.99764342238678,17.057376246024052,153.21463087302982,1.123911356260603,0,normal_agv.png,0.039416284045998305
2026-05-21 19:10:00,AGV-10,41.20161480564751,31.992618566637447,0.20036393117069776,24.766382197896235,11.847404841255862,16.78881032981629,157.20224016905408,1.4322353302804274,0,normal_agv.png,0.05344228819390764
2026-05-21 19:20:00,AGV-10,41.22484478669692,31.187485627818837,0.20311559071837956,24.852160271232346,10.511736359109733,17.064888922599923,153.15331470644423,1.321303076044481,0,normal_agv.png,0.055467943523612846
2026-05-21 19:30:00,AGV-10,41.62019756411496,30.861057054856637,0.23398068349379542,24.822565982486683,11.169796766965609,16.87350895750516,163.66746736694398,1.2062374777755154,0,normal_agv.png,0.055773786880547314
2026-05-21 19:40:00,AGV-10,41.02538783082164,30.982997030691994,0.25493726333464606,25.07513002269693,11.440395725076167,16.29013340585783,145.43371214278096,1.263654961609791,1,normal_agv.png,0.04889058347109114
2026-05-21 19:50:00,AGV-10,42.02704545877902,30.39972086128359,0.1982002841931556,24.658741487479613,12.235663955273836,17.128200859710294,156.05378555813522,1.2108899707260674,0,normal_agv.png,0.054195191878331085
2026-05-21 20:00:00,AGV-10,40.53386086670836,32.32251505566506,0.23502242381560962,24.421947960662568,11.409432032792553,17.56249294370502,143.6719240077782,1.2631860856334147,0,normal_agv.png,0.051504660582783135
2026-05-20 20:10:00,AGV-11,52.66345323420301,32.568763876602944,0.4700796205359786,23.66451844013837,14.163282132794208,8.643700459044103,160.3952181129611,1.09876322895988,0,agv11_wheel_hotspot.png,
2026-05-20 20:20:00,AGV-11,52.90613780887908,31.987864050815165,0.4822891116417362,24.29559029375014,12.441348614930712,8.867953670002246,199.27375177312626,1.0310149336063177,0,agv11_wheel_hotspot.png,0.091532250809102
2026-05-20 20:30:00,AGV-11,52.52261204091578,32.434465688969205,0.4545490458409071,24.36616053917921,13.467993248795512,9.569144356078269,171.07351888428255,1.1987039884596555,0,agv11_wheel_hotspot.png,0.0648520615977807
2026-05-20 20:40:00,AGV-11,52.97195751194403,34.900567847963686,0.5490729973241298,24.258142871725525,13.524576549100614,8.217861351555879,203.37942025605128,1.172076705921505,0,agv11_wheel_hotspot.png,0.05315318265402628
2026-05-20 20:50:00,AGV-11,53.67086337126918,33.72751224811503,0.5848005740505742,24.630353172590514,13.150694068098748,10.312373770818457,179.83648303494428,1.1961111696528584,0,agv11_wheel_hotspot.png,0.046948064266177085
2026-05-20 21:00:00,AGV-11,54.49478071180759,34.35971090963594,0.4518073198126274,23.730981415750886,13.145223630439235,9.708135218400123,154.5747331053704,1.0674375699872345,0,agv11_wheel_hotspot.png,0.04256271249071887
2026-05-20 21:10:00,AGV-11,52.424091099952875,34.902007135625844,0.5496657704512317,24.591070454100304,14.322873277931965,8.816821145011698,174.42291478824995,1.1750972461121116,0,agv11_wheel_hotspot.png,0.046176060404418615
2026-05-20 21:20:00,AGV-11,52.61054324818626,35.79841765288741,0.5641161620545221,24.568336026564825,13.533291359538484,9.951535782892881,165.57356368840198,1.0747147059303226,0,agv11_wheel_hotspot.png,0.03179078440099629
2026-05-20 21:30:00,AGV-11,52.9297101008167,33.08858247486382,0.49194145646959764,23.90759702308039,13.935042351529642,9.831025958706007,180.372308319372,1.1866174606852322,0,agv11_wheel_hotspot.png,0.033748483464039164
2026-05-20 21:40:00,AGV-11,55.02571449347897,33.855163338201315,0.5068344486672114,23.93922321740643,11.63752536090837,8.834061400277754,175.26054072970953,1.1704728162835372,0,agv11_wheel_hotspot.png,0.06989856194297844
2026-05-20 21:50:00,AGV-11,55.86737948968766,35.00637716658563,0.536581950134889,23.65780963367719,15.03880272093448,9.98380792430909,202.73219498531415,1.0457205003419356,0,agv11_wheel_hotspot.png,0.0855307809323501
2026-05-20 22:00:00,AGV-11,55.84770748503235,33.74113525834971,0.5222605424392699,24.517990461787655,13.24783584030873,10.56501730318993,195.32187156023065,1.1135111952318388,0,agv11_wheel_hotspot.png,0.08488526568100149
2026-05-20 22:10:00,AGV-11,55.98466161905704,35.313163961692524,0.539932387825628,23.538608476552636,13.223939316105584,10.034312678903904,164.94620297757837,1.0130105774042788,0,agv11_wheel_hotspot.png,0.08249178541707997
2026-05-20 22:20:00,AGV-11,55.2716838413449,35.11632530004445,0.578988865940419,23.389720204735653,14.442779070895256,10.336263165798256,176.95614065198657,1.1187524005313547,0,agv11_wheel_hotspot.png,0.08713318092997004
2026-05-20 22:30:00,AGV-11,54.79509462455366,34.56154375660405,0.5494287671461615,23.830202953397993,16.145425755341208,10.839091474973099,180.88969148129067,0.9601243044035217,0,agv11_wheel_hotspot.png,0.11381741372140809
2026-05-20 22:40:00,AGV-11,56.624019311954825,34.77273830524492,0.5378967497494817,23.910977157947503,10.02130953265785,10.620379814256799,166.1553465243886,1.1138215704787708,0,agv11_wheel_hotspot.png,0.15425622042861367
2026-05-20 22:50:00,AGV-11,56.36634649001069,32.97597680344344,0.5526933500600502,24.234757250980902,13.166158658993497,10.012174241560885,188.74030442522428,1.0363995310006193,0,agv11_wheel_hotspot.png,0.15007950743507817
2026-05-20 23:00:00,AGV-11,56.069104256570824,33.99445766338299,0.5085549153638751,24.616930737129348,15.69812387106655,10.517687198027446,144.43671940040343,1.0381025371328487,0,agv11_wheel_hotspot.png,0.16069359466793223
2026-05-20 23:10:00,AGV-11,57.63306501007435,34.39409518265972,0.5326209871005337,24.181178075282677,15.151393295127688,9.964901058585639,173.59091127351695,1.1224628709058018,0,agv11_wheel_hotspot.png,0.16001735746022341
2026-05-20 23:20:00,AGV-11,58.42645323801546,34.73498730390786,0.4581773593670504,24.6616353660196,12.639229291355885,10.891667155471406,185.66046549202872,1.3677808674033838,1,agv11_wheel_hotspot.png,0.16821474305041978
2026-05-20 23:30:00,AGV-11,57.170496981565854,34.13188332558562,0.5751796886295142,24.63535402213029,11.843888647143668,11.01386160569969,169.20361732909672,1.1602366437014209,1,agv11_wheel_hotspot.png,0.16112295487521539
2026-05-20 23:40:00,AGV-11,60.10477564068105,35.15543518499523,0.6061905773025799,24.04503014259191,18.85586779228398,11.049453095036954,197.29754547682268,0.9897622156048493,0,agv11_wheel_hotspot.png,0.17674736397194474
2026-05-20 23:50:00,AGV-11,57.72907996796708,33.714609735606814,0.5999565760385766,24.09772266866877,13.662154865696976,10.130950710876764,169.3780970398733,1.2224732247520333,0,agv11_wheel_hotspot.png,0.17259788891634634
2026-05-21 00:00:00,AGV-11,58.08019180197212,33.015054841391674,0.5966219532822296,24.44485445945639,13.6084597832966,12.14430523971791,179.55738602071392,1.123264756117919,0,agv11_wheel_hotspot.png,0.17464217753530223
2026-05-21 00:10:00,AGV-11,58.09464212454517,35.748807927197255,0.550821524996609,23.937013642112845,16.77514529715824,11.310577458171569,165.1626822301052,1.0151028119024081,1,agv11_wheel_hotspot.png,0.1845955490086091
2026-05-21 00:20:00,AGV-11,58.28783614161958,34.91147126145544,0.6421231717425764,24.452646948659464,11.870392109116935,11.767834323173787,190.77735445975694,1.114317068200572,1,agv11_wheel_hotspot.png,0.19492683211471573
2026-05-21 00:30:00,AGV-11,59.36345016161032,35.448105976559916,0.5574368828540799,24.03965781957006,16.91089671459351,12.605909835808799,180.13310188278618,1.072666607763063,0,agv11_wheel_hotspot.png,0.17244931861250945
2026-05-21 00:40:00,AGV-11,57.38432860690863,34.727038888490384,0.5625050475356312,24.320626262128638,15.603222134304385,11.159994829752556,200.73650011358149,0.9274724655046944,0,agv11_wheel_hotspot.png,0.1366350415983801
2026-05-21 00:50:00,AGV-11,60.135087818972906,34.44849107837355,0.5785274993178308,23.826442285643576,15.387914396524579,12.491553056326488,169.6112142013425,1.2324842949990806,0,agv11_wheel_hotspot.png,0.12988177084079383
2026-05-21 01:00:00,AGV-11,57.84937722601997,35.29426627063041,0.5898463652161352,23.958357589809193,12.18723987840869,10.99473927860059,157.69065310188856,1.074770279753288,0,agv11_wheel_hotspot.png,0.15045794057255413
2026-05-21 01:10:00,AGV-11,59.14588711126008,34.7041501642847,0.582053402498756,24.345016287101245,11.80776148855374,12.189864359373594,189.10176970431505,1.3045987678053588,0,agv11_wheel_hotspot.png,0.16203569467140086
2026-05-21 01:20:00,AGV-11,60.40871691633558,35.18921263510723,0.6123593861652357,24.025187261995733,19.052667641599133,12.41356448800474,193.54017214048872,1.0300692591881884,0,agv11_wheel_hotspot.png,0.18315985244745653
2026-05-21 01:30:00,AGV-11,59.8001692597212,36.46501145059961,0.702293204441942,23.755415727611275,8.986046974343271,11.703377035812256,179.30934398442437,0.7838046165489903,0,agv11_wheel_hotspot.png,0.2567263798153577
2026-05-21 01:40:00,AGV-11,59.23659063527578,35.8073644828914,0.5347277286299139,24.016482637981138,11.669377450930844,11.701654520133442,185.92382650812038,1.2999875350864327,1,agv11_wheel_hotspot.png,0.26735921979313343
2026-05-21 01:50:00,AGV-11,59.69746049691073,35.55165921302286,0.611478201113542,23.958221414563596,13.902082650158619,12.740939700747607,167.00144168361754,1.2360848488029998,0,agv11_wheel_hotspot.png,0.26192811108774644
2026-05-21 02:00:00,AGV-11,65.49501913695633,35.77990903787083,0.7367111336480668,24.07692461489554,12.347042999855308,13.011945831326171,207.2723825501368,1.155715232090687,0,agv11_wheel_hotspot.png,0.26089416189637793
2026-05-21 02:10:00,AGV-11,61.14201217153165,34.680479154630405,0.6332272976547377,23.353567887723333,15.960287039582342,12.816795692148586,186.26188547044748,1.2607940902957389,0,agv11_wheel_hotspot.png,0.2578427392812648
2026-05-21 02:20:00,AGV-11,61.32401674244798,35.154654413330796,0.6743836516745108,24.110378723060027,11.39846114035118,12.559543676057555,182.2208612083622,0.9318038017120661,1,agv11_wheel_hotspot.png,0.19161393494616655
2026-05-21 02:30:00,AGV-11,61.692977195788046,35.064022913053506,0.6734012765907834,23.981036411638993,13.203087460794853,13.70004939196523,173.55102043613687,1.1392610505043825,0,agv11_wheel_hotspot.png,0.12948079984910915
2026-05-21 02:40:00,AGV-11,62.49657595058401,35.68955410575186,0.569203350230312,23.966571267750382,10.40406186132044,12.387979247976357,188.92984931838996,0.8826454246200658,0,agv11_wheel_hotspot.png,0.15245164840583414
2026-05-21 02:50:00,AGV-11,61.343366773094495,35.89323284124997,0.6621209078764893,23.74866797034692,14.65693890837278,12.622058988267309,182.00449789783102,1.11884409120909,0,agv11_wheel_hotspot.png,0.15875424107655942
2026-05-21 03:00:00,AGV-11,61.416175926159106,37.3383596250379,0.6006559477662025,23.968423916478358,20.22014763349152,14.26033995077153,172.16948565237365,1.051040584806944,0,agv11_wheel_hotspot.png,0.24757510341395275
2026-05-21 03:10:00,AGV-11,60.41467688870044,34.625756241272846,0.6390780238863358,23.82842747104869,16.860170025589188,13.21759282706292,171.08819717182647,1.1821158697042116,0,agv11_wheel_hotspot.png,0.2520337740731049
2026-05-21 03:20:00,AGV-11,64.58023850413787,34.90487970511725,0.6811207409074459,23.326930966026175,11.34828666319087,14.253097802563069,191.09638936045903,1.0604480893164099,0,agv11_wheel_hotspot.png,0.2527659535054102
2026-05-21 03:30:00,AGV-11,64.4456794316367,35.93994317794945,0.7034745395888735,23.315819957626072,12.665277606304786,14.31667532390615,172.23699766630207,0.9282794886876256,0,agv11_wheel_hotspot.png,0.2573407774906847
2026-05-21 03:40:00,AGV-11,63.88461564868705,36.277876888872704,0.6421330014288452,24.0697321691832,16.69046669964269,13.332538395937513,199.4072653622209,1.199538427633955,0,agv11_wheel_hotspot.png,0.20826284680292265
2026-05-21 03:50:00,AGV-11,63.44604267403448,34.98235857933045,0.6547146397960928,23.800137430795022,11.866944073066495,14.161622258324398,160.233022013709,0.9129479184024399,0,agv11_wheel_hotspot.png,0.2359547553375417
2026-05-21 04:00:00,AGV-11,64.29731156936306,35.40694360875222,0.5775221929764626,23.592127757385555,15.757483779085673,13.427717499716533,212.25466189996817,1.1497568635632973,0,agv11_wheel_hotspot.png,0.17716244351067825
2026-05-21 04:10:00,AGV-11,65.37357453324356,35.100964515109325,0.6397085237506541,23.57377595016748,14.175778298319237,14.531809873115353,164.47663471966325,1.2166027966238904,0,agv11_wheel_hotspot.png,0.1571514052943561
2026-05-21 04:20:00,AGV-11,64.8660480234329,35.42752488027816,0.7058291845169079,23.341289396548778,14.114067818053435,14.47434238071923,171.61775562394809,0.8846013136304278,2,agv11_wheel_hotspot.png,0.1275673816526714
2026-05-21 04:30:00,AGV-11,63.15994817759368,37.21394743431359,0.6956091807218736,23.594412695696565,12.471974018520138,14.593451907852883,161.84727142354078,0.993467393931516,0,agv11_wheel_hotspot.png,0.13028104030777657
2026-05-21 04:40:00,AGV-11,60.66640420441639,34.974385693029426,0.7415707368130331,23.668718972824912,16.803895385338993,14.464921143075715,178.8241995040591,1.189984122789159,0,agv11_wheel_hotspot.png,0.13230176718950024
2026-05-21 04:50:00,AGV-11,61.48568873124883,35.48129960045235,0.7292837767612256,23.63660538868258,11.97466527031795,14.493643020392168,180.12172047708316,1.5865971796520626,0,agv11_wheel_hotspot.png,0.13027696234193706
2026-05-21 05:00:00,AGV-11,63.829048002846726,37.163591331843605,0.7198422401822862,23.777169884682003,12.71377822938151,14.31446854895358,176.4602985169958,0.9192963496742749,0,agv11_wheel_hotspot.png,0.12838652801551975
2026-05-21 05:10:00,AGV-11,61.391743779508694,36.19693158307874,0.7181098014948606,24.227422784330138,11.78723932308509,14.358451733239303,193.51667671593256,0.9086249558588957,1,agv11_wheel_hotspot.png,0.14259541862178432
2026-05-21 05:20:00,AGV-11,68.67670568935394,35.7178010544453,0.7058796913715422,23.329530614287062,15.543732746575017,14.846028072598525,185.23322746955506,0.6584594303790141,2,agv11_wheel_hotspot.png,0.1548611968776744
2026-05-21 05:30:00,AGV-11,64.17969429615951,36.24905788342422,0.676247717462441,23.82350255545863,14.738526880350182,14.590790577645153,177.7125048253512,1.3452529388812848,0,agv11_wheel_hotspot.png,0.1485856806367449
2026-05-21 05:40:00,AGV-11,67.09696699662214,35.95707136248345,0.6545049251620153,23.142242634949454,10.540401142336501,14.870195033628447,180.7446564535128,1.648886736142312,0,agv11_wheel_hotspot.png,0.14754034932721918
2026-05-21 05:50:00,AGV-11,65.3658863365021,35.04208602451495,0.6864784946237993,23.95845769898608,14.960802263401472,15.321516897889632,171.57173023106273,1.2570799517855806,1,agv11_wheel_hotspot.png,0.1497310494534901
2026-05-21 06:00:00,AGV-11,66.25293864260442,35.63092559208101,0.7318581961960675,23.88504804406326,24.547129538066734,15.448813379211595,186.5700788777809,1.2506531274825294,0,agv11_wheel_hotspot.png,0.32038438666012575
2026-05-21 06:10:00,AGV-11,66.00913794567448,37.766913378548566,0.6663845427682078,24.134169113093236,19.207202571890512,14.464739796845814,168.03809215790363,1.553953511643118,0,agv11_wheel_hotspot.png,0.2877509430439496
2026-05-21 06:20:00,AGV-11,64.30212462801155,37.57434555337585,0.7569226943993014,23.44958404372038,11.862584148698653,15.633399640248598,184.67084906544642,1.113274613535682,0,agv11_wheel_hotspot.png,0.3227454510982652
2026-05-21 06:30:00,AGV-11,67.83668490808058,36.02544320147109,0.6472511008978195,23.40443548298838,20.157118968923317,15.390822436639999,163.04825051446576,1.1458515124201387,1,agv11_wheel_hotspot.png,0.31792666068357534
2026-05-21 06:40:00,AGV-11,67.62621802734148,35.8496952001615,0.7331214220069731,23.61502049190214,9.355685077610516,15.467880009753582,200.61203736225164,1.1450522014455,1,agv11_wheel_hotspot.png,0.33929237967034376
2026-05-21 06:50:00,AGV-11,65.90711096937919,36.13617198719825,0.6994484284041315,23.8412897637265,14.211708322620453,15.51666850870529,190.73413601959635,1.5298320901911988,1,agv11_wheel_hotspot.png,0.34508584879916737
2026-05-21 07:00:00,AGV-11,67.96002623683866,35.98357991564702,0.7670218747576247,24.084441937558324,17.976472455710432,14.604872838066218,169.52170425925922,1.3346747712362725,2,agv11_wheel_hotspot.png,0.2807236871388886
2026-05-21 07:10:00,AGV-11,69.1299557099859,36.60751513237925,0.7049891160569999,23.267418125654444,15.368853445724323,16.285987497096322,188.27154807263318,1.284745272345497,0,agv11_wheel_hotspot.png,0.26600200921884326
2026-05-21 07:20:00,AGV-11,68.9225405571327,36.12576522396781,0.7833964452166148,23.657516787032016,12.993300952377686,16.19786353904164,190.32654779812003,1.052878523424438,1,agv11_wheel_hotspot.png,0.25297542397547546
2026-05-21 07:30:00,AGV-11,70.92435290282842,36.167242446409816,0.7667652537948599,23.867192682262363,24.486512936000935,15.971592777753823,207.98591033952687,1.1382160649628736,1,agv11_wheel_hotspot.png,0.3269459751993929
2026-05-21 07:40:00,AGV-11,70.14973419602151,37.39556985677055,0.7915917126678971,23.658646577721093,12.040928475642826,16.047808254491947,185.0091757199856,1.0782875612998675,3,agv11_wheel_hotspot.png,0.2819396299206148
2026-05-21 07:50:00,AGV-11,69.96593661709178,37.1356205017467,0.7697298568020339,23.361731278225914,14.199434903770072,16.598364970168284,202.6212427521603,1.356176734324069,1,agv11_wheel_hotspot.png,0.2820409004847219
2026-05-21 08:00:00,AGV-11,70.28771738140253,35.621063903615834,0.7876829407204797,23.686770410466313,8.288629225109398,17.051002122038312,162.49517726789003,1.4894369335532016,0,agv11_wheel_hotspot.png,0.37289670534207503
2026-05-21 08:10:00,AGV-11,72.57129640038745,36.238604344254654,0.6750117442757756,23.30918363627223,12.235977215072428,16.76745431435323,181.01205037885833,0.733207550214448,0,agv11_wheel_hotspot.png,0.3908466651124128
2026-05-21 08:20:00,AGV-11,69.34667268747519,35.850562964323636,0.8328948234453633,24.310904644949158,15.660695943266788,16.433047346617624,178.23255423610118,0.8883131840501072,0,agv11_wheel_hotspot.png,0.37928002539684363
2026-05-21 08:30:00,AGV-11,68.81515069425315,36.806138819212904,0.738551404102364,23.059116842473575,15.166363481788698,16.451571900476775,180.40765751508695,0.749521042800462,0,agv11_wheel_hotspot.png,0.2100233414066863
2026-05-21 08:40:00,AGV-11,69.80087332175256,36.437698448054654,0.8051211151720498,23.526100550310115,18.734087045913526,16.39173740786648,188.36205792137804,1.2675507064852127,4,agv11_wheel_hotspot.png,0.2512557154811835
2026-05-21 08:50:00,AGV-11,70.58376151380777,36.799975410243185,0.7747900381265419,24.100156059780904,6.460662021228556,17.152827489100726,188.1602240745962,0.6731415092783963,1,agv11_wheel_hotspot.png,0.36739142442275097
2026-05-21 09:00:00,AGV-11,70.41246740097709,37.01753992730928,0.7681420194160777,23.776063858740944,20.1366703120814,16.815990318647202,177.78692717849773,0.8278065751289647,0,agv11_wheel_hotspot.png,0.33380783185137286
2026-05-21 09:10:00,AGV-11,69.68899572202375,37.68419290449363,0.8422044145373072,23.900877715066546,17.42016972342803,16.269062127325824,169.74209694980345,1.1856316032799832,1,agv11_wheel_hotspot.png,0.3107350094214528
2026-05-21 09:20:00,AGV-11,72.92122946441238,36.20557380512394,0.8351104035701395,23.801586857290943,17.765631829789086,17.437679129272638,180.64688146429575,1.2830080410090066,1,agv11_wheel_hotspot.png,0.30898406809148804
2026-05-21 09:30:00,AGV-11,70.60680508006963,36.05227058858123,0.8100009312614679,23.593925377452965,11.578037632213926,17.222154118770476,170.80119278024893,0.6659572523415478,1,agv11_wheel_hotspot.png,0.3419386858406579
2026-05-21 09:40:00,AGV-11,74.00068521331342,35.9344473829787,0.7654656615167723,23.289649671711512,22.841236700284362,17.923058628728366,184.01544381537994,1.7077728715062466,3,agv11_wheel_hotspot.png,0.37378956417586384
2026-05-21 09:50:00,AGV-11,71.91164266177364,36.65270679727078,0.8647035085656629,23.673805215809605,22.15475392785719,17.94600203622314,206.59475778145534,1.178651789967617,0,agv11_wheel_hotspot.png,0.22026046171395752
2026-05-21 10:00:00,AGV-11,73.85279540239829,35.64651993965644,0.7644212185606281,23.932417083353524,19.905167685200215,17.65534252040599,206.07220137489207,1.2543562050817871,1,agv11_wheel_hotspot.png,0.21987316189403594
2026-05-21 10:10:00,AGV-11,73.6083171926837,37.475446905438695,0.7788205085471992,23.318499502053623,22.707077881011948,18.344439640779335,165.21618268992665,1.2792121751820082,1,agv11_wheel_hotspot.png,0.22294886248470952
2026-05-21 10:20:00,AGV-11,72.42654556359025,36.78127143830832,0.8427276545521265,22.982885300897873,15.198140379532463,17.279456190180483,194.55950508917164,1.0965390605013157,0,agv11_wheel_hotspot.png,0.2446710724204154
2026-05-21 10:30:00,AGV-11,73.25341799229655,36.285202444821195,0.8022645837982113,23.37489170435958,13.305317346615759,17.61684710844556,173.39511472985714,1.7422036629713127,1,agv11_wheel_hotspot.png,0.21357174551364394
2026-05-21 10:40:00,AGV-11,72.14983414946072,37.87697960707944,0.750279543095919,23.241143194999413,22.60191595957358,18.33299133552489,164.99748672826883,1.178996926603434,2,agv11_wheel_hotspot.png,0.21197047951293965
2026-05-21 10:50:00,AGV-11,76.2448442440784,36.11978051284211,0.8475019085848491,23.776130674274654,10.997898606352056,18.11833154179295,174.1042215618188,1.2426457560260524,1,agv11_wheel_hotspot.png,0.28544092026916124
2026-05-21 11:00:00,AGV-11,75.51651144775298,37.04857520049145,0.799569596552066,23.473846121495598,4.782382816471113,18.01554908793033,186.69561367137803,0.8303671653006421,2,agv11_wheel_hotspot.png,0.4644515328056495
2026-05-21 11:10:00,AGV-11,72.32545388069292,37.5424511722774,0.8329318853901142,23.407017456457744,24.795477718178176,17.745635907530815,166.6045424713722,0.7845103182675494,2,agv11_wheel_hotspot.png,0.4867547156510283
2026-05-21 11:20:00,AGV-11,74.12058393295705,38.09332772623111,0.8118299153361814,23.25140255822516,20.810302757317725,18.00437547754055,167.11733582551562,1.3371699115043207,0,agv11_wheel_hotspot.png,0.4792163239902631
2026-05-21 11:30:00,AGV-11,72.74944581978814,37.498414107149706,0.846911763326153,23.222758218858317,15.599778171545605,18.595149068398857,186.82613363580555,1.6184774632918293,1,agv11_wheel_hotspot.png,0.4611701135575436
2026-05-21 11:40:00,AGV-11,73.69720013201511,37.77341244163218,0.8717508239685697,22.75709701361639,12.190091348074914,19.114275777163353,191.9502624013743,1.894113953347174,3,agv11_wheel_hotspot.png,0.48356547625867063
2026-05-21 11:50:00,AGV-11,75.81555525212215,37.02910371021936,0.8487005387128321,23.234680341896777,15.696936962539422,19.524135154231836,158.43769056739242,0.6959309467530858,0,agv11_wheel_hotspot.png,0.44313674133768777
2026-05-21 12:00:00,AGV-11,74.78491507379609,36.766823514063894,0.7996250141324635,23.030201594812755,17.97825165399824,19.443998397703087,206.2227068710389,1.4502777223273644,3,agv11_wheel_hotspot.png,0.24904075416815474
2026-05-21 12:10:00,AGV-11,74.74216420835849,37.49222819457985,0.7588122937118412,23.58567963574014,16.48592060469692,19.527516145289383,193.4939810696911,1.66167644833034,0,agv11_wheel_hotspot.png,0.17351265359103116
2026-05-21 12:20:00,AGV-11,75.39496257446184,36.18472082810462,0.8625746304991114,23.110519144815466,7.654086333641873,19.855343855291576,184.8957151176834,0.6510162567463442,1,agv11_wheel_hotspot.png,0.2633011840424218
2026-05-21 12:30:00,AGV-11,76.04435576036835,37.595677950290195,0.9036794339187535,22.91428590489731,18.578584677260224,19.69824578183804,187.92237782567526,1.095846318557066,4,agv11_wheel_hotspot.png,0.2807322601870869
2026-05-21 12:40:00,AGV-11,76.34773092349732,37.866642060494186,0.8673121585668051,23.13565597550692,10.004404120440018,18.662504724487015,158.48156432298154,1.3528049095472836,1,agv11_wheel_hotspot.png,0.31231542261756406
2026-05-21 12:50:00,AGV-11,77.63824130144162,38.18338586180309,0.8245827908661728,24.02257506664238,13.662388410174126,19.709920388963344,169.16104827897783,1.623558546525694,0,agv11_wheel_hotspot.png,0.31694155738924684
2026-05-21 13:00:00,AGV-11,75.74808106944805,36.0021547627333,0.8584502258963677,22.945484036761588,16.967508722018614,19.719620735906116,176.81311912448595,0.6633352763769031,1,agv11_wheel_hotspot.png,0.3091570744185952
2026-05-21 13:10:00,AGV-11,77.98546571361159,36.640086606648524,0.8683331892841026,22.345204804803505,17.24720728081199,19.461291825501227,197.590463657776,0.9884042684168856,1,agv11_wheel_hotspot.png,0.3136338563632644
2026-05-21 13:20:00,AGV-11,75.79256847442764,37.73341881134957,0.8211211878796001,23.13754992450367,22.826585708678554,20.23539109215465,182.43128538970163,1.1232628587059958,1,agv11_wheel_hotspot.png,0.2639035056731516
2026-05-21 13:30:00,AGV-11,75.02811326660623,37.996133722360845,0.9313955584814069,23.89363042366032,17.806093988288385,19.544197165346645,195.4378588530537,1.2912027970357063,2,agv11_wheel_hotspot.png,0.26226476037100543
2026-05-21 13:40:00,AGV-11,79.22147828878697,37.5731050495052,0.8829406140735383,22.96379124989677,17.3882459795586,20.752357849380157,164.43306790472724,1.934180130875398,2,agv11_wheel_hotspot.png,0.16696224856807682
2026-05-21 13:50:00,AGV-11,77.01086472352137,38.93471832499121,0.9373961986453089,23.494700389676673,26.606342637787563,18.991120632715276,197.35933863531056,1.956253006435229,0,agv11_wheel_hotspot.png,0.2017192421916621
2026-05-21 14:00:00,AGV-11,79.57913681464365,37.670917548525026,0.9467690752334066,23.053848716433997,7.8614576163154855,19.21982693689419,172.97130435674524,0.8900005722404948,1,agv11_wheel_hotspot.png,0.3463513134966082
2026-05-21 14:10:00,AGV-11,78.29113187931175,37.96166114384348,0.8849975750289142,23.379754767206855,16.52294493860001,19.58227626835702,176.442440533111,0.5612158008531991,1,agv11_wheel_hotspot.png,0.35033978176802427
2026-05-21 14:20:00,AGV-11,80.51299109592414,37.03346428847294,0.8466757725787604,23.297560255231517,14.168762609145881,19.85606218486648,198.69494716612417,1.3363707521742387,4,agv11_wheel_hotspot.png,0.36307600122206835
2026-05-21 14:30:00,AGV-11,75.32583228020057,36.719408653859155,0.7699866609521717,23.910549875098948,17.364120590241573,20.36772810203072,165.34960206790814,0.7336987157686645,4,agv11_wheel_hotspot.png,0.36389778525173616
2026-05-21 14:40:00,AGV-11,79.66858859644822,38.28897902640473,0.932813112604825,23.63866765161935,8.88827735540984,20.893058386665494,168.68343585294357,1.1095916131784345,1,agv11_wheel_hotspot.png,0.4464146192675207
2026-05-21 14:50:00,AGV-11,80.99211622749733,38.80169529526984,0.863065804031965,23.22315044621416,9.232464695257784,21.075366501500117,187.7837256426847,0.6306543040480221,1,agv11_wheel_hotspot.png,0.3394221327544533
2026-05-21 15:00:00,AGV-11,80.54588026904936,37.27276817209634,0.9582194516778718,23.49273226253977,13.628422271888317,21.26417774529986,189.9903728331741,0.9479346784689977,1,agv11_wheel_hotspot.png,0.26851100368072695
2026-05-21 15:10:00,AGV-11,78.513019209279,37.00052701715641,0.8770839830644022,23.276430032992394,7.6456783271984,21.339521086398946,180.81510441212814,1.56098247082868,2,agv11_wheel_hotspot.png,0.32154221099767083
2026-05-21 15:20:00,AGV-11,77.86922016783922,39.342510490472925,0.939187604533349,23.642880498865306,21.660915179735674,21.755655953765256,203.84344999293864,1.0952179318783073,1,agv11_wheel_hotspot.png,0.4248844453783743
2026-05-21 15:30:00,AGV-11,79.46220842145286,35.80130062698231,0.9133105924459771,23.140262560134694,14.677999769229203,21.589128389176576,211.69031080715865,1.319362249151704,2,agv11_wheel_hotspot.png,0.4149077651962351
2026-05-21 15:40:00,AGV-11,82.5829942040445,38.03103658200782,0.9360991464490314,23.293978721891495,15.922531634642246,20.4494715794263,180.71509341933444,1.6901786894013036,2,agv11_wheel_hotspot.png,0.36367083954028434
2026-05-21 15:50:00,AGV-11,81.5262526153765,37.48281440727993,0.8804194834476525,22.959542495775235,19.752998944018945,21.680180044891852,177.98227308265075,1.630352200668141,4,agv11_wheel_hotspot.png,0.3178025063549312
2026-05-21 16:00:00,AGV-11,79.54616636102477,38.224260693188576,1.0230986215382014,23.445846215335035,15.77752594203546,21.485836487708035,187.9546490437194,1.2122910166096883,3,agv11_wheel_hotspot.png,0.3049935779434174
2026-05-21 16:10:00,AGV-11,81.58071832980374,38.468418336386144,0.9152739152542119,23.338588093311454,21.392206804390906,21.804859068751256,169.58252384627923,1.726409527362025,0,agv11_wheel_hotspot.png,0.17033593432830937
2026-05-21 16:20:00,AGV-11,78.37401571123453,37.84073358564396,1.0118701386170597,23.316461133014112,17.468774204066836,21.273428142376602,162.12276463520539,1.9551745076738154,2,agv11_wheel_hotspot.png,0.14824217302574172
2026-05-21 16:30:00,AGV-11,80.72236316556567,39.31857903390197,0.9256747559270644,23.44782070504636,15.600553884277154,21.719341536469127,199.39646281861638,1.1238982052966984,1,agv11_wheel_hotspot.png,0.1367823851613341
2026-05-21 16:40:00,AGV-11,82.55588427822406,39.745785028197346,0.9421676801267078,23.11255837417595,24.389761880239657,21.78939590522846,186.319906042734,1.105397591776974,5,agv11_wheel_hotspot.png,0.1811059886073813
2026-05-21 16:50:00,AGV-11,82.46102472302664,36.380198351230526,0.9986600372396343,22.783050213945398,9.373477902075653,22.24080114696513,153.1057413407371,0.9071799408050709,1,agv11_wheel_hotspot.png,0.29984725977115645
2026-05-21 17:00:00,AGV-11,83.13592660142749,37.981398142984325,0.9274238600194317,22.943029989968647,20.604474693000206,21.34717425187177,173.86501231160105,0.3934110540730521,1,agv11_wheel_hotspot.png,0.29117049107104703
2026-05-21 17:10:00,AGV-11,83.99227752107828,38.136616474226784,0.9800517923403832,23.517518634463148,25.044075595783713,21.796029487327452,196.51829371091563,0.6436281984642644,4,agv11_wheel_hotspot.png,0.3149825060696071
2026-05-21 17:20:00,AGV-11,84.03370885192395,37.90914514859257,0.981984363856193,23.277249786371677,7.182600754450194,22.482436294792098,187.6546200939515,1.0452120782706324,0,agv11_wheel_hotspot.png,0.44621008279262253
2026-05-21 17:30:00,AGV-11,81.92705505211391,38.79239727941229,1.0446029728240662,22.70881938025674,21.55841570314344,22.78944346420857,205.88279106846747,1.4877027688393802,1,agv11_wheel_hotspot.png,0.4306698234059658
2026-05-21 17:40:00,AGV-11,83.58944486827909,38.84857876914081,0.958368678353827,23.483259914211512,5.976758476025674,23.11693392076624,186.692336069434,0.8775580377761241,3,agv11_wheel_hotspot.png,0.5589776839436933
2026-05-21 17:50:00,AGV-11,83.79750670020172,37.91958456860141,0.9642923625996954,22.99900243073246,14.41871701142377,22.57146822176129,193.8326018476063,0.9002133816246497,0,agv11_wheel_hotspot.png,0.5019254987441366
2026-05-21 18:00:00,AGV-11,85.59849056782221,39.81070354148076,1.0105614224058823,23.261039861219853,18.937305121198328,23.25619541151503,181.68565022441842,1.500001473204263,2,agv11_wheel_hotspot.png,0.49964507738184166
2026-05-21 18:10:00,AGV-11,85.15891025889822,38.511486500890705,1.0583260890765085,23.34684462924871,19.07136012530063,22.288443844388745,177.7505056324371,1.3118960320287338,4,agv11_wheel_hotspot.png,0.4531620526938237
2026-05-21 18:20:00,AGV-11,86.50414233071541,38.22652704872508,0.9560228387026074,22.545056757315717,20.745228503937263,22.628142724669953,186.79684663065729,0.3402984206643439,0,agv11_wheel_hotspot.png,0.3481598285661203
2026-05-21 18:30:00,AGV-11,83.93629967817863,38.141078017267255,0.9716675996337893,23.060180785977984,26.07368594348427,22.933836535856223,172.47529981805314,0.6224285434249389,0,agv11_wheel_hotspot.png,0.3874505297215294
2026-05-21 18:40:00,AGV-11,82.84489801953168,39.62664465212463,1.0113117546359336,23.305004478684026,25.985168138262296,22.213421977048053,174.62408275457963,0.70816815210102,1,agv11_wheel_hotspot.png,0.2162368427802756
2026-05-21 18:50:00,AGV-11,89.99734765186663,38.63557650299085,1.036094570542051,22.68729291544062,23.960076315631962,23.09003953177687,147.0978734192251,1.9878764784545782,0,agv11_wheel_hotspot.png,0.147073586554088
2026-05-21 19:00:00,AGV-11,86.76700688973268,38.7762119136857,0.9849119064978207,23.046362965987853,26.103656965545895,22.70312124780536,216.53977686343865,0.9822694127068126,2,agv11_wheel_hotspot.png,0.12938878917783822
2026-05-21 19:10:00,AGV-11,85.64809552697417,40.37857172281619,1.045985188079929,22.88793903772522,18.35930625739516,23.531898944562847,175.80050800790207,1.0989773857416154,1,agv11_wheel_hotspot.png,0.13935715417980737
2026-05-21 19:20:00,AGV-11,84.89840424994246,37.83884529994413,1.0038033145188505,23.548101899020068,17.489687848489623,23.203117389222943,190.50745594737245,0.938377018241058,3,agv11_wheel_hotspot.png,0.1748301308978048
2026-05-21 19:30:00,AGV-11,87.02036814573925,39.1151796766599,1.006830664104541,22.87464749682391,12.21786178718916,24.0,189.15354009006995,1.2385107648823261,4,agv11_wheel_hotspot.png,0.26958269998423806
2026-05-21 19:40:00,AGV-11,87.24578522325895,38.9305194144453,0.9690572955582992,23.276679326230347,15.78455995936569,24.0,163.4299746584684,1.5389255180730503,4,agv11_wheel_hotspot.png,0.2727625337530141
2026-05-21 19:50:00,AGV-11,84.96400677110778,38.70982854065669,0.9590944485026467,23.855641711212428,4.642511254888175,24.0,164.91997641210372,1.1048759877983534,4,agv11_wheel_hotspot.png,0.45107404721281724
2026-05-21 20:00:00,AGV-11,86.79380434539148,39.09409918725987,1.0796118756667719,22.65113140512566,23.847769884846965,23.590823768957463,176.63522302664185,1.292705088466024,1,agv11_wheel_hotspot.png,0.42157999696761256
2026-05-20 20:10:00,AGV-12,37.18685379050488,27.064230828728864,0.10646059417877406,24.91247949277769,9.768476869987474,5.6219850910903055,156.69947264756,1.2988988099141232,0,normal_agv.png,
2026-05-20 20:20:00,AGV-12,36.966784254334776,27.831236459614598,0.13709877354623642,25.386451531525857,9.662951943702847,4.503166637166816,155.67014091186803,1.1841118275717213,0,normal_agv.png,0.007680072491614071
2026-05-20 20:30:00,AGV-12,36.27678576041422,27.68215809374252,0.11758643068341698,25.301831036153054,9.490318066817723,5.463965536854759,160.9417646917364,1.2502607574309927,0,normal_agv.png,0.014565733490327259
2026-05-20 20:40:00,AGV-12,35.911371559049904,27.46970470677695,0.10290325540124341,24.858870395969113,10.299493832222923,5.038645235963764,149.95959138979774,1.3395208187260585,0,normal_agv.png,0.035576252971449646
2026-05-20 20:50:00,AGV-12,37.86766518159595,29.554641438475024,0.11645095613948285,25.111535540723747,9.208824070870833,5.333104034623081,161.93809008331118,1.0680067686377797,0,normal_agv.png,0.04160832763545684
2026-05-20 21:00:00,AGV-12,35.708552252290126,27.281181175864177,0.14429703789375725,25.264839288100816,9.974310699270244,4.91289213872779,156.35900089840297,1.274245760532855,0,normal_agv.png,0.03895588802293571
2026-05-20 21:10:00,AGV-12,34.27773629670227,26.699432242365035,0.07457631284977215,24.9566414096473,10.314542772569164,5.518730305784301,175.8611413142131,1.2144129717253187,0,normal_agv.png,0.04563201812923004
2026-05-20 21:20:00,AGV-12,36.858570425862254,26.853644336958546,0.12905369873433836,25.31051750841727,10.38122725614814,5.715141341841762,156.13295458724556,1.2619818712059485,0,normal_agv.png,0.049304288210953465
2026-05-20 21:30:00,AGV-12,36.73317028075531,26.222319464171356,0.1425643269724068,24.930439102575058,9.617268554039422,6.087995364562012,143.02903856710543,1.2193575334444322,0,normal_agv.png,0.0470668322578856
2026-05-20 21:40:00,AGV-12,34.581345810844844,27.013325397327616,0.12180756973483337,25.16093414725497,10.080838362954983,4.857300648609053,167.60120809055442,1.2110518045094059,0,normal_agv.png,0.044905565589287454
2026-05-20 21:50:00,AGV-12,34.90194301479401,26.37054010705111,0.0918896893932074,25.115532429871326,10.184307860038661,6.31164949284908,163.4444494435058,1.096561491821185,0,normal_agv.png,0.02735404705431764
2026-05-20 22:00:00,AGV-12,36.36539417361397,27.83562388041499,0.14136952997094754,24.911936870516886,10.813414865737991,6.230052573877399,145.40505103973652,1.0863758575943443,0,normal_agv.png,0.0383568901557433
2026-05-20 22:10:00,AGV-12,37.4756246353966,28.142054231757555,0.10756227949277575,25.199289319300423,9.78359441539475,6.083869906776485,178.18278703742823,1.129071024997964,0,normal_agv.png,0.04222752641005374
2026-05-20 22:20:00,AGV-12,36.225285037233824,26.985436494109386,0.11043193968744867,25.038085366284864,9.915572394079794,5.374002608595547,181.5863491583507,1.1609888741201135,0,normal_agv.png,0.04159707644571692
2026-05-20 22:30:00,AGV-12,36.81547945506578,27.192055371574366,0.11682338610732988,25.12581280971129,10.433985889028273,5.550073746135403,157.41041165232485,1.2662011371784967,0,normal_agv.png,0.03666915558937644
2026-05-20 22:40:00,AGV-12,36.16144690703738,26.6169953049852,0.11714631948818396,25.16468660574535,10.284263176893413,6.150136785499704,164.79828371519488,1.3424362201033924,0,normal_agv.png,0.0361593798213417
2026-05-20 22:50:00,AGV-12,37.30337714844973,27.841154690082735,0.10505665065574848,25.2174400242476,10.703008306817337,5.887115355734543,169.1490820355677,1.2787033401562564,1,normal_agv.png,0.04007698181908743
2026-05-20 23:00:00,AGV-12,37.187669752268405,26.095886713462697,0.1491352351775122,25.07549635180541,10.075652408594616,6.38566688648639,165.90270311075324,1.1555705394541695,0,normal_agv.png,0.0335258119983873
2026-05-20 23:10:00,AGV-12,35.46586266614136,28.017864443953794,0.11069357170686515,25.15397567576906,9.955113918371474,6.314346871879637,155.77743278278598,1.2714461947652553,0,normal_agv.png,0.029864861485969965
2026-05-20 23:20:00,AGV-12,36.80876071997422,26.647029307925756,0.10704573574523898,25.142548947936614,9.733971855706688,5.837571624171624,167.16879534819452,1.3076874841954618,0,normal_agv.png,0.034179743953918006
2026-05-20 23:30:00,AGV-12,36.6975764198665,28.79888987016443,0.11130708726665789,25.160132951808674,11.241515047489019,6.864880778020723,172.45618312218215,1.2505721303752617,2,normal_agv.png,0.053582818560061585
2026-05-20 23:40:00,AGV-12,35.19187795813618,26.978854812250702,0.11140521648524762,25.1170271314206,10.621285769576566,6.65860413860551,157.1880598780257,1.1696603273782993,0,normal_agv.png,0.0543656203780496
2026-05-20 23:50:00,AGV-12,38.12050012288183,28.10208952404969,0.14064992513612332,25.13787245619502,9.624417149417155,6.876822328399734,154.18760802973856,1.0255059809867457,0,normal_agv.png,0.060156419816046365
2026-05-21 00:00:00,AGV-12,35.38065153836829,26.419709413016992,0.13793518715636163,25.222536833632248,10.857768397323834,7.1952674108909696,147.09832585548543,1.270931097689099,0,normal_agv.png,0.06397342743863021
2026-05-21 00:10:00,AGV-12,37.383318964639585,28.095825981202484,0.14663540651947785,25.223419650436746,11.518265402606966,7.261625546390776,164.78674367586524,1.1939051464038464,0,normal_agv.png,0.07336299243106512
2026-05-21 00:20:00,AGV-12,37.92868972317093,27.069984519693367,0.09994861531329877,25.233240995674993,10.77369614313876,6.641670702106676,153.3831012903368,1.228148754355726,0,normal_agv.png,0.060506322093772075
2026-05-21 00:30:00,AGV-12,37.3990374274456,27.67324653399314,0.14903909258898257,25.121792269099423,10.011808286506453,7.216090626474424,152.0940077886873,1.194004994262102,0,normal_agv.png,0.06322033377075167
2026-05-21 00:40:00,AGV-12,36.647515822081566,27.57906211170642,0.14424937047817699,25.336403168604395,10.334959195118188,8.017409419763519,170.3379719151407,1.2499207305690256,1,normal_agv.png,0.06404170512687457
2026-05-21 00:50:00,AGV-12,38.38560069675997,27.74465745498483,0.162473742725933,25.231486683947868,9.892198974306305,6.819705828110254,163.67529047561413,1.2450248775960069,0,normal_agv.png,0.05756935379972587
2026-05-21 01:00:00,AGV-12,37.04242038037068,27.303256591594508,0.14742912399669475,25.185706368348765,10.443370148179797,7.711492890735671,164.54688951953636,1.222983725819927,0,normal_agv.png,0.05636439906662129
2026-05-21 01:10:00,AGV-12,36.228665376260174,28.732430019333314,0.14999187971350028,25.09245663809611,10.162784087739748,7.147597765322049,172.14884030183035,1.1968938969075122,0,normal_agv.png,0.03106417762868597
2026-05-21 01:20:00,AGV-12,37.608008654435636,29.15123480033093,0.14998455122312834,25.39758737033333,10.716146501824765,7.6549922909759305,170.82084197153034,1.1271841035017671,0,normal_agv.png,0.029357198712858187
2026-05-21 01:30:00,AGV-12,37.19834541024058,28.597650709963276,0.08927867356528715,25.158769503743095,10.696606555186515,7.301743378228839,162.8322495861072,1.1903194237405692,0,normal_agv.png,0.030610052550316524
2026-05-21 01:40:00,AGV-12,38.05875938973538,28.424460670604894,0.11797394173281991,24.81448466740253,10.230703387655762,8.060215647043606,169.4842577071817,1.3433425818890687,0,normal_agv.png,0.031182076954323908
2026-05-21 01:50:00,AGV-12,36.72857177126299,27.634980739203773,0.14513037997654285,24.730882885158028,10.648251018674697,7.921077522180328,137.0064230376294,1.0483403085269938,0,normal_agv.png,0.02317298951802726
2026-05-21 02:00:00,AGV-12,35.03741030455984,28.740579156308968,0.15491334915822616,25.046364947812986,10.526115174796285,7.7581731931919276,129.0571075090861,1.1217540589869157,1,normal_agv.png,0.023109228279742166
2026-05-21 02:10:00,AGV-12,37.487845380353136,27.86958747457097,0.17431686169937327,24.87452047431612,9.941168630025636,8.616557045025555,156.93312363623224,1.0467304778953241,0,normal_agv.png,0.029719296641757067
2026-05-21 02:20:00,AGV-12,37.589352891000566,28.74994487318232,0.12234037744302481,25.153133395607178,9.90689787599526,8.418282347378671,160.39864207491587,1.140617625159301,0,normal_agv.png,0.03394152388581738
2026-05-21 02:30:00,AGV-12,36.981041993782355,27.497771023538185,0.17689232949931125,24.80840966238206,9.231825077495614,8.142618030254535,158.11634153380345,1.1077678445082093,0,normal_agv.png,0.05083895438461135
2026-05-21 02:40:00,AGV-12,37.37032638521988,27.626186436979875,0.16221407365220392,25.279448224408945,10.797227623259975,8.64236652426359,157.5818208747102,1.226408640809212,0,normal_agv.png,0.05815101201335935
2026-05-21 02:50:00,AGV-12,36.106832490745404,26.96702254729338,0.14014667367387715,24.91032692629993,10.021365725005337,8.702289113463346,156.21607307306198,1.1824378734042287,0,normal_agv.png,0.05411475164499737
2026-05-21 03:00:00,AGV-12,38.05460797381325,27.542384902721874,0.14959899982965955,24.819585970469234,9.85495222020593,8.0647156337203,178.1290722065875,1.0674258911758745,0,normal_agv.png,0.050189381967869574
2026-05-21 03:10:00,AGV-12,37.52570451014164,27.323734386847416,0.12240207911500975,25.391979679135016,10.379226040024866,8.667972079718844,143.03683764883777,1.21069430705901,1,normal_agv.png,0.05262463198793923
2026-05-21 03:20:00,AGV-12,38.96161775018963,29.007431145377176,0.1634365946620533,24.8538231642012,10.457261009295795,8.297595674691376,173.35431728969584,1.2534067968381286,0,normal_agv.png,0.05425340619320414
2026-05-21 03:30:00,AGV-12,38.494633172851096,29.253638789841567,0.15914283334651683,25.035851632147313,11.022557670788483,8.551773718125409,168.43828774485624,1.2204272080072744,0,normal_agv.png,0.04262142879188793
2026-05-21 03:40:00,AGV-12,37.90586443428517,27.804776118088004,0.18450131044224904,25.05007148626072,9.853673152096723,9.515287777400756,146.6417315484948,1.1427339268900198,1,normal_agv.png,0.044013805167794774
2026-05-21 03:50:00,AGV-12,38.23874522412555,28.613232467791875,0.15022404129136344,25.075180464798898,10.24753675271462,8.938396071464787,155.6615247664743,1.2814236775228767,1,normal_agv.png,0.04237766855933419
2026-05-21 04:00:00,AGV-12,37.16810762778855,29.16625507746999,0.13619218805275055,25.003535579679202,10.171191122443956,9.27452067685966,157.22329802913694,1.1716838889860985,0,normal_agv.png,0.03748437179817682
2026-05-21 04:10:00,AGV-12,37.604917427662635,28.496630812527957,0.14344830685781934,25.574741370414984,11.089781801454922,9.073046108036177,152.31040087325206,1.1801914281665722,0,normal_agv.png,0.0469331422976461
2026-05-21 04:20:00,AGV-12,36.860368727720605,27.90686736821465,0.15262287335427696,25.42586689640168,10.39305927788723,9.320048816982254,167.36775408903168,1.3323734652693364,0,normal_agv.png,0.04708876020645205
2026-05-21 04:30:00,AGV-12,38.254475846898835,29.012943428483588,0.17129484181655358,25.224436347974187,10.211814974404493,8.400190517335679,157.0740525009239,1.177389977636159,0,normal_agv.png,0.040018222382234646
2026-05-21 04:40:00,AGV-12,39.075833299125755,29.193027265522776,0.19242317626418115,25.141771395781706,10.232281644602091,9.33078481965766,154.1917935317223,1.2667991541902868,0,normal_agv.png,0.03373803210874156
2026-05-21 04:50:00,AGV-12,39.53960273387625,27.955094212047417,0.1638937499831849,24.821751882267215,10.821998795794283,9.976827662648798,161.38225236501842,1.1478541057068337,0,normal_agv.png,0.03630505728137453
2026-05-21 05:00:00,AGV-12,39.09576968920309,28.057563448554493,0.14527935606898412,24.875813489065322,10.646271037017163,10.166100757455917,150.05894265769177,1.1199888863008034,0,normal_agv.png,0.03314038984183533
2026-05-21 05:10:00,AGV-12,35.683675094970795,28.660694758859012,0.13207322051658532,25.123226868474525,10.246800601172028,9.41999697033271,164.27768944350612,1.1185888598532976,0,normal_agv.png,0.024339140817678778
2026-05-21 05:20:00,AGV-12,36.76307113908489,30.55031942706848,0.16378509576562206,25.068492672175182,9.835652203081862,9.543477561653319,179.48425334132412,1.220856492957702,0,normal_agv.png,0.0339944793768173
2026-05-21 05:30:00,AGV-12,38.56698719733289,27.443726698075388,0.14868458707065876,25.420784435355095,10.62301162119932,10.219739376686949,176.62777289179468,1.1977054673090148,0,normal_agv.png,0.034892627348263865
2026-05-21 05:40:00,AGV-12,37.32524531622357,28.54753437118492,0.16541063354966576,24.988623847857937,10.592530170309196,9.954403452559372,146.98453616814655,1.2656461449335157,0,normal_agv.png,0.03433722222972888
2026-05-21 05:50:00,AGV-12,40.189356977099415,28.172218729659573,0.1531108234986926,25.04352598046791,10.75276685279797,9.953330254327339,128.87472559907582,1.0857867991625922,1,normal_agv.png,0.03312736829304874
2026-05-21 06:00:00,AGV-12,39.64140228698175,28.43197813116832,0.14905074458792747,25.00157175049529,11.21136049755589,10.376423239795935,173.58357166430605,1.1468350874028161,0,normal_agv.png,0.044234804171558964
2026-05-21 06:10:00,AGV-12,39.12363221724099,27.64539275585362,0.1549245571011665,25.42162867794577,10.980555665538033,9.111283426401496,152.3784153697378,1.0769997425412219,1,normal_agv.png,0.04398777421965539
2026-05-21 06:20:00,AGV-12,38.65826460445699,28.1548629259594,0.14698050787564898,24.95843455738448,10.35973546924602,9.542872095741046,161.93586995065698,1.199273376472345,0,normal_agv.png,0.028181465932704257
2026-05-21 06:30:00,AGV-12,38.54931283975248,27.473763492405674,0.13026094432073865,24.935764146941487,10.0754329626219,10.66509028764556,167.164302036574,1.230743094453266,0,normal_agv.png,0.03871091031027214
2026-05-21 06:40:00,AGV-12,35.33545669085925,28.656283729734742,0.10654047550337856,25.000134534662035,10.436973835068777,10.689596927912392,171.08531577253015,1.001396481127133,0,normal_agv.png,0.03974598842967502
2026-05-21 06:50:00,AGV-12,37.41840722325647,27.535022441174643,0.17760151200703608,24.57688827067824,10.936382016035001,10.600136475087204,163.01001233918475,1.1906355741531789,0,normal_agv.png,0.04117479475758728
2026-05-21 07:00:00,AGV-12,38.80535044116871,29.007826758077027,0.1676066141790045,24.89646345706796,10.43123307193812,10.58019179429641,181.69770748750665,1.2218875658609343,0,normal_agv.png,0.033471250198676764
2026-05-21 07:10:00,AGV-12,39.91168033223253,28.157953657767052,0.14614279345915157,24.774694130459725,9.795653966344515,11.056034947703823,153.3485970071559,1.0702081202595277,0,normal_agv.png,0.0372108672020288
2026-05-21 07:20:00,AGV-12,38.99071211272628,30.168382907119174,0.17494130993457518,24.530077249003448,10.996552271760745,10.933707832035827,145.56381442732902,1.0792358702024036,0,normal_agv.png,0.04498886428298725
2026-05-21 07:30:00,AGV-12,38.890756299450594,28.66115574678153,0.13365743705539038,25.37189717806052,10.022128117764009,10.70450098774299,152.82441360799947,1.2210352623008875,0,normal_agv.png,0.0458716824020079
2026-05-21 07:40:00,AGV-12,40.129561873869584,29.22955643244516,0.15278344971944793,25.136667562534964,10.289025063078403,10.64667924183237,185.27010418328604,1.2712326404149472,1,normal_agv.png,0.0463419532302934
2026-05-21 07:50:00,AGV-12,39.73866809678931,28.436266625615545,0.166705773607223,25.010108261570224,10.392668659488299,10.146230418161004,163.60198136333216,1.3970410951020018,0,normal_agv.png,0.039712054929377315
2026-05-21 08:00:00,AGV-12,40.04804326821804,28.487587745668574,0.16572834400800696,25.1209527314659,10.492846906369472,11.24767197833968,160.17183850385527,1.312268892589847,0,normal_agv.png,0.040065510445932914
2026-05-21 08:10:00,AGV-12,41.031882056392455,28.747948458565798,0.15322388787644475,24.76521783832711,10.602535812012302,11.059250717815999,164.65384076819174,1.23834834070548,1,normal_agv.png,0.03124190948752097
2026-05-21 08:20:00,AGV-12,38.16052234219294,28.704653021118737,0.12245384509530013,25.0429616086438,10.523660154863228,11.434044834636655,164.31268441605056,1.2150783192871588,0,normal_agv.png,0.020152915688845988
2026-05-21 08:30:00,AGV-12,38.23021480355583,27.966443204463292,0.13666859533340817,25.039221207903378,11.010828127479767,11.751988422940213,151.68952151688902,1.2730199823931077,1,normal_agv.png,0.023670418543377716
2026-05-21 08:40:00,AGV-12,41.189895390323464,29.523244329445795,0.20219314499301047,25.164840911111465,10.409617727752968,11.077650677920849,152.61284734457612,1.1468334547255625,0,normal_agv.png,0.021595876526695063
2026-05-21 08:50:00,AGV-12,38.83396045745937,28.454634262869934,0.15847834981050835,24.985211323086904,10.14635503991346,11.386666387148198,163.66985756551026,1.2434819466040021,0,normal_agv.png,0.02684297068751626
2026-05-21 09:00:00,AGV-12,39.70525192701976,30.239631966472643,0.17027677395786486,25.020920483964716,10.106280787248663,11.683881845265425,157.5560016446249,1.2737341055582054,0,normal_agv.png,0.031790032067854794
2026-05-21 09:10:00,AGV-12,38.985143125135174,29.03709009941769,0.17178973732160893,24.81469793368063,11.13240501124165,11.574696247206843,150.51378098791034,1.1185569862461748,1,normal_agv.png,0.04089640819984941
2026-05-21 09:20:00,AGV-12,38.40505314194061,30.183519942329372,0.152469096505231,24.848241560174586,9.94033504826976,11.66596719993103,158.28787496217888,1.0913841018505959,0,normal_agv.png,0.047842291825506554
2026-05-21 09:30:00,AGV-12,39.904781737225925,29.31685694178482,0.18408805426018554,24.928831948234947,10.156510081813847,12.016599667733882,153.5549229812433,1.2627356079988452,0,normal_agv.png,0.041462072139886626
2026-05-21 09:40:00,AGV-12,40.262428742757166,29.683965319462,0.15564987432822075,24.884081200282004,10.644882937032824,11.914831982330375,142.29566097463777,1.1320575230471925,2,normal_agv.png,0.0433010275105626
2026-05-21 09:50:00,AGV-12,39.37394808455394,28.416944959160922,0.20967548092243524,24.432508093025778,10.63405394847592,12.006414180719167,164.33046378603947,1.2422769513458967,0,normal_agv.png,0.04286151991640004
2026-05-21 10:00:00,AGV-12,39.54844859109638,27.463120909162676,0.15015076777543654,24.987967268451953,10.888432434793415,11.815830304441707,162.14799014979303,1.2231735849710512,0,normal_agv.png,0.04221447851601124
2026-05-21 10:10:00,AGV-12,40.30328629300342,28.35142281912841,0.15727103780332624,25.20103882757416,10.692406684452834,11.97150010510159,156.90496617240206,1.3059059690176726,1,normal_agv.png,0.034566703489758654
2026-05-21 10:20:00,AGV-12,40.53085102455392,29.277357498282885,0.2031112683359315,24.940267034676744,10.004585877233254,12.42558172742402,153.34908051918214,1.098339483606264,1,normal_agv.png,0.03271033055085788
2026-05-21 10:30:00,AGV-12,39.709126854709126,29.82994124880673,0.1743461166847891,24.996042549515355,11.070770188926888,11.489685061783808,154.75145220065673,1.1986262849129432,1,normal_agv.png,0.03389693046164596
2026-05-21 10:40:00,AGV-12,40.1918821468051,28.89340821785607,0.17042817849809253,24.74247189753303,10.49334922758593,12.043044037557895,163.52039110007618,1.3678035132037651,1,normal_agv.png,0.03455745984888207
2026-05-21 10:50:00,AGV-12,39.236004299811455,28.454427636576,0.15892622305944995,24.695942809985972,10.750550656965281,11.925304650857555,152.33796909654632,1.2357369519416732,1,normal_agv.png,0.03480271647224341
2026-05-21 11:00:00,AGV-12,38.57964890991137,28.6502622394859,0.18941125635878509,25.35378862095592,10.098740602332102,12.381469420076222,156.96136570518868,1.1726443350534999,0,normal_agv.png,0.03873580645075691
2026-05-21 11:10:00,AGV-12,39.46172338287357,29.679651474795627,0.1678826780990016,25.243474723164898,9.891255389215932,12.248586848114202,166.42121003876585,1.2355899933341699,1,normal_agv.png,0.04487936829137031
2026-05-21 11:20:00,AGV-12,38.794447372904,30.257476495373655,0.16381914855602936,24.824121757304432,11.080018117593509,13.232217749718975,164.06158830130565,1.2027792986831218,0,normal_agv.png,0.04698679300836947
2026-05-21 11:30:00,AGV-12,41.42874196657778,29.238051606088735,0.17040347065181946,25.322230957817165,11.426708504078665,12.477751486184617,142.87807639877605,1.2373842161035904,1,normal_agv.png,0.054858367204609425
2026-05-21 11:40:00,AGV-12,38.80853921644241,30.870048006155244,0.1545233665312874,25.300589859117647,10.597587236686605,13.37702724575763,159.68066109949189,1.1041840519299855,0,normal_agv.png,0.05447670326920909
2026-05-21 11:50:00,AGV-12,39.643737801490474,28.804464930319156,0.17738956902949943,25.211221303824093,10.692775155870224,12.93806680407229,145.3935730032218,1.3544526607245007,0,normal_agv.png,0.05436518007238815
2026-05-21 12:00:00,AGV-12,39.99115712748846,29.126094078769192,0.2240072160303336,24.933470600008416,11.096518337530462,13.724676487771081,170.99415601792936,1.2742974265782565,0,normal_agv.png,0.0496561436390037
2026-05-21 12:10:00,AGV-12,41.86108617637048,28.64995218364642,0.16493607734746898,24.730710968375806,10.199358349662454,13.027387801657992,167.43252105623048,1.2258761891408312,2,normal_agv.png,0.0403479853555383
2026-05-21 12:20:00,AGV-12,40.06726788194741,30.613272002687168,0.19947057162093407,25.27970752947787,9.806973327427196,12.882011287428751,157.8203161503927,1.2725372547080707,0,normal_agv.png,0.05513989779669502
2026-05-21 12:30:00,AGV-12,40.318393737033944,29.803718542071064,0.18979182170945308,25.030611074149956,10.079053711772845,13.080424984483315,158.20273635214198,1.2329088222055766,0,normal_agv.png,0.04512919132778488
2026-05-21 12:40:00,AGV-12,38.92153362782346,30.534866722430714,0.18114346271716272,24.887967339350723,10.629789050147492,13.744514472267827,152.90080867047936,1.1828659117303544,0,normal_agv.png,0.04536695802216384
2026-05-21 12:50:00,AGV-12,39.70336008339198,30.119234570821288,0.22944417195467143,24.9053160362096,11.255331039317278,13.384887865217296,170.27191560040413,1.33370832672745,1,normal_agv.png,0.05531574044662124
2026-05-21 13:00:00,AGV-12,40.87986999676085,28.924009809980085,0.17502850746637158,24.796547481156132,11.826599766380848,12.861956733309981,168.73974476031714,1.1349932388595785,0,normal_agv.png,0.07271823892980046
2026-05-21 13:10:00,AGV-12,40.43178293887368,30.124668255102772,0.17965546218256295,25.162631976281038,10.540910704447368,13.14068915832996,156.5454525238207,1.0626513981715704,1,normal_agv.png,0.06988307641606349
2026-05-21 13:20:00,AGV-12,40.94988633347466,30.062000081993123,0.19196934765784626,25.007312985845694,10.374434890738511,13.42317589428096,161.32684619133076,1.1519984334676832,0,normal_agv.png,0.05947162784347092
2026-05-21 13:30:00,AGV-12,41.74577435848303,30.740734222466653,0.21636383860611352,24.81010886999285,10.246023309813065,12.747435912116153,157.18536824950652,1.2065623943510493,2,normal_agv.png,0.05617378652374251
2026-05-21 13:40:00,AGV-12,41.33269737142601,29.442092526949587,0.21262305248142083,25.241085328226916,10.44548722200423,13.323023126864378,152.72534293766327,1.149070590324471,0,normal_agv.png,0.05777437372664252
2026-05-21 13:50:00,AGV-12,40.018950210603734,30.7131284511292,0.18667950705446443,25.216587435488325,11.015697999018908,14.32336890641997,165.11502999132293,1.1684727616815538,0,normal_agv.png,0.055245146483515306
2026-05-21 14:00:00,AGV-12,39.03352494440682,29.707965619785703,0.19608992796655728,24.747595601330584,11.23364402539032,13.580333614964319,149.5454549212009,1.1590200922254228,1,normal_agv.png,0.036799063369543326
2026-05-21 14:10:00,AGV-12,41.03974496265863,30.961654021662707,0.19875805374453534,24.57473327192033,11.09771222494535,14.505846251738586,156.07156109232793,1.1525921372842056,0,normal_agv.png,0.039780555328689716
2026-05-21 14:20:00,AGV-12,40.05921712906355,30.74894475249278,0.23743060710051286,24.681495467431645,10.908255623103216,13.777590049730073,162.3101541457624,1.419902593272805,2,normal_agv.png,0.036109959829226726
2026-05-21 14:30:00,AGV-12,40.09325319543741,28.585993463037997,0.1781883298169566,24.55424388713225,10.944731346343195,13.74187894293245,151.48885213165613,1.2969224169842564,2,normal_agv.png,0.02460673625710088
2026-05-21 14:40:00,AGV-12,40.931856644835946,29.976848796006294,0.17274891533860076,25.016900997509463,11.008467579012393,14.201568030641585,171.90361419752065,1.1712195986715495,1,normal_agv.png,0.010621130918750435
2026-05-21 14:50:00,AGV-12,41.353989192308845,30.528507284826354,0.21590782417585785,24.894575126461977,10.327054026183605,14.720516376012357,155.15980376803722,1.1630000677440024,1,normal_agv.png,0.028670967513385874
2026-05-21 15:00:00,AGV-12,40.41320229058198,30.238167289959456,0.22932891400625088,25.03677460020017,10.169560153839312,14.858138252280508,155.02692779775285,1.1542019980950726,0,normal_agv.png,0.03643838148809792
2026-05-21 15:10:00,AGV-12,39.930338573342596,29.520321441386695,0.19677938851148188,24.97498043960286,10.433066634193375,14.572799551653835,135.9525620347019,1.231257710073848,1,normal_agv.png,0.03423112214459319
2026-05-21 15:20:00,AGV-12,40.574484168978266,30.490027341010382,0.18734351322370593,24.804132577950753,11.070747609213177,14.178751181166891,166.33066547497228,1.3156574489713861,0,normal_agv.png,0.03691451770411513
2026-05-21 15:30:00,AGV-12,40.19491399458046,31.123729512774013,0.18985755712297905,25.09995282230838,11.048490772706192,14.696568196855832,152.9716718706456,1.204137430785055,1,normal_agv.png,0.03844577716451029
2026-05-21 15:40:00,AGV-12,41.098738863965806,30.995504501538058,0.18410346980550674,24.82016390422205,10.840593384147962,14.478760114575973,147.0096436373444,1.253014268614893,0,normal_agv.png,0.036476311110310404
2026-05-21 15:50:00,AGV-12,41.63535153518742,30.414123096227804,0.19997467422176027,25.098860913779713,10.680337597627377,14.689017467075912,163.79123633069239,1.298398196837156,0,normal_agv.png,0.03318813605471719
2026-05-21 16:00:00,AGV-12,41.01303674183134,30.84672618466503,0.19917297650903082,24.67972133183964,10.68267583348191,15.566244266341718,180.86625615341438,1.3131872109167408,0,normal_agv.png,0.022661830532865457
2026-05-21 16:10:00,AGV-12,40.59896306474008,30.92405901611553,0.2091244560515058,25.118436740542542,10.303549695913064,15.310295582896204,146.81598617526532,1.1165624773324987,0,normal_agv.png,0.026462988428875095
2026-05-21 16:20:00,AGV-12,41.21637554295228,30.932341599927653,0.21799688970531192,24.777351748621708,10.810917059215118,15.039472895952763,171.6509941306519,1.1590849976973967,0,normal_agv.png,0.023088652733599738
2026-05-21 16:30:00,AGV-12,42.52514129805536,30.924290384134213,0.21484627324563063,24.826376613106063,10.538942321165766,15.55365508761504,161.4411636277968,1.334527070073997,0,normal_agv.png,0.018615539551043597
2026-05-21 16:40:00,AGV-12,40.48945871719421,31.609625170967604,0.22071270549907232,24.674275805602456,10.875564193666614,15.077046093539684,166.16243809698543,1.398154330697873,0,normal_agv.png,0.01929642405136333
2026-05-21 16:50:00,AGV-12,40.315398493906386,29.28845492318264,0.2145132544627638,25.106048509392284,11.255073414173488,15.41329812920689,154.09559229796724,1.2069708868439846,0,normal_agv.png,0.0300949272493519
2026-05-21 17:00:00,AGV-12,41.068080152047,31.054358644464514,0.23150610612772593,24.82841868052616,11.640937296992336,15.624247698677106,156.628930274615,1.3224037953249304,0,normal_agv.png,0.044355052494807756
2026-05-21 17:10:00,AGV-12,40.367693495644346,29.838093095494113,0.18601926826351836,24.98105423204879,10.568957892819732,15.580314406518797,168.23546119841973,1.2215799149993536,0,normal_agv.png,0.03895512060949014
2026-05-21 17:20:00,AGV-12,42.662309890531155,31.351465757272443,0.23751249705123106,25.13691898841307,10.959927305105987,14.588656959989205,170.9730128895259,1.1072965546860316,0,normal_agv.png,0.03838385168854754
2026-05-21 17:30:00,AGV-12,41.03141625155942,29.952452870082407,0.20267488201205983,24.733972128580188,10.873291659692024,15.632944142467116,151.01509513227154,1.2789856569300542,0,normal_agv.png,0.033677035261596974
2026-05-21 17:40:00,AGV-12,42.755364377010416,30.419037895524283,0.2456289412767451,25.125488036548433,10.61244524780838,16.28650593053358,159.47445838079807,1.111110098686738,1,normal_agv.png,0.03704891049321817
2026-05-21 17:50:00,AGV-12,40.96435454831676,31.272026845147135,0.23507789069181267,24.681558506291115,10.571065364946614,15.634666298473437,161.5184754964157,1.2570129625701605,1,normal_agv.png,0.037899470970058594
2026-05-21 18:00:00,AGV-12,41.1443230483839,30.61497197742647,0.1803113031092824,24.98669505486297,10.67673782161432,15.787060628864433,132.93843000228395,0.977302702096152,0,normal_agv.png,0.015564383867922606
2026-05-21 18:10:00,AGV-12,42.45903524394486,31.63256792321523,0.2017588031951337,24.717769426120597,10.563086054219417,16.76732227776081,145.42726341800548,1.1553287650038158,2,normal_agv.png,0.01566017423432276
2026-05-21 18:20:00,AGV-12,42.159918318020225,30.535333220783663,0.21293744881295426,24.929144899595258,11.41673865487664,16.381743891164373,166.63218420740435,1.139521976694799,0,normal_agv.png,0.03056545433182415
2026-05-21 18:30:00,AGV-12,39.97643872460906,30.730260185495315,0.17979190389228472,25.172549379805307,10.7597242152765,16.764879063070726,167.33248472563002,1.0906829383170826,1,normal_agv.png,0.030359486079697014
2026-05-21 18:40:00,AGV-12,41.72724539493045,30.54254132410165,0.2281069818242432,24.953904755322505,11.003445147457342,16.097782946118482,160.78573220961127,1.2647697941701526,0,normal_agv.png,0.03036901905874527
2026-05-21 18:50:00,AGV-12,43.118390080971295,30.47584637163513,0.24836316820464396,24.645451861387084,11.666064145509637,16.709676637157383,177.89790699837377,1.2160838131425356,0,normal_agv.png,0.03997328286832367
2026-05-21 19:00:00,AGV-12,40.53821878077068,29.84826259481279,0.23858291222375477,24.617324914563632,11.266019502563987,16.934170230749547,166.68248123941353,1.2107152236744465,0,normal_agv.png,0.03733741742948717
2026-05-21 19:10:00,AGV-12,43.610244602977225,30.845186199430827,0.20608171726087815,24.93669323982305,10.392907556902655,16.900801008140043,156.7802300992582,1.145703669431071,0,normal_agv.png,0.041772377390807885
2026-05-21 19:20:00,AGV-12,42.813957668736904,30.64870890031888,0.2759222946955594,25.06585692159914,10.957043259993217,16.17962489665367,156.39433268210146,1.2913138739758687,1,normal_agv.png,0.0394367106132718
2026-05-21 19:30:00,AGV-12,42.406757008502936,30.911952346459532,0.21926776342087068,24.802964561867782,10.529970376621106,16.64146536977832,162.48738229728545,1.327067036578188,1,normal_agv.png,0.042761216762259
2026-05-21 19:40:00,AGV-12,40.60687356354974,31.926422316976502,0.2369477631589325,24.805896285430048,10.343949219723065,15.804108812735691,148.44503957871237,1.3327145003983596,0,normal_agv.png,0.0490297598917361
2026-05-21 19:50:00,AGV-12,42.98504636982962,30.969403998366676,0.25125419923479897,24.974261641178437,10.81590211217427,17.35832117419971,163.2267063074201,1.1933455471916472,5,normal_agv.png,0.03358964637121854
2026-05-21 20:00:00,AGV-12,41.70333126332553,30.30199951725002,0.21870381492877738,24.841036978147237,10.399232302630356,16.907585225735442,158.13890485244036,1.0930622332682702,0,normal_agv.png,0.024054883688786884
